{"alignmentTransform":[-0.9591071605682373,0.0,0.28304311633110046,0.0,0.0,1.0,0.0,0.0,-0.28304311633110046,0.0,-0.9591071605682373,0.0,5.064260005950928,0.0,4.460494041442871,1.0],"bboxCenter":[0.15297293663024902,-0.30887484550476074,0.04700660705566406],"bboxSize":[12.10024642944336,3.3127989768981934,14.570955276489258],"faceCount":318186,"horizontalUpArea":78.87418365478516,"totalArea":490.34765625,"vertexCount":52999,"xMinusArea":4.956728458404541,"xPlusArea":6.183696746826172,"yAlignmentRotation":-2.8546271324157715,"yMinusArea":104.49375915527344,"zMinusArea":4.239123821258545,"zPlusArea":4.930463790893555}