{
  "t_02" : -0.035582520067691803,
  "t_13" : 0.0095350295305252075,
  "cy" : 382.48440551757812,
  "fy" : 713.9398193359375,
  "t_22" : 0.98241430521011353,
  "t_11" : -0.025241177529096603,
  "t_00" : -0.019027141854166985,
  "t_20" : -0.18404097855091095,
  "angular_velocity" : 3.4028234663852886e+38,
  "t_03" : 0.0084796454757452011,
  "center_depth" : 2.2020726203918457,
  "t_23" : 0.004868668969720602,
  "t_12" : -0.18329209089279175,
  "t_01" : 0.99918550252914429,
  "timestamp" : 6200462090,
  "blur_score" : 44.151576995849609,
  "t_21" : 0.031480640172958374,
  "t_10" : -0.98273438215255737,
  "width" : 1024,
  "height" : 768,
  "manual_keyframe" : true,
  "cx" : 516.82635498046875,
  "fx" : 713.9398193359375
}