{
  "t_02" : -0.074185945093631744,
  "t_13" : 0.31132858991622925,
  "cy" : 382.58145141601562,
  "fy" : 713.58563232421875,
  "t_22" : 0.91974586248397827,
  "t_11" : 0.10171032696962357,
  "t_00" : 0.14067023992538452,
  "t_20" : -0.3729889988899231,
  "angular_velocity" : 3.4028234663852886e+38,
  "t_03" : 0.18270562589168549,
  "t_23" : 0.0019941907376050949,
  "t_12" : -0.38543981313705444,
  "t_01" : 0.98727309703826904,
  "timestamp" : 6203495690,
  "blur_score" : 56.228446960449219,
  "t_21" : 0.12225659936666489,
  "t_10" : -0.9171101450920105,
  "width" : 1024,
  "height" : 768,
  "manual_keyframe" : true,
  "cx" : 516.37890625,
  "fx" : 713.58563232421875
}