{
  "t_02" : -0.13277146220207214,
  "t_13" : 0.27683508396148682,
  "cy" : 382.80703735351562,
  "fy" : 712.96307373046875,
  "t_22" : 0.95048201084136963,
  "t_11" : 0.14634229242801666,
  "t_00" : 0.18943877518177032,
  "t_20" : -0.25393867492675781,
  "angular_velocity" : 3.4028234663852886e+38,
  "t_03" : 0.23347620666027069,
  "center_depth" : 2.4839870929718018,
  "t_23" : 0.014030152931809425,
  "t_12" : -0.28099071979522705,
  "t_01" : 0.97287440299987793,
  "timestamp" : 6204062407,
  "blur_score" : 87.711288452148438,
  "t_21" : 0.17916257679462433,
  "t_10" : -0.94848728179931641,
  "width" : 1024,
  "height" : 768,
  "manual_keyframe" : true,
  "cx" : 516.47088623046875,
  "fx" : 712.96307373046875
}