{
  "t_02" : -0.15953123569488525,
  "t_13" : 0.23393113911151886,
  "cy" : 382.88629150390625,
  "fy" : 712.68988037109375,
  "t_22" : 0.95226210355758667,
  "t_11" : 0.14975784718990326,
  "t_00" : 0.19545702636241913,
  "t_20" : -0.22797061502933502,
  "angular_velocity" : 3.4028234663852886e+38,
  "t_03" : 0.23467354476451874,
  "center_depth" : 2.4809315204620361,
  "t_23" : 0.0095342500135302544,
  "t_12" : -0.2602817714214325,
  "t_01" : 0.96764987707138062,
  "timestamp" : 6204295761,
  "blur_score" : 96.510139465332031,
  "t_21" : 0.20304246246814728,
  "t_10" : -0.95384794473648071,
  "width" : 1024,
  "height" : 768,
  "manual_keyframe" : true,
  "cx" : 516.50927734375,
  "fx" : 712.68988037109375
}