{
  "t_02" : -0.16394317150115967,
  "t_13" : 0.20143687725067139,
  "cy" : 382.86016845703125,
  "fy" : 712.67401123046875,
  "t_22" : 0.95433938503265381,
  "t_11" : 0.15113537013530731,
  "t_00" : 0.19558769464492798,
  "t_20" : -0.21667064726352692,
  "angular_velocity" : 3.4028234663852886e+38,
  "t_03" : 0.22683264315128326,
  "center_depth" : 2.4631247520446777,
  "t_23" : 0.0056444881483912468,
  "t_12" : -0.24971744418144226,
  "t_01" : 0.96688574552536011,
  "timestamp" : 6204429106,
  "blur_score" : 120.0654296875,
  "t_21" : 0.20564533770084381,
  "t_10" : -0.95645129680633545,
  "width" : 1024,
  "height" : 768,
  "manual_keyframe" : true,
  "cx" : 516.51165771484375,
  "fx" : 712.67401123046875
}