{
  "t_02" : -0.038826141506433487,
  "t_13" : -0.17210155725479126,
  "cy" : 382.94256591796875,
  "fy" : 713.00439453125,
  "t_22" : 0.98554694652557373,
  "t_11" : -0.0066938456147909164,
  "t_00" : -0.013272329233586788,
  "t_20" : 0.16449379920959473,
  "angular_velocity" : 3.4028234663852886e+38,
  "t_03" : 0.098095253109931946,
  "center_depth" : 1.9788632392883301,
  "t_23" : -0.1822856217622757,
  "t_12" : 0.1648925393819809,
  "t_01" : 0.99915772676467896,
  "timestamp" : 6205462530,
  "blur_score" : 86.40679931640625,
  "t_21" : 0.0404822938144207,
  "t_10" : -0.98628884553909302,
  "width" : 1024,
  "height" : 768,
  "manual_keyframe" : true,
  "cx" : 516.73211669921875,
  "fx" : 713.00439453125
}