{
  "t_02" : -0.050167948007583618,
  "t_13" : -0.10322747379541397,
  "cy" : 383.0294189453125,
  "fy" : 712.99005126953125,
  "t_22" : 0.99493062496185303,
  "t_11" : 0.032009940594434738,
  "t_00" : 0.027704589068889618,
  "t_20" : 0.088618367910385132,
  "angular_velocity" : 3.4028234663852886e+38,
  "t_03" : 0.12121011316776276,
  "center_depth" : 1.9694465398788452,
  "t_23" : -0.15926526486873627,
  "t_12" : 0.087155736982822418,
  "t_01" : 0.99835646152496338,
  "timestamp" : 6205295848,
  "blur_score" : 72.993301391601562,
  "t_21" : 0.04753662645816803,
  "t_10" : -0.99568027257919312,
  "width" : 1024,
  "height" : 768,
  "manual_keyframe" : true,
  "cx" : 516.58990478515625,
  "fx" : 712.99005126953125
}