{
  "t_02" : -0.14471009373664856,
  "t_13" : -0.44405877590179443,
  "cy" : 382.3740234375,
  "fy" : 713.58721923828125,
  "t_22" : 0.7826087474822998,
  "t_11" : -0.03705645352602005,
  "t_00" : -0.15575306117534637,
  "t_20" : 0.58625662326812744,
  "angular_velocity" : 3.4028234663852886e+38,
  "t_03" : -0.05357091873884201,
  "center_depth" : 1.7357184886932373,
  "t_23" : -0.23380795121192932,
  "t_12" : 0.60546058416366577,
  "t_01" : 0.9771386981010437,
  "timestamp" : 6206329272,
  "blur_score" : 114.379150390625,
  "t_21" : 0.20934860408306122,
  "t_10" : -0.79501205682754517,
  "width" : 1024,
  "height" : 768,
  "manual_keyframe" : true,
  "cx" : 516.60308837890625,
  "fx" : 713.58721923828125
}