{
  "t_02" : -0.17411376535892487,
  "t_13" : -0.48506483435630798,
  "cy" : 382.35760498046875,
  "fy" : 713.9287109375,
  "t_22" : 0.73000973463058472,
  "t_11" : -0.0057129827328026295,
  "t_00" : -0.16072659194469452,
  "t_20" : 0.64106923341751099,
  "angular_velocity" : 3.4028234663852886e+38,
  "t_03" : -0.11655194312334061,
  "center_depth" : 1.6740303039550781,
  "t_23" : -0.22555401921272278,
  "t_12" : 0.66088587045669556,
  "t_01" : 0.97152012586593628,
  "timestamp" : 6206629299,
  "blur_score" : 163.97305297851562,
  "t_21" : 0.23688817024230957,
  "t_10" : -0.75046461820602417,
  "width" : 1024,
  "height" : 768,
  "manual_keyframe" : true,
  "cx" : 516.27923583984375,
  "fx" : 713.9287109375
}