{
  "t_02" : -0.1589004248380661,
  "t_13" : -0.46720200777053833,
  "cy" : 382.33657836914062,
  "fy" : 713.92236328125,
  "t_22" : 0.75244563817977905,
  "t_11" : -0.024662097916007042,
  "t_00" : -0.1633811891078949,
  "t_20" : 0.61845868825912476,
  "angular_velocity" : 3.4028234663852886e+38,
  "t_03" : -0.083559550344944,
  "center_depth" : 1.754030704498291,
  "t_23" : -0.23092897236347198,
  "t_12" : 0.63919967412948608,
  "t_01" : 0.97368234395980835,
  "timestamp" : 6206462618,
  "blur_score" : 114.95893096923828,
  "t_21" : 0.22657126188278198,
  "t_10" : -0.76864522695541382,
  "width" : 1024,
  "height" : 768,
  "manual_keyframe" : true,
  "cx" : 516.450439453125,
  "fx" : 713.92236328125
}