{
  "t_02" : -0.23187476396560669,
  "t_13" : -0.32228583097457886,
  "cy" : 382.92437744140625,
  "fy" : 713.89691162109375,
  "t_22" : 0.89003312587738037,
  "t_11" : 0.067548185586929321,
  "t_00" : -0.027621101588010788,
  "t_20" : 0.39733466506004333,
  "angular_velocity" : 3.4028234663852886e+38,
  "t_03" : -0.16269959509372711,
  "t_23" : -0.14330457150936127,
  "t_12" : 0.39252388477325439,
  "t_01" : 0.97235333919525146,
  "timestamp" : 6207862740,
  "blur_score" : 62.517459869384766,
  "t_21" : 0.22353090345859528,
  "t_10" : -0.91725790500640869,
  "width" : 1024,
  "height" : 768,
  "manual_keyframe" : true,
  "cx" : 515.99725341796875,
  "fx" : 713.89691162109375
}