{
  "t_02" : -0.15101340413093567,
  "t_13" : -0.18873502314090729,
  "cy" : 382.85653686523438,
  "fy" : 712.7216796875,
  "t_22" : 0.98665893077850342,
  "t_11" : 0.071774855256080627,
  "t_00" : 0.061902254819869995,
  "t_20" : 0.070844374597072601,
  "angular_velocity" : 3.4028234663852886e+38,
  "t_03" : -0.11332070082426071,
  "t_23" : -0.082036592066287994,
  "t_12" : 0.060820914804935455,
  "t_01" : 0.986591637134552,
  "timestamp" : 6208296112,
  "blur_score" : 52.746646881103516,
  "t_21" : 0.14657866954803467,
  "t_10" : -0.99556475877761841,
  "width" : 1024,
  "height" : 768,
  "manual_keyframe" : true,
  "cx" : 516.405029296875,
  "fx" : 712.7216796875
}