{
  "t_02" : 0.039851333945989609,
  "t_13" : -0.066644847393035889,
  "cy" : 382.59176635742188,
  "fy" : 713.60784912109375,
  "t_22" : 0.94365429878234863,
  "t_11" : 0.06552550196647644,
  "t_00" : 0.05548631027340889,
  "t_20" : -0.33036822080612183,
  "angular_velocity" : 3.4028234663852886e+38,
  "t_03" : -0.033285826444625854,
  "center_depth" : 1.8554677963256836,
  "t_23" : -0.028573852032423019,
  "t_12" : -0.3285243809223175,
  "t_01" : 0.99766373634338379,
  "timestamp" : 6209096182,
  "blur_score" : 35.872699737548828,
  "t_21" : -0.019320109859108925,
  "t_10" : -0.94221973419189453,
  "width" : 1024,
  "height" : 768,
  "manual_keyframe" : true,
  "cx" : 516.677734375,
  "fx" : 713.60784912109375
}