{
  "t_02" : 0.27614644169807434,
  "t_13" : 0.0063519277609884739,
  "cy" : 382.65383911132812,
  "fy" : 713.30133056640625,
  "t_22" : 0.86331439018249512,
  "t_11" : 0.035247683525085449,
  "t_00" : -0.091556362807750702,
  "t_20" : -0.41387319564819336,
  "angular_velocity" : 3.4028234663852886e+38,
  "t_03" : -0.033647075295448303,
  "t_23" : -0.021096622571349144,
  "t_12" : -0.42241108417510986,
  "t_01" : 0.95674467086791992,
  "timestamp" : 6210229614,
  "blur_score" : 10.688118934631348,
  "t_21" : -0.2887854278087616,
  "t_10" : -0.90571868419647217,
  "width" : 1024,
  "height" : 768,
  "manual_keyframe" : true,
  "cx" : 516.553466796875,
  "fx" : 713.30133056640625
}