{
  "t_02" : 0.50026190280914307,
  "t_13" : 0.046920094639062881,
  "cy" : 382.63949584960938,
  "fy" : 714.184326171875,
  "t_22" : 0.65608566999435425,
  "t_11" : 0.036192409694194794,
  "t_00" : -0.30740377306938171,
  "t_20" : -0.47550222277641296,
  "angular_velocity" : 3.4028234663852886e+38,
  "t_03" : -0.18825778365135193,
  "center_depth" : 1.1483569145202637,
  "t_23" : 0.23891507089138031,
  "t_12" : -0.56505709886550903,
  "t_01" : 0.80946952104568481,
  "timestamp" : 6211296375,
  "blur_score" : 11.858404159545898,
  "t_21" : -0.58604538440704346,
  "t_10" : -0.82425761222839355,
  "width" : 1024,
  "height" : 768,
  "manual_keyframe" : true,
  "cx" : 516.1678466796875,
  "fx" : 714.184326171875
}