{
  "t_02" : 0.68853622674942017,
  "t_13" : 0.059792935848236084,
  "cy" : 382.71859741210938,
  "fy" : 714.705322265625,
  "t_22" : 0.38474971055984497,
  "t_11" : 0.063706405460834503,
  "t_00" : -0.49547326564788818,
  "t_20" : -0.36939170956611633,
  "angular_velocity" : 3.4028234663852886e+38,
  "t_03" : -0.24631254374980927,
  "t_23" : 0.31535211205482483,
  "t_12" : -0.61472374200820923,
  "t_01" : 0.52955085039138794,
  "timestamp" : 6211963100,
  "blur_score" : 3.6132047176361084,
  "t_21" : -0.8458825945854187,
  "t_10" : -0.78616541624069214,
  "width" : 1024,
  "height" : 768,
  "manual_keyframe" : true,
  "cx" : 515.93426513671875,
  "fx" : 714.705322265625
}