{
  "t_02" : 0.77315652370452881,
  "t_13" : 0.053673192858695984,
  "cy" : 382.671875,
  "fy" : 714.80059814453125,
  "t_22" : -0.25035837292671204,
  "t_11" : 0.120187908411026,
  "t_00" : -0.59383296966552734,
  "t_20" : 0.036840073764324188,
  "angular_velocity" : 3.4028234663852886e+38,
  "t_03" : -0.30676651000976562,
  "center_depth" : 1.0521173477172852,
  "t_23" : 0.40150648355484009,
  "t_12" : -0.58270877599716187,
  "t_01" : -0.22269120812416077,
  "timestamp" : 6212796507,
  "blur_score" : 3.7998421192169189,
  "t_21" : -0.96745204925537109,
  "t_10" : -0.80374455451965332,
  "width" : 1024,
  "height" : 768,
  "manual_keyframe" : true,
  "cx" : 515.87359619140625,
  "fx" : 714.80059814453125
}