{
  "t_02" : 0.79099494218826294,
  "t_13" : 0.058751672506332397,
  "cy" : 382.68280029296875,
  "fy" : 714.99920654296875,
  "t_22" : 0.094847515225410461,
  "t_11" : 0.087484858930110931,
  "t_00" : -0.58342361450195312,
  "t_20" : -0.18055886030197144,
  "angular_velocity" : 3.4028234663852886e+38,
  "t_03" : -0.26809990406036377,
  "center_depth" : 0.90789586305618286,
  "t_23" : 0.34485161304473877,
  "t_12" : -0.60442602634429932,
  "t_01" : 0.18423882126808167,
  "timestamp" : 6212363135,
  "blur_score" : 3.9095726013183594,
  "t_21" : -0.97898036241531372,
  "t_10" : -0.79184305667877197,
  "width" : 1024,
  "height" : 768,
  "manual_keyframe" : true,
  "cx" : 515.83892822265625,
  "fx" : 714.99920654296875
}