{
  "t_02" : 0.66336166858673096,
  "t_13" : 0.053481772541999817,
  "cy" : 382.88461303710938,
  "fy" : 714.20977783203125,
  "t_22" : -0.51812368631362915,
  "t_11" : 0.092279911041259766,
  "t_00" : -0.49041840434074402,
  "t_20" : 0.2439354807138443,
  "angular_velocity" : 3.4028234663852886e+38,
  "t_03" : -0.36648744344711304,
  "center_depth" : 1.4411630630493164,
  "t_23" : 0.45290663838386536,
  "t_12" : -0.53990650177001953,
  "t_01" : -0.56519114971160889,
  "timestamp" : 6213363223,
  "blur_score" : 15.049938201904297,
  "t_21" : -0.81978249549865723,
  "t_10" : -0.8366512656211853,
  "width" : 1024,
  "height" : 768,
  "manual_keyframe" : true,
  "cx" : 515.9822998046875,
  "fx" : 714.20977783203125
}