{
  "t_02" : 0.51328545808792114,
  "t_13" : 0.044031962752342224,
  "cy" : 382.7802734375,
  "fy" : 712.98687744140625,
  "t_22" : -0.74292027950286865,
  "t_11" : 0.07318878173828125,
  "t_00" : -0.31011092662811279,
  "t_20" : 0.30626019835472107,
  "angular_velocity" : 3.4028234663852886e+38,
  "t_03" : -0.36559227108955383,
  "center_depth" : 2.4323794841766357,
  "t_23" : 0.58914589881896973,
  "t_12" : -0.42965972423553467,
  "t_01" : -0.80023074150085449,
  "timestamp" : 6214263302,
  "blur_score" : 23.273571014404297,
  "t_21" : -0.59520936012268066,
  "t_10" : -0.90001994371414185,
  "width" : 1024,
  "height" : 768,
  "manual_keyframe" : true,
  "cx" : 516.15350341796875,
  "fx" : 712.98687744140625
}