{
  "t_02" : 0.6167372465133667,
  "t_13" : -0.20605862140655518,
  "cy" : 382.63681030273438,
  "fy" : 712.20233154296875,
  "t_22" : -0.78597044944763184,
  "t_11" : -0.08743894100189209,
  "t_00" : 0.042152136564254761,
  "t_20" : 0.088057935237884521,
  "angular_velocity" : 3.4028234663852886e+38,
  "t_03" : -0.46497192978858948,
  "t_23" : 0.52279889583587646,
  "t_12" : -0.043421551585197449,
  "t_01" : -0.78603953123092651,
  "timestamp" : 6215996787,
  "blur_score" : 14.100254058837891,
  "t_21" : -0.61196082830429077,
  "t_10" : -0.99522304534912109,
  "width" : 1024,
  "height" : 768,
  "manual_keyframe" : true,
  "cx" : 516.56805419921875,
  "fx" : 712.20233154296875
}