{
  "t_02" : 0.84764939546585083,
  "t_13" : -0.45983231067657471,
  "cy" : 381.85989379882812,
  "fy" : 721.21856689453125,
  "t_22" : 0.012910520657896996,
  "t_11" : -0.090966381132602692,
  "t_00" : 0.5256417989730835,
  "t_20" : 0.11532206833362579,
  "angular_velocity" : 3.4028234663852886e+38,
  "t_03" : -0.48485693335533142,
  "t_23" : 0.18019095063209534,
  "t_12" : 0.5303993821144104,
  "t_01" : 0.07204844057559967,
  "timestamp" : 6216963539,
  "blur_score" : 4.087709903717041,
  "t_21" : -0.99324417114257812,
  "t_10" : -0.84285306930541992,
  "width" : 1024,
  "height" : 768,
  "manual_keyframe" : true,
  "cx" : 516.57177734375,
  "fx" : 721.21856689453125
}