{
  "t_02" : 0.75923669338226318,
  "t_13" : -0.32158434391021729,
  "cy" : 382.46426391601562,
  "fy" : 714.1922607421875,
  "t_22" : -0.60614055395126343,
  "t_11" : -0.14457429945468903,
  "t_00" : 0.27597203850746155,
  "t_20" : -0.029903160408139229,
  "angular_velocity" : 3.4028234663852886e+38,
  "t_03" : -0.5137137770652771,
  "t_23" : 0.38739922642707825,
  "t_12" : 0.2369663268327713,
  "t_01" : -0.58940553665161133,
  "timestamp" : 6216363486,
  "blur_score" : 8.5798730850219727,
  "t_21" : -0.79479509592056274,
  "t_10" : -0.96070027351379395,
  "width" : 1024,
  "height" : 768,
  "manual_keyframe" : true,
  "cx" : 516.756103515625,
  "fx" : 714.1922607421875
}