{
  "t_02" : 0.8655083179473877,
  "t_13" : -0.41223549842834473,
  "cy" : 382.04913330078125,
  "fy" : 718.91571044921875,
  "t_22" : -0.24906522035598755,
  "t_11" : -0.13341429829597473,
  "t_00" : 0.45399209856987,
  "t_20" : 0.023501411080360413,
  "angular_velocity" : 3.4028234663852886e+38,
  "t_03" : -0.51830261945724487,
  "center_depth" : 0.62369734048843384,
  "t_23" : 0.25579303503036499,
  "t_12" : 0.43458226323127747,
  "t_01" : -0.21162803471088409,
  "timestamp" : 6216730185,
  "blur_score" : 5.2706542015075684,
  "t_21" : -0.96820145845413208,
  "t_10" : -0.89069569110870361,
  "width" : 1024,
  "height" : 768,
  "manual_keyframe" : true,
  "cx" : 516.7586669921875,
  "fx" : 718.91571044921875
}