{
  "t_02" : 0.22417490184307098,
  "t_13" : -0.44156306982040405,
  "cy" : 382.29281616210938,
  "fy" : 716.760498046875,
  "t_22" : 0.72214215993881226,
  "t_11" : -0.0011819419451057911,
  "t_00" : 0.19252321124076843,
  "t_20" : 0.6254538893699646,
  "angular_velocity" : 3.4028234663852886e+38,
  "t_03" : -0.18349567055702209,
  "center_depth" : 1.7104008197784424,
  "t_23" : 0.024591922760009766,
  "t_12" : 0.65441286563873291,
  "t_01" : 0.95534306764602661,
  "timestamp" : 6217896954,
  "blur_score" : 41.920066833496094,
  "t_21" : -0.29549652338027954,
  "t_10" : -0.75613647699356079,
  "width" : 1024,
  "height" : 768,
  "manual_keyframe" : true,
  "cx" : 515.7044677734375,
  "fx" : 716.760498046875
}