{
  "t_02" : 0.74508017301559448,
  "t_13" : -0.49395871162414551,
  "cy" : 381.9814453125,
  "fy" : 722.51300048828125,
  "t_22" : 0.25107002258300781,
  "t_11" : -0.073285490274429321,
  "t_00" : 0.55325025320053101,
  "t_20" : 0.28478825092315674,
  "angular_velocity" : 3.4028234663852886e+38,
  "t_03" : -0.42370632290840149,
  "center_depth" : 0.65746378898620605,
  "t_23" : 0.087472215294837952,
  "t_12" : 0.61791527271270752,
  "t_01" : 0.37251809239387512,
  "timestamp" : 6217196893,
  "blur_score" : 9.8223390579223633,
  "t_21" : -0.92512685060501099,
  "t_10" : -0.78282177448272705,
  "width" : 1024,
  "height" : 768,
  "manual_keyframe" : true,
  "cx" : 516.37506103515625,
  "fx" : 722.51300048828125
}