{
  "t_02" : 0.55456441640853882,
  "t_13" : -0.48570209741592407,
  "cy" : 382.20440673828125,
  "fy" : 721.65216064453125,
  "t_22" : 0.49407815933227539,
  "t_11" : -0.04141823947429657,
  "t_00" : 0.46207427978515625,
  "t_20" : 0.48636192083358765,
  "angular_velocity" : 3.4028234663852886e+38,
  "t_03" : -0.32184800505638123,
  "center_depth" : 0.87143892049789429,
  "t_23" : 0.012242591008543968,
  "t_12" : 0.66958564519882202,
  "t_01" : 0.6920589804649353,
  "timestamp" : 6217463583,
  "blur_score" : 12.198055267333984,
  "t_21" : -0.72065174579620361,
  "t_10" : -0.74157905578613281,
  "width" : 1024,
  "height" : 768,
  "manual_keyframe" : true,
  "cx" : 516.06927490234375,
  "fx" : 721.65216064453125
}