{
  "t_02" : -0.1952672153711319,
  "t_13" : -0.26659494638442993,
  "cy" : 382.70443725585938,
  "fy" : 713.026611328125,
  "t_22" : 0.94503694772720337,
  "t_11" : 0.048573300242424011,
  "t_00" : -0.0037054577842354774,
  "t_20" : 0.26668632030487061,
  "angular_velocity" : 3.4028234663852886e+38,
  "t_03" : -0.091750763356685638,
  "t_23" : 0.079331845045089722,
  "t_12" : 0.26225170493125916,
  "t_01" : 0.98074311017990112,
  "timestamp" : 6218763697,
  "blur_score" : 69.30841064453125,
  "t_21" : 0.18916568160057068,
  "t_10" : -0.96377629041671753,
  "width" : 1024,
  "height" : 768,
  "manual_keyframe" : true,
  "cx" : 516.1724853515625,
  "fx" : 713.026611328125
}