{
  "t_02" : -0.0071681668050587177,
  "t_13" : -0.3671954870223999,
  "cy" : 382.359130859375,
  "fy" : 713.67620849609375,
  "t_22" : 0.83105188608169556,
  "t_11" : 0.056250497698783875,
  "t_00" : 0.062895037233829498,
  "t_20" : 0.55543637275695801,
  "angular_velocity" : 3.4028234663852886e+38,
  "t_03" : -0.13107176125049591,
  "t_23" : 0.048335712403059006,
  "t_12" : 0.55614840984344482,
  "t_01" : 0.99799430370330811,
  "timestamp" : 6218263653,
  "blur_score" : 86.957771301269531,
  "t_21" : -0.029035301879048347,
  "t_10" : -0.82917702198028564,
  "width" : 1024,
  "height" : 768,
  "manual_keyframe" : true,
  "cx" : 515.7935791015625,
  "fx" : 713.67620849609375
}