{
  "t_02" : -0.44012099504470825,
  "t_13" : -0.16627195477485657,
  "cy" : 382.58673095703125,
  "fy" : 712.348388671875,
  "t_22" : 0.89164161682128906,
  "t_11" : 0.017102835699915886,
  "t_00" : 0.062402639538049698,
  "t_20" : -0.08756217360496521,
  "angular_velocity" : 3.4028234663852886e+38,
  "t_03" : -0.11859602481126785,
  "center_depth" : 2.6994597911834717,
  "t_23" : 0.23471722006797791,
  "t_12" : -0.10615420341491699,
  "t_01" : 0.89576739072799683,
  "timestamp" : 6219563767,
  "blur_score" : 115.01654052734375,
  "t_21" : 0.44419375061988831,
  "t_10" : -0.99420255422592163,
  "width" : 1024,
  "height" : 768,
  "manual_keyframe" : true,
  "cx" : 516.7457275390625,
  "fx" : 712.348388671875
}