{
  "t_02" : -0.48253029584884644,
  "t_13" : -0.15527936816215515,
  "cy" : 382.54638671875,
  "fy" : 712.09747314453125,
  "t_22" : 0.86705970764160156,
  "t_11" : 0.014142494648694992,
  "t_00" : 0.072738759219646454,
  "t_20" : -0.101395383477211,
  "angular_velocity" : 3.4028234663852886e+38,
  "t_03" : -0.13753435015678406,
  "center_depth" : 2.7827527523040771,
  "t_23" : 0.28275513648986816,
  "t_12" : -0.12398361414670944,
  "t_01" : 0.87285369634628296,
  "timestamp" : 6219730449,
  "blur_score" : 132.93394470214844,
  "t_21" : 0.4877769947052002,
  "t_10" : -0.99218350648880005,
  "width" : 1024,
  "height" : 768,
  "manual_keyframe" : true,
  "cx" : 516.7493896484375,
  "fx" : 712.09747314453125
}