{
  "t_02" : -0.54595416784286499,
  "t_13" : -0.14868810772895813,
  "cy" : 382.55670166015625,
  "fy" : 712.08154296875,
  "t_22" : 0.82957810163497925,
  "t_11" : 0.02553454227745533,
  "t_00" : 0.085882633924484253,
  "t_20" : -0.083728283643722534,
  "angular_velocity" : 3.4028234663852886e+38,
  "t_03" : -0.14056023955345154,
  "center_depth" : 2.8526906967163086,
  "t_23" : 0.30393886566162109,
  "t_12" : -0.11719316244125366,
  "t_01" : 0.83340156078338623,
  "timestamp" : 6220063811,
  "blur_score" : 240.55645751953125,
  "t_21" : 0.55207765102386475,
  "t_10" : -0.99278086423873901,
  "width" : 1024,
  "height" : 768,
  "manual_keyframe" : true,
  "cx" : 516.73553466796875,
  "fx" : 712.08154296875
}