{
  "t_02" : -0.56468522548675537,
  "t_13" : -0.04949650913476944,
  "cy" : 382.50643920898438,
  "fy" : 712.10546875,
  "t_22" : 0.81374126672744751,
  "t_11" : -0.012764432467520237,
  "t_00" : 0.067898586392402649,
  "t_20" : -0.1204499676823616,
  "angular_velocity" : 3.4028234663852886e+38,
  "t_03" : -0.16746218502521515,
  "center_depth" : 2.5524184703826904,
  "t_23" : -0.034971263259649277,
  "t_12" : -0.13767889142036438,
  "t_01" : 0.82250839471817017,
  "timestamp" : 6221297253,
  "blur_score" : 156.34733581542969,
  "t_21" : 0.56860941648483276,
  "t_10" : -0.99039459228515625,
  "width" : 1024,
  "height" : 768,
  "manual_keyframe" : true,
  "cx" : 516.7867431640625,
  "fx" : 712.10546875
}