{
  "t_02" : -0.52009755373001099,
  "t_13" : 0.0032566450536251068,
  "cy" : 382.5145263671875,
  "fy" : 712.4468994140625,
  "t_22" : 0.81750458478927612,
  "t_11" : -0.046693507581949234,
  "t_00" : 0.091960914433002472,
  "t_20" : -0.23432525992393494,
  "angular_velocity" : 3.4028234663852886e+38,
  "t_03" : -0.12201724946498871,
  "t_23" : -0.37173274159431458,
  "t_12" : -0.24735569953918457,
  "t_01" : 0.84914171695709229,
  "timestamp" : 6222464022,
  "blur_score" : 223.14161682128906,
  "t_21" : 0.52609694004058838,
  "t_10" : -0.96779900789260864,
  "width" : 1024,
  "height" : 768,
  "manual_keyframe" : true,
  "cx" : 516.69677734375,
  "fx" : 712.4468994140625
}