{
  "t_02" : -0.87753629684448242,
  "t_13" : -0.016790991649031639,
  "cy" : 382.40887451171875,
  "fy" : 712.44537353515625,
  "t_22" : 0.45452001690864563,
  "t_11" : -0.030434099957346916,
  "t_00" : 0.12143371999263763,
  "t_20" : -0.097577899694442749,
  "angular_velocity" : 3.4028234663852886e+38,
  "t_03" : 0.0958700031042099,
  "t_23" : -0.51478755474090576,
  "t_12" : -0.15277877449989319,
  "t_01" : 0.46387884020805359,
  "timestamp" : 6223564118,
  "blur_score" : 86.170310974121094,
  "t_21" : 0.88537555932998657,
  "t_10" : -0.98779159784317017,
  "width" : 1024,
  "height" : 768,
  "manual_keyframe" : true,
  "cx" : 516.7955322265625,
  "fx" : 712.44537353515625
}