{
  "t_02" : -0.71322363615036011,
  "t_13" : -0.012069253250956535,
  "cy" : 382.43463134765625,
  "fy" : 712.712158203125,
  "t_22" : 0.68209421634674072,
  "t_11" : -0.05220755934715271,
  "t_00" : 0.079938866198062897,
  "t_20" : -0.14964927732944489,
  "angular_velocity" : 3.4028234663852886e+38,
  "t_03" : -0.033952996134757996,
  "t_23" : -0.47460034489631653,
  "t_12" : -0.16142953932285309,
  "t_01" : 0.69636332988739014,
  "timestamp" : 6223097411,
  "blur_score" : 143.59225463867188,
  "t_21" : 0.71578806638717651,
  "t_10" : -0.98550236225128174,
  "width" : 1024,
  "height" : 768,
  "manual_keyframe" : true,
  "cx" : 516.7264404296875,
  "fx" : 712.712158203125
}