{
  "t_02" : -0.90531808137893677,
  "t_13" : 0.036725401878356934,
  "cy" : 382.31988525390625,
  "fy" : 711.501953125,
  "t_22" : 0.39630439877510071,
  "t_11" : -0.036507792770862579,
  "t_00" : 0.12504848837852478,
  "t_20" : -0.095066085457801819,
  "angular_velocity" : 3.4028234663852886e+38,
  "t_03" : 0.42569789290428162,
  "center_depth" : 2.9385843276977539,
  "t_23" : -0.75691902637481689,
  "t_12" : -0.15278042852878571,
  "t_01" : 0.4059087336063385,
  "timestamp" : 6224564206,
  "blur_score" : 116.96916961669922,
  "t_21" : 0.91318410634994507,
  "t_10" : -0.98758554458618164,
  "width" : 1024,
  "height" : 768,
  "manual_keyframe" : true,
  "cx" : 516.81488037109375,
  "fx" : 711.501953125
}