{
  "t_02" : -0.90008842945098877,
  "t_13" : 0.022531503811478615,
  "cy" : 382.32882690429688,
  "fy" : 711.50347900390625,
  "t_22" : 0.40850570797920227,
  "t_11" : -0.035025835037231445,
  "t_00" : 0.12325988709926605,
  "t_20" : -0.094855360686779022,
  "angular_velocity" : 3.4028234663852886e+38,
  "t_03" : 0.38375720381736755,
  "t_23" : -0.70689326524734497,
  "t_12" : -0.15153788030147552,
  "t_01" : 0.41790863871574402,
  "timestamp" : 6224397525,
  "blur_score" : 115.90529632568359,
  "t_21" : 0.90781348943710327,
  "t_10" : -0.98783057928085327,
  "width" : 1024,
  "height" : 768,
  "manual_keyframe" : true,
  "cx" : 516.82080078125,
  "fx" : 711.50347900390625
}