{
  "t_02" : -0.95818537473678589,
  "t_13" : -0.090922221541404724,
  "cy" : 382.5303955078125,
  "fy" : 711.492431640625,
  "t_22" : 0.28068834543228149,
  "t_11" : -0.025616608560085297,
  "t_00" : 0.0461563840508461,
  "t_20" : -0.040255431085824966,
  "angular_velocity" : 3.4028234663852886e+38,
  "t_03" : 0.1984555721282959,
  "t_23" : -0.58047997951507568,
  "t_12" : -0.055630035698413849,
  "t_01" : 0.28240084648132324,
  "timestamp" : 6226831072,
  "blur_score" : 66.757606506347656,
  "t_21" : 0.9589543342590332,
  "t_10" : -0.99812281131744385,
  "width" : 1024,
  "height" : 768,
  "manual_keyframe" : true,
  "cx" : 516.76177978515625,
  "fx" : 711.492431640625
}