{
  "t_02" : -0.47644448280334473,
  "t_13" : -0.19253337383270264,
  "cy" : 382.14608764648438,
  "fy" : 711.85125732421875,
  "t_22" : -0.86995738744735718,
  "t_11" : -0.032024569809436798,
  "t_00" : -0.032740619033575058,
  "t_20" : -0.12699803709983826,
  "angular_velocity" : 3.4028234663852886e+38,
  "t_03" : -0.22345376014709473,
  "t_23" : -0.038845065981149673,
  "t_12" : 0.12718045711517334,
  "t_01" : -0.87859475612640381,
  "timestamp" : 6227931169,
  "blur_score" : 112.19976043701172,
  "t_21" : 0.47649317979812622,
  "t_10" : -0.99136251211166382,
  "width" : 1024,
  "height" : 768,
  "manual_keyframe" : true,
  "cx" : 517.02197265625,
  "fx" : 711.85125732421875
}