{
  "t_02" : -0.95209938287734985,
  "t_13" : -0.18387994170188904,
  "cy" : 382.41973876953125,
  "fy" : 711.2271728515625,
  "t_22" : -0.29173165559768677,
  "t_11" : -0.066522419452667236,
  "t_00" : -0.06786075234413147,
  "t_20" : -0.090662345290184021,
  "angular_velocity" : 3.4028234663852886e+38,
  "t_03" : -0.09832802414894104,
  "center_depth" : 5.0299320220947266,
  "t_23" : -0.29792490601539612,
  "t_12" : 0.091648824512958527,
  "t_01" : -0.2981640100479126,
  "timestamp" : 6227397788,
  "blur_score" : 138.86322021484375,
  "t_21" : 0.9521937370300293,
  "t_10" : -0.99356693029403687,
  "width" : 1024,
  "height" : 768,
  "manual_keyframe" : true,
  "cx" : 516.893310546875,
  "fx" : 711.2271728515625
}