{
  "t_02" : -0.99966824054718018,
  "t_13" : -0.14942118525505066,
  "cy" : 382.53018188476562,
  "fy" : 711.24298095703125,
  "t_22" : 0.0095002129673957825,
  "t_11" : -0.065476939082145691,
  "t_00" : -0.024506522342562675,
  "t_20" : -0.065265759825706482,
  "angular_velocity" : 3.4028234663852886e+38,
  "t_03" : 0.022526321932673454,
  "center_depth" : 5.1307811737060547,
  "t_23" : -0.41651180386543274,
  "t_12" : 0.023936593905091286,
  "t_01" : 0.0079148532822728157,
  "timestamp" : 6227164434,
  "blur_score" : 63.580921173095703,
  "t_21" : 0.99782258272171021,
  "t_10" : -0.99756687879562378,
  "width" : 1024,
  "height" : 768,
  "manual_keyframe" : true,
  "cx" : 516.86761474609375,
  "fx" : 711.24298095703125
}