{
  "t_02" : -0.69546651840209961,
  "t_13" : -0.2020619809627533,
  "cy" : 382.1722412109375,
  "fy" : 711.5113525390625,
  "t_22" : -0.70649224519729614,
  "t_11" : -0.052401240915060043,
  "t_00" : -0.054193336516618729,
  "t_20" : -0.13039940595626831,
  "angular_velocity" : 3.4028234663852886e+38,
  "t_03" : -0.19423165917396545,
  "t_23" : -0.14024387300014496,
  "t_12" : 0.13112981617450714,
  "t_01" : -0.71651202440261841,
  "timestamp" : 6227731151,
  "blur_score" : 164.80279541015625,
  "t_21" : 0.69560378789901733,
  "t_10" : -0.9899793267250061,
  "width" : 1024,
  "height" : 768,
  "manual_keyframe" : true,
  "cx" : 516.975830078125,
  "fx" : 711.5113525390625
}