{
  "t_02" : -0.81905853748321533,
  "t_13" : -0.19758099317550659,
  "cy" : 382.2904052734375,
  "fy" : 711.2271728515625,
  "t_22" : -0.55903482437133789,
  "t_11" : -0.064055092632770538,
  "t_00" : -0.069854028522968292,
  "t_20" : -0.12588348984718323,
  "angular_velocity" : 3.4028234663852886e+38,
  "t_03" : -0.16698704659938812,
  "center_depth" : 4.3060545921325684,
  "t_23" : -0.20538289844989777,
  "t_12" : 0.12893088161945343,
  "t_01" : -0.56944137811660767,
  "timestamp" : 6227597806,
  "blur_score" : 153.46760559082031,
  "t_21" : 0.81953239440917969,
  "t_10" : -0.98958265781402588,
  "width" : 1024,
  "height" : 768,
  "manual_keyframe" : true,
  "cx" : 516.99212646484375,
  "fx" : 711.2271728515625
}