{
  "t_02" : -0.59409481287002563,
  "t_13" : -0.19988676905632019,
  "cy" : 382.1572265625,
  "fy" : 711.844970703125,
  "t_22" : -0.79376184940338135,
  "t_11" : -0.041747134178876877,
  "t_00" : -0.044332899153232574,
  "t_20" : -0.12950271368026733,
  "angular_velocity" : 3.4028234663852886e+38,
  "t_03" : -0.21063010394573212,
  "center_depth" : 3.8720703125,
  "t_23" : -0.088823080062866211,
  "t_12" : 0.1303592324256897,
  "t_01" : -0.80317246913909912,
  "timestamp" : 6227831160,
  "blur_score" : 138.01168823242188,
  "t_21" : 0.59428215026855469,
  "t_10" : -0.99058753252029419,
  "width" : 1024,
  "height" : 768,
  "manual_keyframe" : true,
  "cx" : 516.99456787109375,
  "fx" : 711.844970703125
}