{
  "t_02" : -0.33659753203392029,
  "t_13" : -0.18785387277603149,
  "cy" : 382.1671142578125,
  "fy" : 712.14990234375,
  "t_22" : -0.93420261144638062,
  "t_11" : -0.021657397970557213,
  "t_00" : -0.019532635807991028,
  "t_20" : -0.11855356395244598,
  "angular_velocity" : 3.4028234663852886e+38,
  "t_03" : -0.23248112201690674,
  "center_depth" : 5.3168392181396484,
  "t_23" : 0.01031059306114912,
  "t_12" : 0.11818386614322662,
  "t_01" : -0.94144588708877563,
  "timestamp" : 6228031177,
  "blur_score" : 93.839141845703125,
  "t_21" : 0.33646750450134277,
  "t_10" : -0.99275541305541992,
  "width" : 1024,
  "height" : 768,
  "manual_keyframe" : true,
  "cx" : 517.03240966796875,
  "fx" : 712.14990234375
}