{
  "t_02" : 0.22832082211971283,
  "t_13" : -0.18291246891021729,
  "cy" : 382.65780639648438,
  "fy" : 711.2208251953125,
  "t_22" : -0.96846640110015869,
  "t_11" : 0.0043875412084162235,
  "t_00" : 0.018588297069072723,
  "t_20" : -0.098062381148338318,
  "angular_velocity" : 3.4028234663852886e+38,
  "t_03" : -0.45934727787971497,
  "center_depth" : 4.0544905662536621,
  "t_23" : 0.4321364164352417,
  "t_12" : 0.099712103605270386,
  "t_01" : -0.97340846061706543,
  "timestamp" : 6228997929,
  "blur_score" : 136.9864501953125,
  "t_21" : -0.22903421521186829,
  "t_10" : -0.99500668048858643,
  "width" : 1024,
  "height" : 768,
  "manual_keyframe" : true,
  "cx" : 516.868408203125,
  "fx" : 711.2208251953125
}