{
  "t_02" : -0.036804120987653732,
  "t_13" : -0.18866412341594696,
  "cy" : 382.27139282226562,
  "fy" : 711.86248779296875,
  "t_22" : -0.99393314123153687,
  "t_11" : 0.011384816840291023,
  "t_00" : -0.015273604542016983,
  "t_20" : -0.10314399749040604,
  "angular_velocity" : 3.4028234663852886e+38,
  "t_03" : -0.26768156886100769,
  "center_depth" : 5.1730198860168457,
  "t_23" : 0.095501631498336792,
  "t_12" : 0.10364532470703125,
  "t_01" : -0.99920570850372314,
  "timestamp" : 6228264531,
  "blur_score" : 92.019363403320312,
  "t_21" : 0.038186542689800262,
  "t_10" : -0.99454915523529053,
  "width" : 1024,
  "height" : 768,
  "manual_keyframe" : true,
  "cx" : 516.922119140625,
  "fx" : 711.86248779296875
}