{
  "t_02" : 0.20752236247062683,
  "t_13" : -0.18324516713619232,
  "cy" : 382.71878051757812,
  "fy" : 711.17791748046875,
  "t_22" : -0.97357696294784546,
  "t_11" : 0.0024829679168760777,
  "t_00" : 0.017428027465939522,
  "t_20" : -0.093727231025695801,
  "angular_velocity" : 3.4028234663852886e+38,
  "t_03" : -0.42995110154151917,
  "center_depth" : 4.2451381683349609,
  "t_23" : 0.36118826270103455,
  "t_12" : 0.095301419496536255,
  "t_01" : -0.97807502746582031,
  "timestamp" : 6228831248,
  "blur_score" : 128.0482177734375,
  "t_21" : -0.20823808014392853,
  "t_10" : -0.9954453706741333,
  "width" : 1024,
  "height" : 768,
  "manual_keyframe" : true,
  "cx" : 516.8370361328125,
  "fx" : 711.17791748046875
}