{
  "t_02" : 0.33165824413299561,
  "t_13" : -0.28729858994483948,
  "cy" : 382.64950561523438,
  "fy" : 712.50726318359375,
  "t_22" : -0.88864827156066895,
  "t_11" : 0.0037857103161513805,
  "t_00" : 0.10700101405382156,
  "t_20" : -0.29811403155326843,
  "angular_velocity" : 3.4028234663852886e+38,
  "t_03" : -0.57966762781143188,
  "center_depth" : 2.7645483016967773,
  "t_23" : 0.76121026277542114,
  "t_12" : 0.31671255826950073,
  "t_01" : -0.93731176853179932,
  "timestamp" : 6229898008,
  "blur_score" : 126.03130340576172,
  "t_21" : -0.34847104549407959,
  "t_10" : -0.94851392507553101,
  "width" : 1024,
  "height" : 768,
  "manual_keyframe" : true,
  "cx" : 516.8070068359375,
  "fx" : 712.50726318359375
}