{
  "t_02" : 0.26462128758430481,
  "t_13" : -0.2668319046497345,
  "cy" : 382.58053588867188,
  "fy" : 711.96563720703125,
  "t_22" : -0.91336333751678467,
  "t_11" : 0.029043229296803474,
  "t_00" : 0.056729912757873535,
  "t_20" : -0.30556210875511169,
  "angular_velocity" : 3.4028234663852886e+38,
  "t_03" : -0.81698358058929443,
  "t_23" : 1.1129083633422852,
  "t_12" : 0.30942359566688538,
  "t_01" : -0.96268242597579956,
  "timestamp" : 6230664742,
  "blur_score" : 102.13042449951172,
  "t_21" : -0.26907101273536682,
  "t_10" : -0.95048069953918457,
  "width" : 1024,
  "height" : 768,
  "manual_keyframe" : true,
  "cx" : 516.6138916015625,
  "fx" : 711.96563720703125
}