{
  "t_02" : 0.34159448742866516,
  "t_13" : -0.28647047281265259,
  "cy" : 382.73794555664062,
  "fy" : 712.99957275390625,
  "t_22" : -0.87892502546310425,
  "t_11" : 0.012149939313530922,
  "t_00" : 0.10856439173221588,
  "t_20" : -0.31490519642829895,
  "angular_velocity" : 3.4028234663852886e+38,
  "t_03" : -0.63571208715438843,
  "center_depth" : 2.6540658473968506,
  "t_23" : 0.8369218111038208,
  "t_12" : 0.3328721821308136,
  "t_01" : -0.93355602025985718,
  "timestamp" : 6230064689,
  "blur_score" : 151.91239929199219,
  "t_21" : -0.35822534561157227,
  "t_10" : -0.9428936243057251,
  "width" : 1024,
  "height" : 768,
  "manual_keyframe" : true,
  "cx" : 516.87725830078125,
  "fx" : 712.99957275390625
}