{
  "t_02" : -0.084943778812885284,
  "t_13" : -0.18724410235881805,
  "cy" : 382.70217895507812,
  "fy" : 712.153076171875,
  "t_22" : -0.98574680089950562,
  "t_11" : 0.014705539681017399,
  "t_00" : -0.027274178341031075,
  "t_20" : -0.14338771998882294,
  "angular_velocity" : 3.4028234663852886e+38,
  "t_03" : -0.98177838325500488,
  "t_23" : 1.6873987913131714,
  "t_12" : 0.14521589875221252,
  "t_01" : -0.99601233005523682,
  "timestamp" : 6231598157,
  "blur_score" : 59.025760650634766,
  "t_21" : 0.087994731962680817,
  "t_10" : -0.98929059505462646,
  "width" : 1024,
  "height" : 768,
  "manual_keyframe" : true,
  "cx" : 516.7049560546875,
  "fx" : 712.153076171875
}