{
  "t_02" : 0.14736668765544891,
  "t_13" : -0.23046846687793732,
  "cy" : 382.51287841796875,
  "fy" : 711.8529052734375,
  "t_22" : -0.95193088054656982,
  "t_11" : 0.044246606528759003,
  "t_00" : -0.0043544452637434006,
  "t_20" : -0.27212041616439819,
  "angular_velocity" : 3.4028234663852886e+38,
  "t_03" : -0.89886605739593506,
  "t_23" : 1.4131602048873901,
  "t_12" : 0.26853436231613159,
  "t_01" : -0.98907232284545898,
  "timestamp" : 6231131450,
  "blur_score" : 73.675422668457031,
  "t_21" : -0.14063476026058197,
  "t_10" : -0.9622533917427063,
  "width" : 1024,
  "height" : 768,
  "manual_keyframe" : true,
  "cx" : 516.742919921875,
  "fx" : 711.8529052734375
}