{
  "t_02" : -0.31534367799758911,
  "t_13" : -0.16128057241439819,
  "cy" : 382.4898681640625,
  "fy" : 711.8289794921875,
  "t_22" : -0.94796723127365112,
  "t_11" : 0.053908783942461014,
  "t_00" : -0.064999766647815704,
  "t_20" : -0.024445900693535805,
  "angular_velocity" : 3.4028234663852886e+38,
  "t_03" : -0.97762763500213623,
  "t_23" : 1.837050199508667,
  "t_12" : 0.043776862323284149,
  "t_01" : -0.94674873352050781,
  "timestamp" : 6231964856,
  "blur_score" : 82.155586242675781,
  "t_21" : 0.31742784380912781,
  "t_10" : -0.99758583307266235,
  "width" : 1024,
  "height" : 768,
  "manual_keyframe" : true,
  "cx" : 516.75238037109375,
  "fx" : 711.8289794921875
}