{
  "t_02" : -0.4831574559211731,
  "t_13" : -0.16321887075901031,
  "cy" : 382.67147827148438,
  "fy" : 711.52886962890625,
  "t_22" : -0.87550950050354004,
  "t_11" : 0.046052094548940659,
  "t_00" : -0.043449021875858307,
  "t_20" : 0.016582734882831573,
  "angular_velocity" : 3.4028234663852886e+38,
  "t_03" : -0.89506441354751587,
  "center_depth" : 3.8061249256134033,
  "t_23" : 2.1870019435882568,
  "t_12" : 0.0064813871867954731,
  "t_01" : -0.87445473670959473,
  "timestamp" : 6232631581,
  "blur_score" : 223.45077514648438,
  "t_21" : 0.48291638493537903,
  "t_10" : -0.99891799688339233,
  "width" : 1024,
  "height" : 768,
  "manual_keyframe" : true,
  "cx" : 516.81048583984375,
  "fx" : 711.52886962890625
}