{
  "t_02" : -0.52836316823959351,
  "t_13" : -0.16938726603984833,
  "cy" : 382.729248046875,
  "fy" : 712.108642578125,
  "t_22" : -0.84890800714492798,
  "t_11" : 0.025117868557572365,
  "t_00" : -0.028559371829032898,
  "t_20" : 0.0016533893067389727,
  "angular_velocity" : 3.4028234663852886e+38,
  "t_03" : -0.83804810047149658,
  "t_23" : 2.507723331451416,
  "t_12" : 0.013691750355064869,
  "t_01" : -0.84853798151016235,
  "timestamp" : 6233198298,
  "blur_score" : 131.29005432128906,
  "t_21" : 0.52853798866271973,
  "t_10" : -0.99959069490432739,
  "width" : 1024,
  "height" : 768,
  "manual_keyframe" : true,
  "cx" : 516.9005126953125,
  "fx" : 712.108642578125
}