{
  "t_02" : -0.62032723426818848,
  "t_13" : -0.18391260504722595,
  "cy" : 382.47506713867188,
  "fy" : 711.87188720703125,
  "t_22" : -0.78363555669784546,
  "t_11" : 0.0057649118825793266,
  "t_00" : -0.025198398157954216,
  "t_20" : -0.022538825869560242,
  "angular_velocity" : 3.4028234663852886e+38,
  "t_03" : -0.70143759250640869,
  "center_depth" : 3.4476797580718994,
  "t_23" : 2.7464146614074707,
  "t_12" : 0.033312510699033737,
  "t_01" : -0.78393834829330444,
  "timestamp" : 6233631669,
  "blur_score" : 151.27778625488281,
  "t_21" : 0.6208120584487915,
  "t_10" : -0.99942845106124878,
  "width" : 1024,
  "height" : 768,
  "manual_keyframe" : true,
  "cx" : 516.83441162109375,
  "fx" : 711.87188720703125
}