{
  "t_02" : -0.64331686496734619,
  "t_13" : -0.18064060807228088,
  "cy" : 382.37210083007812,
  "fy" : 712.1689453125,
  "t_22" : -0.76467859745025635,
  "t_11" : -0.0052084452472627163,
  "t_00" : -0.020185163244605064,
  "t_20" : -0.032089341431856155,
  "angular_velocity" : 3.4028234663852886e+38,
  "t_03" : -0.6139293909072876,
  "center_depth" : 3.3590238094329834,
  "t_23" : 2.8328545093536377,
  "t_12" : 0.03755047544836998,
  "t_01" : -0.76533395051956177,
  "timestamp" : 6233798351,
  "blur_score" : 174.89628601074219,
  "t_21" : 0.6436123251914978,
  "t_10" : -0.99928116798400879,
  "width" : 1024,
  "height" : 768,
  "manual_keyframe" : true,
  "cx" : 516.81585693359375,
  "fx" : 712.1689453125
}