{
  "t_02" : -0.69376963376998901,
  "t_13" : -0.17182381451129913,
  "cy" : 382.39483642578125,
  "fy" : 712.14990234375,
  "t_22" : -0.71981406211853027,
  "t_11" : -0.026401488110423088,
  "t_00" : 0.0027270328719168901,
  "t_20" : -0.035225711762905121,
  "angular_velocity" : 3.4028234663852886e+38,
  "t_03" : -0.10182784497737885,
  "t_23" : 3.2879106998443604,
  "t_12" : 0.023478692397475243,
  "t_01" : -0.72019177675247192,
  "timestamp" : 6234831774,
  "blur_score" : 137.93406677246094,
  "t_21" : 0.69327241182327271,
  "t_10" : -0.99937570095062256,
  "width" : 1024,
  "height" : 768,
  "manual_keyframe" : true,
  "cx" : 516.8546142578125,
  "fx" : 712.14990234375
}