{
  "t_02" : -0.67153120040893555,
  "t_13" : -0.180140420794487,
  "cy" : 382.45010375976562,
  "fy" : 712.12445068359375,
  "t_22" : -0.73993229866027832,
  "t_11" : -0.023266024887561798,
  "t_00" : -0.0091752130538225174,
  "t_20" : -0.044756017625331879,
  "angular_velocity" : 3.4028234663852886e+38,
  "t_03" : -0.36307618021965027,
  "center_depth" : 3.0873982906341553,
  "t_23" : 3.0837950706481934,
  "t_12" : 0.039318922907114029,
  "t_01" : -0.74091947078704834,
  "timestamp" : 6234331731,
  "blur_score" : 171.86320495605469,
  "t_21" : 0.67119067907333374,
  "t_10" : -0.99895584583282471,
  "width" : 1024,
  "height" : 768,
  "manual_keyframe" : true,
  "cx" : 516.843994140625,
  "fx" : 712.12445068359375
}