{
  "t_02" : -0.73411870002746582,
  "t_13" : -0.15304942429065704,
  "cy" : 382.51055908203125,
  "fy" : 711.87353515625,
  "t_22" : -0.67884659767150879,
  "t_11" : -0.027067236602306366,
  "t_00" : 0.029672496020793915,
  "t_20" : -0.0094319405034184456,
  "angular_velocity" : 3.4028234663852886e+38,
  "t_03" : 0.54178506135940552,
  "t_23" : 3.5779843330383301,
  "t_12" : -0.015387753024697304,
  "t_01" : -0.67837232351303101,
  "timestamp" : 6235931871,
  "blur_score" : 100.88386535644531,
  "t_21" : 0.73421931266784668,
  "t_10" : -0.99951505661010742,
  "width" : 1024,
  "height" : 768,
  "manual_keyframe" : true,
  "cx" : 516.8043212890625,
  "fx" : 711.87353515625
}