{
  "t_02" : -0.7237403392791748,
  "t_13" : -0.15434081852436066,
  "cy" : 382.26425170898438,
  "fy" : 712.15625,
  "t_22" : -0.68998998403549194,
  "t_11" : -0.025711454451084137,
  "t_00" : 0.010031288489699364,
  "t_20" : -0.025962304323911667,
  "angular_velocity" : 3.4028234663852886e+38,
  "t_03" : 0.2428259402513504,
  "center_depth" : 2.731003999710083,
  "t_23" : 3.4180605411529541,
  "t_12" : 0.010657805018126965,
  "t_01" : -0.6899992823600769,
  "timestamp" : 6235398491,
  "blur_score" : 130.02250671386719,
  "t_21" : 0.72335314750671387,
  "t_10" : -0.99961256980895996,
  "width" : 1024,
  "height" : 768,
  "manual_keyframe" : true,
  "cx" : 516.86175537109375,
  "fx" : 712.15625
}