{
  "t_02" : -0.72331702709197998,
  "t_13" : -0.15071296691894531,
  "cy" : 382.24786376953125,
  "fy" : 712.44061279296875,
  "t_22" : -0.68840128183364868,
  "t_11" : -0.018290674313902855,
  "t_00" : 0.051738429814577103,
  "t_20" : 0.023953711614012718,
  "angular_velocity" : 3.4028234663852886e+38,
  "t_03" : 0.88152498006820679,
  "t_23" : 3.6308329105377197,
  "t_12" : -0.054000891745090485,
  "t_01" : -0.68857502937316895,
  "timestamp" : 6236565260,
  "blur_score" : 70.282089233398438,
  "t_21" : 0.72493427991867065,
  "t_10" : -0.99837338924407959,
  "width" : 1024,
  "height" : 768,
  "manual_keyframe" : true,
  "cx" : 516.813720703125,
  "fx" : 712.44061279296875
}