{
  "t_02" : -0.60441356897354126,
  "t_13" : -0.15814553201198578,
  "cy" : 382.3760986328125,
  "fy" : 712.41998291015625,
  "t_22" : -0.78874361515045166,
  "t_11" : -0.016427621245384216,
  "t_00" : 0.081300981342792511,
  "t_20" : 0.078916169703006744,
  "angular_velocity" : 3.4028234663852886e+38,
  "t_03" : 1.1892886161804199,
  "center_depth" : 1.8462656736373901,
  "t_23" : 3.5506894588470459,
  "t_12" : -0.11210595071315765,
  "t_01" : -0.79251140356063843,
  "timestamp" : 6237098640,
  "blur_score" : 57.744232177734375,
  "t_21" : 0.60963577032089233,
  "t_10" : -0.99356049299240112,
  "width" : 1024,
  "height" : 768,
  "manual_keyframe" : true,
  "cx" : 516.79376220703125,
  "fx" : 712.41998291015625
}