{
  "t_02" : -0.35585001111030579,
  "t_13" : -0.15853783488273621,
  "cy" : 382.3751220703125,
  "fy" : 713.3712158203125,
  "t_22" : -0.92391717433929443,
  "t_11" : -0.014341597445309162,
  "t_00" : 0.064019724726676941,
  "t_20" : 0.12591630220413208,
  "angular_velocity" : 3.4028234663852886e+38,
  "t_03" : 1.5374877452850342,
  "t_23" : 3.384021520614624,
  "t_12" : -0.14052671194076538,
  "t_01" : -0.93234753608703613,
  "timestamp" : 6237765365,
  "blur_score" : 43.851406097412109,
  "t_21" : 0.36127841472625732,
  "t_10" : -0.98997294902801514,
  "width" : 1024,
  "height" : 768,
  "manual_keyframe" : true,
  "cx" : 516.85223388671875,
  "fx" : 713.3712158203125
}