{
  "t_02" : -0.48134335875511169,
  "t_13" : -0.15923140943050385,
  "cy" : 382.48358154296875,
  "fy" : 712.74072265625,
  "t_22" : -0.86527377367019653,
  "t_11" : -0.038523130118846893,
  "t_00" : 0.10202427953481674,
  "t_20" : 0.1033686175942421,
  "angular_velocity" : 3.4028234663852886e+38,
  "t_03" : 1.3695409297943115,
  "t_23" : 3.488377571105957,
  "t_12" : -0.14003567397594452,
  "t_01" : -0.87057429552078247,
  "timestamp" : 6237432003,
  "blur_score" : 39.952674865722656,
  "t_21" : 0.49052655696868896,
  "t_10" : -0.98939675092697144,
  "width" : 1024,
  "height" : 768,
  "manual_keyframe" : true,
  "cx" : 516.82940673828125,
  "fx" : 712.74072265625
}