{
  "t_02" : -0.24470257759094238,
  "t_13" : -0.16745820641517639,
  "cy" : 382.4984130859375,
  "fy" : 713.39825439453125,
  "t_22" : -0.96243160963058472,
  "t_11" : 0.015759715810418129,
  "t_00" : 0.013611007481813431,
  "t_20" : 0.11793658137321472,
  "angular_velocity" : 3.4028234663852886e+38,
  "t_03" : 1.6352567672729492,
  "t_23" : 3.2134647369384766,
  "t_12" : -0.11766869574785233,
  "t_01" : -0.96950262784957886,
  "timestamp" : 6238098728,
  "blur_score" : 19.997879028320312,
  "t_21" : 0.24457362294197083,
  "t_10" : -0.99292784929275513,
  "width" : 1024,
  "height" : 768,
  "manual_keyframe" : true,
  "cx" : 516.8037109375,
  "fx" : 713.39825439453125
}