{
  "t_02" : 0.0040458841249346733,
  "t_13" : -0.17851778864860535,
  "cy" : 382.833251953125,
  "fy" : 713.9033203125,
  "t_22" : -0.99957031011581421,
  "t_11" : 0.051133226603269577,
  "t_00" : -0.051271736621856689,
  "t_20" : 0.028787599876523018,
  "angular_velocity" : 3.4028234663852886e+38,
  "t_03" : 1.6398196220397949,
  "center_depth" : 2.2808351516723633,
  "t_23" : 3.035764217376709,
  "t_12" : -0.02903289906680584,
  "t_01" : -0.99867653846740723,
  "timestamp" : 6238498763,
  "blur_score" : 13.958191871643066,
  "t_21" : -0.0055274488404393196,
  "t_10" : -0.99826973676681519,
  "width" : 1024,
  "height" : 768,
  "manual_keyframe" : true,
  "cx" : 516.7694091796875,
  "fx" : 713.9033203125
}