{
  "t_02" : 0.29252076148986816,
  "t_13" : -0.17269434034824371,
  "cy" : 382.82363891601562,
  "fy" : 712.84869384765625,
  "t_22" : -0.95624583959579468,
  "t_11" : 0.035323970019817352,
  "t_00" : -0.035256560891866684,
  "t_20" : -0.0055040246807038784,
  "angular_velocity" : 3.4028234663852886e+38,
  "t_03" : 1.5861256122589111,
  "center_depth" : 2.7748708724975586,
  "t_23" : 2.791290283203125,
  "t_12" : -0.0050532915629446507,
  "t_01" : -0.9556090235710144,
  "timestamp" : 6238965471,
  "blur_score" : 45.448623657226562,
  "t_21" : -0.29251259565353394,
  "t_10" : -0.99936312437057495,
  "width" : 1024,
  "height" : 768,
  "manual_keyframe" : true,
  "cx" : 516.861572265625,
  "fx" : 712.84869384765625
}