{
  "t_02" : 0.72293370962142944,
  "t_13" : -0.14207448065280914,
  "cy" : 382.51516723632812,
  "fy" : 712.08636474609375,
  "t_22" : -0.69082731008529663,
  "t_11" : -0.0067261746153235435,
  "t_00" : -0.0034154157619923353,
  "t_20" : 0.012567732483148575,
  "angular_velocity" : 3.4028234663852886e+38,
  "t_03" : 1.6802412271499634,
  "t_23" : 2.5447325706481934,
  "t_12" : -0.011152196675539017,
  "t_01" : -0.69090890884399414,
  "timestamp" : 6239965558,
  "blur_score" : 81.674095153808594,
  "t_21" : -0.72291046380996704,
  "t_10" : -0.99991518259048462,
  "width" : 1024,
  "height" : 768,
  "manual_keyframe" : true,
  "cx" : 516.781005859375,
  "fx" : 712.08636474609375
}