{
  "t_02" : 0.53776586055755615,
  "t_13" : -0.13711903989315033,
  "cy" : 382.44961547851562,
  "fy" : 712.44061279296875,
  "t_22" : -0.84294360876083374,
  "t_11" : 0.039740264415740967,
  "t_00" : -0.04206911101937294,
  "t_20" : -0.0079558389261364937,
  "angular_velocity" : 3.4028234663852886e+38,
  "t_03" : 1.6175984144210815,
  "t_23" : 2.6151795387268066,
  "t_12" : -0.015931613743305206,
  "t_01" : -0.84204381704330444,
  "timestamp" : 6239465515,
  "blur_score" : 66.578071594238281,
  "t_21" : -0.53794288635253906,
  "t_10" : -0.99908292293548584,
  "width" : 1024,
  "height" : 768,
  "manual_keyframe" : true,
  "cx" : 516.9068603515625,
  "fx" : 712.44061279296875
}