{
  "t_02" : 0.87434345483779907,
  "t_13" : -0.17424747347831726,
  "cy" : 382.37847900390625,
  "fy" : 712.07366943359375,
  "t_22" : -0.48105931282043457,
  "t_11" : -0.002231653081253171,
  "t_00" : 0.057214464992284775,
  "t_20" : -0.028926728293299675,
  "angular_velocity" : 3.4028234663852886e+38,
  "t_03" : 1.5438468456268311,
  "center_depth" : 3.4496800899505615,
  "t_23" : 2.5700805187225342,
  "t_12" : 0.064072377979755402,
  "t_01" : -0.48192304372787476,
  "timestamp" : 6240898974,
  "blur_score" : 130.97694396972656,
  "t_21" : -0.87621062994003296,
  "t_10" : -0.99794268608093262,
  "width" : 1024,
  "height" : 768,
  "manual_keyframe" : true,
  "cx" : 516.85186767578125,
  "fx" : 712.07366943359375
}