{
  "t_02" : 0.90711241960525513,
  "t_13" : -0.24501398205757141,
  "cy" : 382.72195434570312,
  "fy" : 711.235107421875,
  "t_22" : -0.35201305150985718,
  "t_11" : 0.041100353002548218,
  "t_00" : 0.19962345063686371,
  "t_20" : -0.12277467548847198,
  "angular_velocity" : 3.4028234663852886e+38,
  "t_03" : 1.6382784843444824,
  "center_depth" : 3.4221563339233398,
  "t_23" : 2.7189023494720459,
  "t_12" : 0.23072470724582672,
  "t_01" : -0.37053683400154114,
  "timestamp" : 6242665795,
  "blur_score" : 273.278076171875,
  "t_21" : -0.92790800333023071,
  "t_10" : -0.97215068340301514,
  "width" : 1024,
  "height" : 768,
  "manual_keyframe" : true,
  "cx" : 516.8397216796875,
  "fx" : 711.235107421875
}