{
  "t_02" : 0.99937456846237183,
  "t_13" : -0.17489032447338104,
  "cy" : 382.75494384765625,
  "fy" : 711.501953125,
  "t_22" : -0.029809730127453804,
  "t_11" : 0.0066187633201479912,
  "t_00" : 0.018811643123626709,
  "t_20" : -0.0071840262971818447,
  "angular_velocity" : 3.4028234663852886e+38,
  "t_03" : 1.6023029088973999,
  "center_depth" : 3.3246636390686035,
  "t_23" : 2.5329604148864746,
  "t_12" : 0.019017888233065605,
  "t_01" : -0.029940309002995491,
  "timestamp" : 6245832740,
  "blur_score" : 31.83848762512207,
  "t_21" : -0.99952965974807739,
  "t_10" : -0.99979716539382935,
  "width" : 1024,
  "height" : 768,
  "manual_keyframe" : true,
  "cx" : 516.849365234375,
  "fx" : 711.501953125
}