{
  "t_02" : 0.71978074312210083,
  "t_13" : -0.15743143856525421,
  "cy" : 382.36431884765625,
  "fy" : 712.10699462890625,
  "t_22" : 0.6941763162612915,
  "t_11" : -0.036307521164417267,
  "t_00" : -0.020966699346899986,
  "t_20" : 0.030221613124012947,
  "angular_velocity" : 3.4028234663852886e+38,
  "t_03" : 1.60723876953125,
  "t_23" : 2.3779566287994385,
  "t_12" : 0.0058916890993714333,
  "t_01" : 0.69388467073440552,
  "timestamp" : 6246732819,
  "blur_score" : 32.516086578369141,
  "t_21" : -0.71917009353637695,
  "t_10" : -0.99932318925857544,
  "width" : 1024,
  "height" : 768,
  "manual_keyframe" : true,
  "cx" : 516.8192138671875,
  "fx" : 712.10699462890625
}