{
  "t_02" : 0.86132413148880005,
  "t_13" : -0.16159307956695557,
  "cy" : 382.50714111328125,
  "fy" : 712.12127685546875,
  "t_22" : 0.50802391767501831,
  "t_11" : -0.036677297204732895,
  "t_00" : -0.013730797916650772,
  "t_20" : 0.03448379784822464,
  "angular_velocity" : 3.4028234663852886e+38,
  "t_03" : 1.5770272016525269,
  "t_23" : 2.394446849822998,
  "t_12" : 0.0056958519853651524,
  "t_01" : 0.50787025690078735,
  "timestamp" : 6246466129,
  "blur_score" : 35.043956756591797,
  "t_21" : -0.86065244674682617,
  "t_10" : -0.99931097030639648,
  "width" : 1024,
  "height" : 768,
  "manual_keyframe" : true,
  "cx" : 516.8345947265625,
  "fx" : 712.12127685546875
}