{
  "t_02" : 0.9592519998550415,
  "t_13" : -0.15977755188941956,
  "cy" : 382.63656616210938,
  "fy" : 711.44952392578125,
  "t_22" : 0.2817038893699646,
  "t_11" : -0.010926759801805019,
  "t_00" : 0.017908472567796707,
  "t_20" : 0.016650106757879257,
  "angular_velocity" : 3.4028234663852886e+38,
  "t_03" : 1.5606659650802612,
  "center_depth" : 3.1084258556365967,
  "t_23" : 2.4472053050994873,
  "t_12" : 0.021875675767660141,
  "t_01" : 0.281983882188797,
  "timestamp" : 6246166103,
  "blur_score" : 37.882919311523438,
  "t_21" : -0.95935690402984619,
  "t_10" : -0.99970096349716187,
  "width" : 1024,
  "height" : 768,
  "manual_keyframe" : true,
  "cx" : 516.90789794921875,
  "fx" : 711.44952392578125
}