{
  "t_02" : 0.5083504319190979,
  "t_13" : -0.1514643132686615,
  "cy" : 382.25039672851562,
  "fy" : 711.85919189453125,
  "t_22" : 0.8610769510269165,
  "t_11" : -0.034401841461658478,
  "t_00" : -0.02391529455780983,
  "t_20" : 0.027164207771420479,
  "angular_velocity" : 3.4028234663852886e+38,
  "t_03" : 1.6303588151931763,
  "center_depth" : 4.3208703994750977,
  "t_23" : 2.3961639404296875,
  "t_12" : 0.01124048326164484,
  "t_01" : 0.86081802845001221,
  "timestamp" : 6247032846,
  "blur_score" : 47.940048217773438,
  "t_21" : -0.50774860382080078,
  "t_10" : -0.99934476613998413,
  "width" : 1024,
  "height" : 768,
  "manual_keyframe" : true,
  "cx" : 516.84100341796875,
  "fx" : 711.85919189453125
}