{
  "t_02" : 0.26651108264923096,
  "t_13" : -0.15522204339504242,
  "cy" : 382.3011474609375,
  "fy" : 711.492431640625,
  "t_22" : 0.9634212851524353,
  "t_11" : -0.038398582488298416,
  "t_00" : -0.029529782012104988,
  "t_20" : 0.037330396473407745,
  "angular_velocity" : 3.4028234663852886e+38,
  "t_03" : 1.643928050994873,
  "center_depth" : 4.8355927467346191,
  "t_23" : 2.4256231784820557,
  "t_12" : 0.02812676690518856,
  "t_01" : 0.96337932348251343,
  "timestamp" : 6247432881,
  "blur_score" : 123.38972473144531,
  "t_21" : -0.26537841558456421,
  "t_10" : -0.99886655807495117,
  "width" : 1024,
  "height" : 768,
  "manual_keyframe" : true,
  "cx" : 516.7930908203125,
  "fx" : 711.492431640625
}