{
  "t_02" : 0.10605694353580475,
  "t_13" : -0.1080574095249176,
  "cy" : 382.51071166992188,
  "fy" : 710.90631103515625,
  "t_22" : 0.99425959587097168,
  "t_11" : -0.045495297759771347,
  "t_00" : -0.043746277689933777,
  "t_20" : 0.018859082832932472,
  "angular_velocity" : 3.4028234663852886e+38,
  "t_03" : 1.7719664573669434,
  "t_23" : 2.1436972618103027,
  "t_12" : 0.014127267524600029,
  "t_01" : 0.99339723587036133,
  "timestamp" : 6248366297,
  "blur_score" : 171.02293395996094,
  "t_21" : -0.10531852394342422,
  "t_10" : -0.99886465072631836,
  "width" : 1024,
  "height" : 768,
  "manual_keyframe" : true,
  "cx" : 516.93255615234375,
  "fx" : 710.90631103515625
}