{
  "t_02" : 0.17907348275184631,
  "t_13" : -0.093829639256000519,
  "cy" : 382.27468872070312,
  "fy" : 710.6204833984375,
  "t_22" : 0.97963494062423706,
  "t_11" : -0.07416997104883194,
  "t_00" : -0.089549154043197632,
  "t_20" : -0.075698010623455048,
  "angular_velocity" : 3.4028234663852886e+38,
  "t_03" : 1.8567508459091187,
  "t_23" : 1.8470067977905273,
  "t_12" : -0.090818792581558228,
  "t_01" : 0.97975176572799683,
  "timestamp" : 6248999686,
  "blur_score" : 233.04702758789062,
  "t_21" : -0.18597091734409332,
  "t_10" : -0.99310159683227539,
  "width" : 1024,
  "height" : 768,
  "manual_keyframe" : true,
  "cx" : 516.70343017578125,
  "fx" : 710.6204833984375
}