{
  "t_02" : 0.18728142976760864,
  "t_13" : -0.10607107728719711,
  "cy" : 382.25723266601562,
  "fy" : 710.58233642578125,
  "t_22" : 0.9757847785949707,
  "t_11" : -0.078108489513397217,
  "t_00" : -0.098436892032623291,
  "t_20" : -0.095816805958747864,
  "angular_velocity" : 3.4028234663852886e+38,
  "t_03" : 1.9207131862640381,
  "center_depth" : 3.7106385231018066,
  "t_23" : 1.4923927783966064,
  "t_12" : -0.11300327628850937,
  "t_01" : 0.97736161947250366,
  "timestamp" : 6249566402,
  "blur_score" : 196.52256774902344,
  "t_21" : -0.19662964344024658,
  "t_10" : -0.99051970243453979,
  "width" : 1024,
  "height" : 768,
  "manual_keyframe" : true,
  "cx" : 516.75616455078125,
  "fx" : 710.58233642578125
}