{
  "t_02" : 0.23753742873668671,
  "t_13" : -0.078215427696704865,
  "cy" : 382.3077392578125,
  "fy" : 710.89361572265625,
  "t_22" : 0.96343082189559937,
  "t_11" : -0.086614154279232025,
  "t_00" : -0.11432137340307236,
  "t_20" : -0.099043630063533783,
  "angular_velocity" : 3.4028234663852886e+38,
  "t_03" : 2.0580668449401855,
  "center_depth" : 3.392655611038208,
  "t_23" : 1.1558953523635864,
  "t_12" : -0.12400403618812561,
  "t_01" : 0.96462762355804443,
  "timestamp" : 6250099782,
  "blur_score" : 144.10693359375,
  "t_21" : -0.24898073077201843,
  "t_10" : -0.98849427700042725,
  "width" : 1024,
  "height" : 768,
  "manual_keyframe" : true,
  "cx" : 516.9327392578125,
  "fx" : 710.89361572265625
}