{
  "t_02" : 0.38900026679039001,
  "t_13" : -0.062706314027309418,
  "cy" : 381.95782470703125,
  "fy" : 711.24456787109375,
  "t_22" : 0.90306311845779419,
  "t_11" : -0.08655567467212677,
  "t_00" : -0.15260258316993713,
  "t_20" : -0.13175848126411438,
  "angular_velocity" : 3.4028234663852886e+38,
  "t_03" : 2.0929949283599854,
  "center_depth" : 3.3847959041595459,
  "t_23" : 0.79942357540130615,
  "t_12" : -0.18208774924278259,
  "t_01" : 0.90851050615310669,
  "timestamp" : 6250866516,
  "blur_score" : 167.53387451171875,
  "t_21" : -0.40879926085472107,
  "t_10" : -0.97946524620056152,
  "width" : 1024,
  "height" : 768,
  "manual_keyframe" : true,
  "cx" : 516.6864013671875,
  "fx" : 711.24456787109375
}