{
  "t_02" : 0.45694661140441895,
  "t_13" : -0.042702756822109222,
  "cy" : 382.25177001953125,
  "fy" : 711.22564697265625,
  "t_22" : 0.85851037502288818,
  "t_11" : -0.043330501765012741,
  "t_00" : -0.14856497943401337,
  "t_20" : -0.18429739773273468,
  "angular_velocity" : 3.4028234663852886e+38,
  "t_03" : 2.1123955249786377,
  "t_23" : 0.48594316840171814,
  "t_12" : -0.23272202908992767,
  "t_01" : 0.8769993782043457,
  "timestamp" : 6251433233,
  "blur_score" : 111.09935760498047,
  "t_21" : -0.47853341698646545,
  "t_10" : -0.97157746553421021,
  "width" : 1024,
  "height" : 768,
  "manual_keyframe" : true,
  "cx" : 516.7152099609375,
  "fx" : 711.22564697265625
}