{
  "t_02" : 0.58303350210189819,
  "t_13" : 0.0064698345959186554,
  "cy" : 382.36288452148438,
  "fy" : 711.5113525390625,
  "t_22" : 0.75887924432754517,
  "t_11" : -0.048998784273862839,
  "t_00" : -0.21712696552276611,
  "t_20" : -0.19857239723205566,
  "angular_velocity" : 3.4028234663852886e+38,
  "t_03" : 2.193209171295166,
  "t_23" : 0.16297054290771484,
  "t_12" : -0.29012793302536011,
  "t_01" : 0.78289705514907837,
  "timestamp" : 6251966613,
  "blur_score" : 134.4464111328125,
  "t_21" : -0.62021869421005249,
  "t_10" : -0.95573264360427856,
  "width" : 1024,
  "height" : 768,
  "manual_keyframe" : true,
  "cx" : 516.72967529296875,
  "fx" : 711.5113525390625
}