{
  "t_02" : 0.59265440702438354,
  "t_13" : 0.0051208571530878544,
  "cy" : 382.16427612304688,
  "fy" : 711.48602294921875,
  "t_22" : 0.74050652980804443,
  "t_11" : -0.041258592158555984,
  "t_00" : -0.23177704215049744,
  "t_20" : -0.21998286247253418,
  "angular_velocity" : 3.4028234663852886e+38,
  "t_03" : 2.1904716491699219,
  "center_depth" : 3.1010088920593262,
  "t_23" : 0.074543386697769165,
  "t_12" : -0.31687656044960022,
  "t_01" : 0.7713884711265564,
  "timestamp" : 6252166631,
  "blur_score" : 110.24421691894531,
  "t_21" : -0.63502568006515503,
  "t_10" : -0.94756895303726196,
  "width" : 1024,
  "height" : 768,
  "manual_keyframe" : true,
  "cx" : 516.6337890625,
  "fx" : 711.48602294921875
}