{
  "t_02" : 0.59333187341690063,
  "t_13" : -0.024284986779093742,
  "cy" : 382.26593017578125,
  "fy" : 711.79736328125,
  "t_22" : 0.71728360652923584,
  "t_11" : -0.026159320026636124,
  "t_00" : -0.25441443920135498,
  "t_20" : -0.26347479224205017,
  "angular_velocity" : 3.4028234663852886e+38,
  "t_03" : 2.0947208404541016,
  "center_depth" : 2.8132584095001221,
  "t_23" : -0.26486602425575256,
  "t_12" : -0.36532360315322876,
  "t_01" : 0.76369529962539673,
  "timestamp" : 6252900029,
  "blur_score" : 119.09568786621094,
  "t_21" : -0.64504653215408325,
  "t_10" : -0.93051290512084961,
  "width" : 1024,
  "height" : 768,
  "manual_keyframe" : true,
  "cx" : 516.4620361328125,
  "fx" : 711.79736328125
}