{
  "t_02" : 0.7413908839225769,
  "t_13" : -0.15604853630065918,
  "cy" : 382.24050903320312,
  "fy" : 712.4564208984375,
  "t_22" : 0.67050695419311523,
  "t_11" : -0.091119416058063507,
  "t_00" : -0.081501930952072144,
  "t_20" : 0.049193765968084335,
  "angular_velocity" : 3.4028234663852886e+38,
  "t_03" : 2.0281691551208496,
  "center_depth" : 2.3151116371154785,
  "t_23" : -0.60882341861724854,
  "t_12" : -0.027565216645598412,
  "t_01" : 0.66610574722290039,
  "timestamp" : 6253800108,
  "blur_score" : 190.30010986328125,
  "t_21" : -0.74027037620544434,
  "t_10" : -0.99545836448669434,
  "width" : 1024,
  "height" : 768,
  "manual_keyframe" : true,
  "cx" : 516.818359375,
  "fx" : 712.4564208984375
}