{
  "t_02" : 0.72133743762969971,
  "t_13" : -0.13932523131370544,
  "cy" : 382.36923217773438,
  "fy" : 712.3436279296875,
  "t_22" : 0.68583095073699951,
  "t_11" : -0.074297785758972168,
  "t_00" : -0.12115861475467682,
  "t_20" : -0.012194772250950336,
  "angular_velocity" : 3.4028234663852886e+38,
  "t_03" : 2.0240998268127441,
  "t_23" : -0.55804377794265747,
  "t_12" : -0.096477754414081573,
  "t_01" : 0.68190377950668335,
  "timestamp" : 6253566754,
  "blur_score" : 125.92047882080078,
  "t_21" : -0.72765851020812988,
  "t_10" : -0.99255818128585815,
  "width" : 1024,
  "height" : 768,
  "manual_keyframe" : true,
  "cx" : 516.5616455078125,
  "fx" : 712.3436279296875
}