{
  "t_02" : 0.65161818265914917,
  "t_13" : 0.18318800628185272,
  "cy" : 382.04208374023438,
  "fy" : 712.98211669921875,
  "t_22" : 0.62078326940536499,
  "t_11" : -0.039675895124673843,
  "t_00" : -0.34571701288223267,
  "t_20" : -0.26846921443939209,
  "angular_velocity" : 3.4028234663852886e+38,
  "t_03" : 2.0106644630432129,
  "t_23" : -0.59219092130661011,
  "t_12" : -0.43591487407684326,
  "t_01" : 0.67518395185470581,
  "timestamp" : 6255066886,
  "blur_score" : 39.198444366455078,
  "t_21" : -0.73658162355422974,
  "t_10" : -0.89911288022994995,
  "width" : 1024,
  "height" : 768,
  "manual_keyframe" : true,
  "cx" : 516.75054931640625,
  "fx" : 712.98211669921875
}