{
  "t_02" : 0.5993804931640625,
  "t_13" : 0.2341853529214859,
  "cy" : 382.22998046875,
  "fy" : 712.7073974609375,
  "t_22" : 0.61868739128112793,
  "t_11" : 0.0053913826122879982,
  "t_00" : -0.34890493750572205,
  "t_20" : -0.36913859844207764,
  "angular_velocity" : 3.4028234663852886e+38,
  "t_03" : 1.9770814180374146,
  "center_depth" : 1.9499133825302124,
  "t_23" : -0.53891170024871826,
  "t_12" : -0.50790637731552124,
  "t_01" : 0.72042232751846313,
  "timestamp" : 6255400248,
  "blur_score" : 49.987434387207031,
  "t_21" : -0.69351458549499512,
  "t_10" : -0.86139541864395142,
  "width" : 1024,
  "height" : 768,
  "manual_keyframe" : true,
  "cx" : 516.2154541015625,
  "fx" : 712.7073974609375
}