{
  "t_02" : 0.60847091674804688,
  "t_13" : 0.33664101362228394,
  "cy" : 382.77590942382812,
  "fy" : 714.208251953125,
  "t_22" : 0.6327284574508667,
  "t_11" : 0.07265983521938324,
  "t_00" : -0.27120384573936462,
  "t_20" : -0.40142965316772461,
  "angular_velocity" : 3.4028234663852886e+38,
  "t_03" : 1.7084070444107056,
  "t_23" : -0.33955439925193787,
  "t_12" : -0.47897577285766602,
  "t_01" : 0.74579596519470215,
  "timestamp" : 6257333752,
  "blur_score" : 38.046684265136719,
  "t_21" : -0.66220003366470337,
  "t_10" : -0.87481582164764404,
  "width" : 1024,
  "height" : 768,
  "manual_keyframe" : true,
  "cx" : 515.89337158203125,
  "fx" : 714.208251953125
}