{
  "t_02" : 0.54225867986679077,
  "t_13" : 0.36641106009483337,
  "cy" : 382.4705810546875,
  "fy" : 712.435791015625,
  "t_22" : 0.78785514831542969,
  "t_11" : 0.013903121463954449,
  "t_00" : -0.15353696048259735,
  "t_20" : -0.24871525168418884,
  "angular_velocity" : 3.4028234663852886e+38,
  "t_03" : 1.6600469350814819,
  "t_23" : -0.09225057065486908,
  "t_12" : -0.29195815324783325,
  "t_01" : 0.82606399059295654,
  "timestamp" : 6258300504,
  "blur_score" : 64.273605346679688,
  "t_21" : -0.56340467929840088,
  "t_10" : -0.95633000135421753,
  "width" : 1024,
  "height" : 768,
  "manual_keyframe" : true,
  "cx" : 516.56243896484375,
  "fx" : 712.435791015625
}