{
  "t_02" : 0.43583345413208008,
  "t_13" : 0.15833424031734467,
  "cy" : 382.19061279296875,
  "fy" : 712.0880126953125,
  "t_22" : 0.88411939144134521,
  "t_11" : -0.05450863391160965,
  "t_00" : -0.12397530674934387,
  "t_20" : -0.12642526626586914,
  "angular_velocity" : 3.4028234663852886e+38,
  "t_03" : 1.7355294227600098,
  "t_23" : 0.1193450391292572,
  "t_12" : -0.16846968233585358,
  "t_01" : 0.89144790172576904,
  "timestamp" : 6259800636,
  "blur_score" : 84.006278991699219,
  "t_21" : -0.44983276724815369,
  "t_10" : -0.98419857025146484,
  "width" : 1024,
  "height" : 768,
  "manual_keyframe" : true,
  "cx" : 516.63165283203125,
  "fx" : 712.0880126953125
}