{
  "t_02" : 0.45429617166519165,
  "t_13" : 0.1239522397518158,
  "cy" : 381.68212890625,
  "fy" : 712.1007080078125,
  "t_22" : 0.89042651653289795,
  "t_11" : -0.15396502614021301,
  "t_00" : -0.1495412290096283,
  "t_20" : 0.045806184411048889,
  "angular_velocity" : 3.4028234663852886e+38,
  "t_03" : 1.6983578205108643,
  "t_23" : -0.095005035400390625,
  "t_12" : -0.027487229555845261,
  "t_01" : 0.87820965051651001,
  "timestamp" : 6260767388,
  "blur_score" : 146.45463562011719,
  "t_21" : -0.45281603932380676,
  "t_10" : -0.98769378662109375,
  "width" : 1024,
  "height" : 768,
  "manual_keyframe" : true,
  "cx" : 517.12530517578125,
  "fx" : 712.1007080078125
}