{
  "t_02" : 0.49872502684593201,
  "t_13" : 0.036783549934625626,
  "cy" : 382.58779907226562,
  "fy" : 711.80841064453125,
  "t_22" : 0.8650892972946167,
  "t_11" : -0.15696264803409576,
  "t_00" : -0.1627143919467926,
  "t_20" : 0.032483227550983429,
  "angular_velocity" : 3.4028234663852886e+38,
  "t_03" : 1.8369354009628296,
  "center_depth" : 2.7834219932556152,
  "t_23" : 0.13599605858325958,
  "t_12" : -0.053794510662555695,
  "t_01" : 0.85135036706924438,
  "timestamp" : 6260200671,
  "blur_score" : 141.82595825195312,
  "t_21" : -0.50056499242782593,
  "t_10" : -0.98613834381103516,
  "width" : 1024,
  "height" : 768,
  "manual_keyframe" : true,
  "cx" : 516.59808349609375,
  "fx" : 711.80841064453125
}