{
  "t_02" : 0.28326267004013062,
  "t_13" : 0.059837352484464645,
  "cy" : 382.60586547851562,
  "fy" : 712.08319091796875,
  "t_22" : 0.92253518104553223,
  "t_11" : 0.058961842209100723,
  "t_00" : -0.018379412591457367,
  "t_20" : -0.2680109441280365,
  "angular_velocity" : 3.4028234663852886e+38,
  "t_03" : 1.8559290170669556,
  "t_23" : 0.093042708933353424,
  "t_12" : -0.26208996772766113,
  "t_01" : 0.95886623859405518,
  "timestamp" : 6262934245,
  "blur_score" : 84.723907470703125,
  "t_21" : -0.27766716480255127,
  "t_10" : -0.96324056386947632,
  "width" : 1024,
  "height" : 768,
  "manual_keyframe" : true,
  "cx" : 516.81610107421875,
  "fx" : 712.08319091796875
}