{
  "t_02" : 0.051569271832704544,
  "t_13" : 0.070705197751522064,
  "cy" : 382.55172729492188,
  "fy" : 712.4342041015625,
  "t_22" : 0.96241205930709839,
  "t_11" : 0.085050098598003387,
  "t_00" : 0.073906801640987396,
  "t_20" : -0.26995345950126648,
  "angular_velocity" : 3.4028234663852886e+38,
  "t_03" : 1.9761441946029663,
  "t_23" : 0.2141183465719223,
  "t_12" : -0.26665249466896057,
  "t_01" : 0.99593085050582886,
  "timestamp" : 6263167599,
  "blur_score" : 67.297904968261719,
  "t_21" : -0.029800765216350555,
  "t_10" : -0.96003276109695435,
  "width" : 1024,
  "height" : 768,
  "manual_keyframe" : true,
  "cx" : 516.94927978515625,
  "fx" : 712.4342041015625
}