{
  "t_02" : -0.14150364696979523,
  "t_13" : 0.013819299638271332,
  "cy" : 382.8570556640625,
  "fy" : 711.85919189453125,
  "t_22" : 0.98988586664199829,
  "t_11" : 0.084927350282669067,
  "t_00" : 0.085504673421382904,
  "t_20" : 0.0020316389854997396,
  "angular_velocity" : 3.4028234663852886e+38,
  "t_03" : 2.394148588180542,
  "center_depth" : 2.5244183540344238,
  "t_23" : 0.47677630186080933,
  "t_12" : -0.010125234723091125,
  "t_01" : 0.98623800277709961,
  "timestamp" : 6264767740,
  "blur_score" : 68.630561828613281,
  "t_21" : 0.14185088872909546,
  "t_10" : -0.99633568525314331,
  "width" : 1024,
  "height" : 768,
  "manual_keyframe" : true,
  "cx" : 516.764892578125,
  "fx" : 711.85919189453125
}