{
  "t_02" : -0.25345417857170105,
  "t_13" : 0.055713269859552383,
  "cy" : 382.82012939453125,
  "fy" : 712.41351318359375,
  "t_22" : 0.94015508890151978,
  "t_11" : 0.097011178731918335,
  "t_00" : 0.15518198907375336,
  "t_20" : -0.19287101924419403,
  "angular_velocity" : 3.4028234663852886e+38,
  "t_03" : 2.2622883319854736,
  "t_23" : 0.36952665448188782,
  "t_12" : -0.22774876654148102,
  "t_01" : 0.95481914281845093,
  "timestamp" : 6264167687,
  "blur_score" : 52.189121246337891,
  "t_21" : 0.28090798854827881,
  "t_10" : -0.96887528896331787,
  "width" : 1024,
  "height" : 768,
  "manual_keyframe" : true,
  "cx" : 516.54669189453125,
  "fx" : 712.41351318359375
}