{
  "t_02" : -0.13070157170295715,
  "t_13" : -0.047913283109664917,
  "cy" : 382.76083374023438,
  "fy" : 711.501953125,
  "t_22" : 0.98149484395980835,
  "t_11" : 0.045794747769832611,
  "t_00" : 0.027391964569687843,
  "t_20" : 0.14467832446098328,
  "angular_velocity" : 3.4028234663852886e+38,
  "t_03" : 2.403435230255127,
  "t_23" : 0.8202628493309021,
  "t_12" : 0.13994632661342621,
  "t_01" : 0.99104326963424683,
  "timestamp" : 6265601147,
  "blur_score" : 208.25775146484375,
  "t_21" : 0.12544345855712891,
  "t_10" : -0.98909956216812134,
  "width" : 1024,
  "height" : 768,
  "manual_keyframe" : true,
  "cx" : 516.86102294921875,
  "fx" : 711.501953125
}