{
  "t_02" : 0.045114073902368546,
  "t_13" : -0.11016398668289185,
  "cy" : 382.8841552734375,
  "fy" : 711.517822265625,
  "t_22" : 0.97570544481277466,
  "t_11" : 0.045308135449886322,
  "t_00" : 0.056228850036859512,
  "t_20" : 0.21178889274597168,
  "angular_velocity" : 3.4028234663852886e+38,
  "t_03" : 2.515512228012085,
  "center_depth" : 2.7627670764923096,
  "t_23" : 0.90566718578338623,
  "t_12" : 0.21439072489738464,
  "t_01" : 0.9973980188369751,
  "timestamp" : 6266101191,
  "blur_score" : 204.45216369628906,
  "t_21" : -0.056072603911161423,
  "t_10" : -0.97569644451141357,
  "width" : 1024,
  "height" : 768,
  "manual_keyframe" : true,
  "cx" : 516.7498779296875,
  "fx" : 711.517822265625
}