{
  "t_02" : 0.11588143557310104,
  "t_13" : -0.1449967622756958,
  "cy" : 382.68408203125,
  "fy" : 711.84649658203125,
  "t_22" : 0.9803507924079895,
  "t_11" : 0.069889791309833527,
  "t_00" : 0.089000426232814789,
  "t_20" : 0.14982415735721588,
  "angular_velocity" : 3.4028234663852886e+38,
  "t_03" : 2.8344337940216064,
  "t_23" : 0.85165274143218994,
  "t_12" : 0.15963636338710785,
  "t_01" : 0.98926752805709839,
  "timestamp" : 6267267960,
  "blur_score" : 268.18484497070312,
  "t_21" : -0.12831601500511169,
  "t_10" : -0.98469871282577515,
  "width" : 1024,
  "height" : 768,
  "manual_keyframe" : true,
  "cx" : 516.7510986328125,
  "fx" : 711.84649658203125
}