{
  "t_02" : -0.047734178602695465,
  "t_13" : 0.023520797491073608,
  "cy" : 382.73727416992188,
  "fy" : 712.42626953125,
  "t_22" : 0.95176690816879272,
  "t_11" : 0.13749311864376068,
  "t_00" : 0.12907564640045166,
  "t_20" : 0.30676543712615967,
  "angular_velocity" : 3.4028234663852886e+38,
  "t_03" : 2.687131404876709,
  "t_23" : 0.38313207030296326,
  "t_12" : 0.30308607220649719,
  "t_01" : 0.99048513174057007,
  "timestamp" : 6268934774,
  "blur_score" : 241.31201171875,
  "t_21" : 0.0058919270522892475,
  "t_10" : -0.94299232959747314,
  "width" : 1024,
  "height" : 768,
  "manual_keyframe" : true,
  "cx" : 516.48358154296875,
  "fx" : 712.42626953125
}