{
  "t_02" : 0.012972018681466579,
  "t_13" : 0.014479439705610275,
  "cy" : 382.47686767578125,
  "fy" : 712.16741943359375,
  "t_22" : 0.95935541391372681,
  "t_11" : 0.12315374612808228,
  "t_00" : 0.13212777674198151,
  "t_20" : 0.27780923247337341,
  "angular_velocity" : 3.4028234663852886e+38,
  "t_03" : 2.900270938873291,
  "t_23" : 0.58837991952896118,
  "t_12" : 0.28190219402313232,
  "t_01" : 0.99114775657653809,
  "timestamp" : 6268534739,
  "blur_score" : 292.03729248046875,
  "t_21" : -0.049590073525905609,
  "t_10" : -0.95150631666183472,
  "width" : 1024,
  "height" : 768,
  "manual_keyframe" : true,
  "cx" : 517.00958251953125,
  "fx" : 712.16741943359375
}