{
  "t_02" : -0.023945704102516174,
  "t_13" : 0.089070647954940796,
  "cy" : 383.50689697265625,
  "fy" : 712.7216796875,
  "t_22" : 0.94635826349258423,
  "t_11" : 0.14005038142204285,
  "t_00" : 0.13983297348022461,
  "t_20" : 0.32232499122619629,
  "angular_velocity" : 3.4028234663852886e+38,
  "t_03" : 2.6132194995880127,
  "t_23" : 0.049775432795286179,
  "t_12" : 0.32223054766654968,
  "t_01" : 0.98988550901412964,
  "timestamp" : 6269668172,
  "blur_score" : 296.81515502929688,
  "t_21" : -0.022639427334070206,
  "t_10" : -0.93624424934387207,
  "width" : 1024,
  "height" : 768,
  "manual_keyframe" : true,
  "cx" : 516.6710205078125,
  "fx" : 712.7216796875
}