{
  "t_02" : 0.013063410297036171,
  "t_13" : 0.024428276345133781,
  "cy" : 382.95916748046875,
  "fy" : 713.2998046875,
  "t_22" : 0.96771746873855591,
  "t_11" : 0.12374568730592728,
  "t_00" : 0.13122002780437469,
  "t_20" : 0.24788393080234528,
  "angular_velocity" : 3.4028234663852886e+38,
  "t_03" : 2.7546796798706055,
  "t_23" : -0.24587661027908325,
  "t_12" : 0.25169849395751953,
  "t_01" : 0.99126714468002319,
  "timestamp" : 6270468243,
  "blur_score" : 144.2900390625,
  "t_21" : -0.045566946268081665,
  "t_10" : -0.95986193418502808,
  "width" : 1024,
  "height" : 768,
  "manual_keyframe" : true,
  "cx" : 516.39556884765625,
  "fx" : 713.2998046875
}