{
  "t_02" : 0.16765597462654114,
  "t_13" : -0.1579059362411499,
  "cy" : 382.29360961914062,
  "fy" : 713.5841064453125,
  "t_22" : 0.96368610858917236,
  "t_11" : -0.010166662745177746,
  "t_00" : 0.025383036583662033,
  "t_20" : 0.20654164254665375,
  "angular_velocity" : 3.4028234663852886e+38,
  "t_03" : 2.9613442420959473,
  "center_depth" : 1.4690588712692261,
  "t_23" : -0.35339322686195374,
  "t_12" : 0.20784701406955719,
  "t_01" : 0.98551857471466064,
  "timestamp" : 6271635012,
  "blur_score" : 132.81646728515625,
  "t_21" : -0.16926153004169464,
  "t_10" : -0.97810840606689453,
  "width" : 1024,
  "height" : 768,
  "manual_keyframe" : true,
  "cx" : 516.93353271484375,
  "fx" : 713.5841064453125
}