{
  "t_02" : 0.229078009724617,
  "t_13" : -0.16533692181110382,
  "cy" : 382.218505859375,
  "fy" : 713.9144287109375,
  "t_22" : 0.94605386257171631,
  "t_11" : -0.0067842556163668633,
  "t_00" : 0.047150500118732452,
  "t_20" : 0.22433914244174957,
  "angular_velocity" : 3.4028234663852886e+38,
  "t_03" : 2.9378726482391357,
  "center_depth" : 1.3938267230987549,
  "t_23" : -0.35063973069190979,
  "t_12" : 0.22914010286331177,
  "t_01" : 0.97226536273956299,
  "timestamp" : 6271801694,
  "blur_score" : 156.59678649902344,
  "t_21" : -0.23378168046474457,
  "t_10" : -0.9733697772026062,
  "width" : 1024,
  "height" : 768,
  "manual_keyframe" : true,
  "cx" : 516.89910888671875,
  "fx" : 713.9144287109375
}