{
  "t_02" : 0.29381170868873596,
  "t_13" : -0.1853163093328476,
  "cy" : 382.28399658203125,
  "fy" : 713.9017333984375,
  "t_22" : 0.92487055063247681,
  "t_11" : 0.013847450725734234,
  "t_00" : 0.086689963936805725,
  "t_20" : 0.2257552444934845,
  "angular_velocity" : 3.4028234663852886e+38,
  "t_03" : 2.8946731090545654,
  "center_depth" : 1.5168654918670654,
  "t_23" : -0.34366625547409058,
  "t_12" : 0.24143077433109283,
  "t_01" : 0.95192396640777588,
  "timestamp" : 6272068384,
  "blur_score" : 209.41874694824219,
  "t_21" : -0.30602079629898071,
  "t_10" : -0.97031915187835693,
  "width" : 1024,
  "height" : 768,
  "manual_keyframe" : true,
  "cx" : 516.759521484375,
  "fx" : 713.9017333984375
}