{
  "t_02" : 0.35533642768859863,
  "t_13" : -0.24817520380020142,
  "cy" : 382.77703857421875,
  "fy" : 713.9302978515625,
  "t_22" : 0.85259264707565308,
  "t_11" : 0.036376919597387314,
  "t_00" : 0.18364362418651581,
  "t_20" : 0.33826044201850891,
  "angular_velocity" : 3.4028234663852886e+38,
  "t_03" : 2.852428674697876,
  "center_depth" : 1.6189279556274414,
  "t_23" : -0.35670280456542969,
  "t_12" : 0.38317334651947021,
  "t_01" : 0.91652119159698486,
  "timestamp" : 6272901791,
  "blur_score" : 197.60177612304688,
  "t_21" : -0.39832866191864014,
  "t_10" : -0.92295986413955688,
  "width" : 1024,
  "height" : 768,
  "manual_keyframe" : true,
  "cx" : 516.6973876953125,
  "fx" : 713.9302978515625
}