{
  "t_02" : 0.34885531663894653,
  "t_13" : -0.25554400682449341,
  "cy" : 382.72540283203125,
  "fy" : 714.208251953125,
  "t_22" : 0.84051138162612915,
  "t_11" : 0.037973012775182724,
  "t_00" : 0.19731101393699646,
  "t_20" : 0.36653906106948853,
  "angular_velocity" : 3.4028234663852886e+38,
  "t_03" : 2.8531954288482666,
  "center_depth" : 1.7270005941390991,
  "t_23" : -0.35857170820236206,
  "t_12" : 0.41453656554222107,
  "t_01" : 0.91617053747177124,
  "timestamp" : 6273201817,
  "blur_score" : 291.72830200195312,
  "t_21" : -0.39898589253425598,
  "t_10" : -0.90924006700515747,
  "width" : 1024,
  "height" : 768,
  "manual_keyframe" : true,
  "cx" : 516.63397216796875,
  "fx" : 714.208251953125
}