{
  "t_02" : 0.22493231296539307,
  "t_13" : -0.19475224614143372,
  "cy" : 382.53720092773438,
  "fy" : 713.99859619140625,
  "t_22" : 0.94394522905349731,
  "t_11" : 0.036250043660402298,
  "t_00" : 0.092303916811943054,
  "t_20" : 0.22620052099227905,
  "angular_velocity" : 3.4028234663852886e+38,
  "t_03" : 2.8193290233612061,
  "t_23" : -0.27713802456855774,
  "t_12" : 0.24160423874855042,
  "t_01" : 0.96999233961105347,
  "timestamp" : 6274668613,
  "blur_score" : 174.99896240234375,
  "t_21" : -0.24041730165481567,
  "t_10" : -0.96969741582870483,
  "width" : 1024,
  "height" : 768,
  "manual_keyframe" : true,
  "cx" : 516.522705078125,
  "fx" : 713.99859619140625
}