{
  "t_02" : 0.064990855753421783,
  "t_13" : -0.20253263413906097,
  "cy" : 382.50326538085938,
  "fy" : 713.8985595703125,
  "t_22" : 0.97135412693023682,
  "t_11" : 0.028373463079333305,
  "t_00" : 0.044332921504974365,
  "t_20" : 0.22602418065071106,
  "angular_velocity" : 3.4028234663852886e+38,
  "t_03" : 2.7610909938812256,
  "t_23" : -0.22036491334438324,
  "t_12" : 0.22857664525508881,
  "t_01" : 0.99690055847167969,
  "timestamp" : 6274901967,
  "blur_score" : 188.53001403808594,
  "t_21" : -0.073376886546611786,
  "t_10" : -0.97311240434646606,
  "width" : 1024,
  "height" : 768,
  "manual_keyframe" : true,
  "cx" : 516.59796142578125,
  "fx" : 713.8985595703125
}