{
  "t_02" : -0.082507342100143433,
  "t_13" : -0.24842660129070282,
  "cy" : 382.68377685546875,
  "fy" : 713.549072265625,
  "t_22" : 0.95802849531173706,
  "t_11" : 0.056446131318807602,
  "t_00" : 0.034968890249729156,
  "t_20" : 0.27809572219848633,
  "angular_velocity" : 3.4028234663852886e+38,
  "t_03" : 2.6141676902770996,
  "t_23" : -0.078539624810218811,
  "t_12" : 0.27454298734664917,
  "t_01" : 0.99597674608230591,
  "timestamp" : 6275535356,
  "blur_score" : 231.86001586914062,
  "t_21" : 0.069599710404872894,
  "t_10" : -0.95991665124893188,
  "width" : 1024,
  "height" : 768,
  "manual_keyframe" : true,
  "cx" : 516.6749267578125,
  "fx" : 713.549072265625
}