{
  "t_02" : -0.22165724635124207,
  "t_13" : -0.22052991390228271,
  "cy" : 382.77862548828125,
  "fy" : 713.57769775390625,
  "t_22" : 0.9267120361328125,
  "t_11" : 0.044754091650247574,
  "t_00" : -0.024828674271702766,
  "t_20" : 0.30571135878562927,
  "angular_velocity" : 3.4028234663852886e+38,
  "t_03" : 2.4983522891998291,
  "t_23" : 0.047537531703710556,
  "t_12" : 0.30343526601791382,
  "t_01" : 0.97480857372283936,
  "timestamp" : 6276102073,
  "blur_score" : 131.40994262695312,
  "t_21" : 0.21850733458995819,
  "t_10" : -0.95180046558380127,
  "width" : 1024,
  "height" : 768,
  "manual_keyframe" : true,
  "cx" : 516.8118896484375,
  "fx" : 713.57769775390625
}