{
  "t_02" : -0.5958215594291687,
  "t_13" : -0.22024986147880554,
  "cy" : 382.8095703125,
  "fy" : 713.90960693359375,
  "t_22" : 0.75294488668441772,
  "t_11" : 0.050349187105894089,
  "t_00" : -0.13202591240406036,
  "t_20" : 0.25134611129760742,
  "angular_velocity" : 3.4028234663852886e+38,
  "t_03" : 2.3738291263580322,
  "t_23" : 0.16564218699932098,
  "t_12" : 0.27941122651100159,
  "t_01" : 0.79219049215316772,
  "timestamp" : 6276802135,
  "blur_score" : 56.503623962402344,
  "t_21" : 0.60819333791732788,
  "t_10" : -0.95885050296783447,
  "width" : 1024,
  "height" : 768,
  "manual_keyframe" : true,
  "cx" : 516.5809326171875,
  "fx" : 713.90960693359375
}