{
  "t_02" : -0.3835197389125824,
  "t_13" : -0.20894436538219452,
  "cy" : 382.68887329101562,
  "fy" : 713.30609130859375,
  "t_22" : 0.88604456186294556,
  "t_11" : 0.03311663493514061,
  "t_00" : -0.071922041475772858,
  "t_20" : 0.25251051783561707,
  "angular_velocity" : 3.4028234663852886e+38,
  "t_03" : 2.4308018684387207,
  "t_23" : 0.07541811466217041,
  "t_12" : 0.26045653223991394,
  "t_01" : 0.92072784900665283,
  "timestamp" : 6276335427,
  "blur_score" : 115.77767944335938,
  "t_21" : 0.38879746198654175,
  "t_10" : -0.96491742134094238,
  "width" : 1024,
  "height" : 768,
  "manual_keyframe" : true,
  "cx" : 516.76220703125,
  "fx" : 713.30609130859375
}