{
  "t_02" : -0.81466215848922729,
  "t_13" : -0.23996977508068085,
  "cy" : 382.73370361328125,
  "fy" : 712.975830078125,
  "t_22" : 0.46945959329605103,
  "t_11" : 0.040758993476629257,
  "t_00" : -0.2730904221534729,
  "t_20" : 0.20740367472171783,
  "angular_velocity" : 3.4028234663852886e+38,
  "t_03" : 2.368999719619751,
  "t_23" : 0.41677027940750122,
  "t_12" : 0.34048983454704285,
  "t_01" : 0.51161247491836548,
  "timestamp" : 6277835559,
  "blur_score" : 135.895263671875,
  "t_21" : 0.8582490086555481,
  "t_10" : -0.93936431407928467,
  "width" : 1024,
  "height" : 768,
  "manual_keyframe" : true,
  "cx" : 516.66259765625,
  "fx" : 712.975830078125
}