{
  "t_02" : -0.90613329410552979,
  "t_13" : -0.27369698882102966,
  "cy" : 382.70101928710938,
  "fy" : 713.57452392578125,
  "t_22" : 0.01537003181874752,
  "t_11" : 0.045437760651111603,
  "t_00" : -0.42126992344856262,
  "t_20" : 0.057290349155664444,
  "angular_velocity" : 3.4028234663852886e+38,
  "t_03" : 2.3684535026550293,
  "t_23" : 0.50407397747039795,
  "t_12" : 0.42271256446838379,
  "t_01" : 0.038129135966300964,
  "timestamp" : 6278635629,
  "blur_score" : 135.71522521972656,
  "t_21" : 0.99823915958404541,
  "t_10" : -0.90512388944625854,
  "width" : 1024,
  "height" : 768,
  "manual_keyframe" : true,
  "cx" : 516.49005126953125,
  "fx" : 713.57452392578125
}