{
  "t_02" : -0.88939136266708374,
  "t_13" : -0.2557033896446228,
  "cy" : 382.687255859375,
  "fy" : 712.9852294921875,
  "t_22" : 0.25994187593460083,
  "t_11" : 0.036621559411287308,
  "t_00" : -0.34957948327064514,
  "t_20" : 0.1433473527431488,
  "angular_velocity" : 3.4028234663852886e+38,
  "t_03" : 2.3916780948638916,
  "t_23" : 0.45475494861602783,
  "t_12" : 0.37604939937591553,
  "t_01" : 0.29457950592041016,
  "timestamp" : 6278302267,
  "blur_score" : 132.39002990722656,
  "t_21" : 0.95492494106292725,
  "t_10" : -0.92587566375732422,
  "width" : 1024,
  "height" : 768,
  "manual_keyframe" : true,
  "cx" : 516.59539794921875,
  "fx" : 712.9852294921875
}