{
  "t_02" : -0.82367777824401855,
  "t_13" : -0.27982345223426819,
  "cy" : 382.86337280273438,
  "fy" : 714.53857421875,
  "t_22" : -0.33768603205680847,
  "t_11" : 0.058631971478462219,
  "t_00" : -0.44556847214698792,
  "t_20" : -0.11148808151483536,
  "angular_velocity" : 3.4028234663852886e+38,
  "t_03" : 2.2860202789306641,
  "t_23" : 0.64610666036605835,
  "t_12" : 0.455547034740448,
  "t_01" : -0.35074734687805176,
  "timestamp" : 6279102338,
  "blur_score" : 126.29801940917969,
  "t_21" : 0.93463289737701416,
  "t_10" : -0.8882787823677063,
  "width" : 1024,
  "height" : 768,
  "manual_keyframe" : true,
  "cx" : 516.44219970703125,
  "fx" : 714.53857421875
}