{
  "t_02" : -0.50430291891098022,
  "t_13" : -0.26861113309860229,
  "cy" : 382.82345581054688,
  "fy" : 713.6666259765625,
  "t_22" : -0.76436442136764526,
  "t_11" : 0.044364519417285919,
  "t_00" : -0.26144063472747803,
  "t_20" : -0.30828976631164551,
  "angular_velocity" : 3.4028234663852886e+38,
  "t_03" : 2.0460212230682373,
  "center_depth" : 1.8641915321350098,
  "t_23" : 1.0364234447479248,
  "t_12" : 0.40177798271179199,
  "t_01" : -0.82299906015396118,
  "timestamp" : 6279869072,
  "blur_score" : 167.79884338378906,
  "t_21" : 0.56630772352218628,
  "t_10" : -0.91466176509857178,
  "width" : 1024,
  "height" : 768,
  "manual_keyframe" : true,
  "cx" : 516.35589599609375,
  "fx" : 713.6666259765625
}