{
  "t_02" : -0.74016648530960083,
  "t_13" : -0.26818087697029114,
  "cy" : 383.0294189453125,
  "fy" : 715.088134765625,
  "t_22" : -0.5066109299659729,
  "t_11" : 0.047579493373632431,
  "t_00" : -0.39431816339492798,
  "t_20" : -0.20561109483242035,
  "angular_velocity" : 3.4028234663852886e+38,
  "t_03" : 2.1960749626159668,
  "t_23" : 0.80527228116989136,
  "t_12" : 0.44215258955955505,
  "t_01" : -0.54467129707336426,
  "timestamp" : 6279402364,
  "blur_score" : 114.67702484130859,
  "t_21" : 0.83729887008666992,
  "t_10" : -0.89567703008651733,
  "width" : 1024,
  "height" : 768,
  "manual_keyframe" : true,
  "cx" : 516.4205322265625,
  "fx" : 715.088134765625
}