{
  "t_02" : -0.23254446685314178,
  "t_13" : -0.24405854940414429,
  "cy" : 382.48760986328125,
  "fy" : 712.93292236328125,
  "t_22" : -0.9105803370475769,
  "t_11" : 0.021501978859305382,
  "t_00" : -0.10669826716184616,
  "t_20" : -0.32533720135688782,
  "angular_velocity" : 3.4028234663852886e+38,
  "t_03" : 2.0222082138061523,
  "t_23" : 1.2715198993682861,
  "t_12" : 0.34171104431152344,
  "t_01" : -0.96671527624130249,
  "timestamp" : 6280502461,
  "blur_score" : 188.82670593261719,
  "t_21" : 0.25494921207427979,
  "t_10" : -0.93955910205841064,
  "width" : 1024,
  "height" : 768,
  "manual_keyframe" : true,
  "cx" : 516.60089111328125,
  "fx" : 712.93292236328125
}