{
  "t_02" : -0.14904157817363739,
  "t_13" : -0.16692622005939484,
  "cy" : 382.4097900390625,
  "fy" : 711.18902587890625,
  "t_22" : -0.98661661148071289,
  "t_11" : -0.021087903529405594,
  "t_00" : 0.011020633392035961,
  "t_20" : -0.068536333739757538,
  "angular_velocity" : 3.4028234663852886e+38,
  "t_03" : 1.8895026445388794,
  "center_depth" : 3.113753080368042,
  "t_23" : 1.9903277158737183,
  "t_12" : 0.066136091947555542,
  "t_01" : -0.98876935243606567,
  "timestamp" : 6281802576,
  "blur_score" : 168.90550231933594,
  "t_21" : 0.14795318245887756,
  "t_10" : -0.99758768081665039,
  "width" : 1024,
  "height" : 768,
  "manual_keyframe" : true,
  "cx" : 516.71002197265625,
  "fx" : 711.18902587890625
}