{
  "t_02" : -0.072183020412921906,
  "t_13" : -0.20512567460536957,
  "cy" : 382.8255615234375,
  "fy" : 711.28271484375,
  "t_22" : -0.97598570585250854,
  "t_11" : -0.0032287728972733021,
  "t_00" : -0.01186886802315712,
  "t_20" : -0.20520918071269989,
  "angular_velocity" : 3.4028234663852886e+38,
  "t_03" : 1.9417105913162231,
  "center_depth" : 3.6817488670349121,
  "t_23" : 1.6251704692840576,
  "t_12" : 0.20552673935890198,
  "t_01" : -0.99732071161270142,
  "timestamp" : 6281202523,
  "blur_score" : 144.73736572265625,
  "t_21" : 0.073081016540527344,
  "t_10" : -0.97864615917205811,
  "width" : 1024,
  "height" : 768,
  "manual_keyframe" : true,
  "cx" : 516.63238525390625,
  "fx" : 711.28271484375
}