{
  "t_02" : -0.18560352921485901,
  "t_13" : -0.16574732959270477,
  "cy" : 382.36361694335938,
  "fy" : 711.52410888671875,
  "t_22" : -0.98146611452102661,
  "t_11" : -0.018870431929826736,
  "t_00" : 0.0097007919102907181,
  "t_20" : -0.050373159348964691,
  "angular_velocity" : 3.4028234663852886e+38,
  "t_03" : 1.8968555927276611,
  "center_depth" : 2.8342723846435547,
  "t_23" : 2.2087326049804688,
  "t_12" : 0.047701846808195114,
  "t_01" : -0.98257684707641602,
  "timestamp" : 6282135938,
  "blur_score" : 200.47200012207031,
  "t_21" : 0.18489642441272736,
  "t_10" : -0.9986833930015564,
  "width" : 1024,
  "height" : 768,
  "manual_keyframe" : true,
  "cx" : 516.7421875,
  "fx" : 711.52410888671875
}