{
  "t_02" : -0.20393037796020508,
  "t_13" : -0.16857367753982544,
  "cy" : 382.51593017578125,
  "fy" : 711.54156494140625,
  "t_22" : -0.9782683253288269,
  "t_11" : -0.018339915201067924,
  "t_00" : 0.010322883725166321,
  "t_20" : -0.040412645787000656,
  "angular_velocity" : 3.4028234663852886e+38,
  "t_03" : 1.8749618530273438,
  "t_23" : 2.5049958229064941,
  "t_12" : 0.037461861968040466,
  "t_01" : -0.97893089056015015,
  "timestamp" : 6282569310,
  "blur_score" : 125.28097534179688,
  "t_21" : 0.20336617529392242,
  "t_10" : -0.9991297721862793,
  "width" : 1024,
  "height" : 768,
  "manual_keyframe" : true,
  "cx" : 516.82257080078125,
  "fx" : 711.54156494140625
}