{
  "t_02" : -0.28922778367996216,
  "t_13" : -0.15788458287715912,
  "cy" : 382.48141479492188,
  "fy" : 711.85919189453125,
  "t_22" : -0.95720046758651733,
  "t_11" : -0.016463389620184898,
  "t_00" : 0.012669235467910767,
  "t_20" : -0.014992994256317616,
  "angular_velocity" : 3.4028234663852886e+38,
  "t_03" : 1.8673436641693115,
  "center_depth" : 2.3678786754608154,
  "t_23" : 2.7006187438964844,
  "t_12" : 0.010689066722989082,
  "t_01" : -0.95717620849609375,
  "timestamp" : 6282869336,
  "blur_score" : 82.911033630371094,
  "t_21" : 0.28903663158416748,
  "t_10" : -0.99980723857879639,
  "width" : 1024,
  "height" : 768,
  "manual_keyframe" : true,
  "cx" : 516.87542724609375,
  "fx" : 711.85919189453125
}