{
  "t_02" : -0.36932826042175293,
  "t_13" : -0.16160331666469574,
  "cy" : 382.31216430664062,
  "fy" : 711.86083984375,
  "t_22" : -0.92929118871688843,
  "t_11" : -0.0064478535205125809,
  "t_00" : 0.0045990943908691406,
  "t_20" : -0.00588624132797122,
  "angular_velocity" : 3.4028234663852886e+38,
  "t_03" : 1.9386842250823975,
  "t_23" : 3.0084009170532227,
  "t_12" : 0.0037715623620897532,
  "t_01" : -0.92928749322891235,
  "timestamp" : 6283336044,
  "blur_score" : 123.30565643310547,
  "t_21" : 0.36930057406425476,
  "t_10" : -0.99997198581695557,
  "width" : 1024,
  "height" : 768,
  "manual_keyframe" : true,
  "cx" : 516.8165283203125,
  "fx" : 711.86083984375
}