{
  "t_02" : -0.39498275518417358,
  "t_13" : -0.19200271368026733,
  "cy" : 382.34701538085938,
  "fy" : 712.44537353515625,
  "t_22" : -0.91855835914611816,
  "t_11" : 0.0076660276390612125,
  "t_00" : -0.013152929954230785,
  "t_20" : -0.011179487220942974,
  "angular_velocity" : 3.4028234663852886e+38,
  "t_03" : 2.0580511093139648,
  "t_23" : 3.2873461246490479,
  "t_12" : 0.015466495417058468,
  "t_01" : -0.91859441995620728,
  "timestamp" : 6283736079,
  "blur_score" : 108.00166320800781,
  "t_21" : 0.39512729644775391,
  "t_10" : -0.9998510479927063,
  "width" : 1024,
  "height" : 768,
  "manual_keyframe" : true,
  "cx" : 516.7762451171875,
  "fx" : 712.44537353515625
}