{
  "t_02" : -0.70331466197967529,
  "t_13" : -0.23163731396198273,
  "cy" : 382.40829467773438,
  "fy" : 711.87353515625,
  "t_22" : -0.69536370038986206,
  "t_11" : 0.03801533579826355,
  "t_00" : -0.13198380172252655,
  "t_20" : -0.076440043747425079,
  "angular_velocity" : 3.4028234663852886e+38,
  "t_03" : 2.5426697731018066,
  "center_depth" : 2.4132833480834961,
  "t_23" : 3.8832328319549561,
  "t_12" : 0.14770793914794922,
  "t_01" : -0.69851875305175781,
  "timestamp" : 6284636159,
  "blur_score" : 186.43609619140625,
  "t_21" : 0.71458107233047485,
  "t_10" : -0.98830008506774902,
  "width" : 1024,
  "height" : 768,
  "manual_keyframe" : true,
  "cx" : 516.82470703125,
  "fx" : 711.87353515625
}