{
  "t_02" : -0.67102581262588501,
  "t_13" : -0.23010224103927612,
  "cy" : 382.4095458984375,
  "fy" : 711.841796875,
  "t_22" : -0.72951865196228027,
  "t_11" : 0.037893291562795639,
  "t_00" : -0.11769667267799377,
  "t_20" : -0.071485519409179688,
  "angular_velocity" : 3.4028234663852886e+38,
  "t_03" : 2.4528994560241699,
  "center_depth" : 2.6901888847351074,
  "t_23" : 3.8067536354064941,
  "t_12" : 0.13238875567913055,
  "t_01" : -0.73203253746032715,
  "timestamp" : 6284502814,
  "blur_score" : 141.957275390625,
  "t_21" : 0.68021482229232788,
  "t_10" : -0.99047315120697021,
  "width" : 1024,
  "height" : 768,
  "manual_keyframe" : true,
  "cx" : 516.8726806640625,
  "fx" : 711.841796875
}