{
  "t_02" : -0.73559820652008057,
  "t_13" : -0.23510482907295227,
  "cy" : 382.62069702148438,
  "fy" : 711.8529052734375,
  "t_22" : -0.65768259763717651,
  "t_11" : 0.035947363823652267,
  "t_00" : -0.14521093666553497,
  "t_20" : -0.080961786210536957,
  "angular_velocity" : 3.4028234663852886e+38,
  "t_03" : 2.6817643642425537,
  "center_depth" : 2.3991074562072754,
  "t_23" : 4.0316271781921387,
  "t_12" : 0.16232316195964813,
  "t_01" : -0.66167128086090088,
  "timestamp" : 6284902849,
  "blur_score" : 304.68988037109375,
  "t_21" : 0.74893182516098022,
  "t_10" : -0.98608267307281494,
  "width" : 1024,
  "height" : 768,
  "manual_keyframe" : true,
  "cx" : 516.8431396484375,
  "fx" : 711.8529052734375
}