{
  "t_02" : -0.48114973306655884,
  "t_13" : -0.2056921124458313,
  "cy" : 382.43417358398438,
  "fy" : 712.41192626953125,
  "t_22" : -0.87449741363525391,
  "t_11" : 0.027125760912895203,
  "t_00" : -0.053315598517656326,
  "t_20" : -0.040525000542402267,
  "angular_velocity" : 3.4028234663852886e+38,
  "t_03" : 2.1958143711090088,
  "t_23" : 3.5334022045135498,
  "t_12" : 0.061229247599840164,
  "t_01" : -0.87501555681228638,
  "timestamp" : 6284069442,
  "blur_score" : 88.360069274902344,
  "t_21" : 0.48333403468132019,
  "t_10" : -0.99775499105453491,
  "width" : 1024,
  "height" : 768,
  "manual_keyframe" : true,
  "cx" : 516.82080078125,
  "fx" : 712.41192626953125
}