{
  "t_02" : -0.72569411993026733,
  "t_13" : -0.23116837441921234,
  "cy" : 382.50546264648438,
  "fy" : 711.5384521484375,
  "t_22" : -0.6709972620010376,
  "t_11" : 0.038983806967735291,
  "t_00" : -0.13835862278938293,
  "t_20" : -0.074210956692695618,
  "angular_velocity" : 3.4028234663852886e+38,
  "t_03" : 2.620060920715332,
  "center_depth" : 2.4849483966827393,
  "t_23" : 3.9582564830780029,
  "t_12" : 0.15208759903907776,
  "t_01" : -0.67396199703216553,
  "timestamp" : 6284769504,
  "blur_score" : 237.0682373046875,
  "t_21" : 0.73773664236068726,
  "t_10" : -0.98759788274765015,
  "width" : 1024,
  "height" : 768,
  "manual_keyframe" : true,
  "cx" : 516.84228515625,
  "fx" : 711.5384521484375
}