{
  "t_02" : -0.74069017171859741,
  "t_13" : -0.25197407603263855,
  "cy" : 382.68875122070312,
  "fy" : 711.83544921875,
  "t_22" : -0.64659875631332397,
  "t_11" : 0.026557378470897675,
  "t_00" : -0.15515953302383423,
  "t_20" : -0.099594399333000183,
  "angular_velocity" : 3.4028234663852886e+38,
  "t_03" : 2.9109642505645752,
  "t_23" : 4.2598385810852051,
  "t_12" : 0.18245059251785278,
  "t_01" : -0.65368467569351196,
  "timestamp" : 6285402893,
  "blur_score" : 309.26345825195312,
  "t_21" : 0.75630092620849609,
  "t_10" : -0.98285633325576782,
  "width" : 1024,
  "height" : 768,
  "manual_keyframe" : true,
  "cx" : 516.77130126953125,
  "fx" : 711.83544921875
}