{
  "t_02" : -0.73973959684371948,
  "t_13" : -0.25641551613807678,
  "cy" : 382.56179809570312,
  "fy" : 712.153076171875,
  "t_22" : -0.64336323738098145,
  "t_11" : 0.028532734140753746,
  "t_00" : -0.16779749095439911,
  "t_20" : -0.10736481100320816,
  "angular_velocity" : 3.4028234663852886e+38,
  "t_03" : 3.0037391185760498,
  "center_depth" : 1.9431428909301758,
  "t_23" : 4.3095717430114746,
  "t_12" : 0.19715243577957153,
  "t_01" : -0.65163588523864746,
  "timestamp" : 6285602910,
  "blur_score" : 323.626953125,
  "t_21" : 0.75799506902694702,
  "t_10" : -0.97995758056640625,
  "width" : 1024,
  "height" : 768,
  "manual_keyframe" : true,
  "cx" : 516.76806640625,
  "fx" : 712.153076171875
}