{
  "t_02" : -0.58738678693771362,
  "t_13" : -0.27155193686485291,
  "cy" : 382.87857055664062,
  "fy" : 712.9552001953125,
  "t_22" : -0.77169394493103027,
  "t_11" : 0.061319597065448761,
  "t_00" : -0.19771198928356171,
  "t_20" : -0.15535511076450348,
  "angular_velocity" : 3.4028234663852886e+38,
  "t_03" : 3.5796756744384766,
  "t_23" : 4.3994235992431641,
  "t_12" : 0.24385474622249603,
  "t_01" : -0.78478455543518066,
  "timestamp" : 6286936361,
  "blur_score" : 232.26301574707031,
  "t_21" : 0.61672776937484741,
  "t_10" : -0.96787124872207642,
  "width" : 1024,
  "height" : 768,
  "manual_keyframe" : true,
  "cx" : 516.695556640625,
  "fx" : 712.9552001953125
}