{
  "t_02" : -0.72496902942657471,
  "t_13" : -0.25986966490745544,
  "cy" : 382.41873168945312,
  "fy" : 712.4818115234375,
  "t_22" : -0.65272766351699829,
  "t_11" : 0.038879375904798508,
  "t_00" : -0.18997706472873688,
  "t_20" : -0.11741729825735092,
  "angular_velocity" : 3.4028234663852886e+38,
  "t_03" : 3.355949878692627,
  "center_depth" : 2.0759758949279785,
  "t_23" : 4.3332357406616211,
  "t_12" : 0.21992383897304535,
  "t_01" : -0.6620638370513916,
  "timestamp" : 6286236300,
  "blur_score" : 342.75714111328125,
  "t_21" : 0.74843829870223999,
  "t_10" : -0.97474199533462524,
  "width" : 1024,
  "height" : 768,
  "manual_keyframe" : true,
  "cx" : 516.77862548828125,
  "fx" : 712.4818115234375
}