{
  "t_02" : -0.40395072102546692,
  "t_13" : -0.28143227100372314,
  "cy" : 382.5413818359375,
  "fy" : 713.59515380859375,
  "t_22" : -0.86483079195022583,
  "t_11" : 0.073424689471721649,
  "t_00" : -0.19549660384654999,
  "t_20" : -0.23677828907966614,
  "angular_velocity" : 3.4028234663852886e+38,
  "t_03" : 3.7193448543548584,
  "center_depth" : 1.3618196249008179,
  "t_23" : 4.3269872665405273,
  "t_12" : 0.298147052526474,
  "t_01" : -0.89364701509475708,
  "timestamp" : 6287303060,
  "blur_score" : 246.57806396484375,
  "t_21" : 0.44272324442863464,
  "t_10" : -0.95169174671173096,
  "width" : 1024,
  "height" : 768,
  "manual_keyframe" : true,
  "cx" : 516.68890380859375,
  "fx" : 713.59515380859375
}