{
  "t_02" : -0.23313477635383606,
  "t_13" : -0.26881703734397888,
  "cy" : 382.63253784179688,
  "fy" : 713.5968017578125,
  "t_22" : -0.92147886753082275,
  "t_11" : 0.062834113836288452,
  "t_00" : -0.1401219367980957,
  "t_20" : -0.28432178497314453,
  "angular_velocity" : 3.4028234663852886e+38,
  "t_03" : 3.8249850273132324,
  "center_depth" : 1.3726764917373657,
  "t_23" : 4.2383651733398438,
  "t_12" : 0.31068453192710876,
  "t_01" : -0.9622962474822998,
  "timestamp" : 6287603087,
  "blur_score" : 447.35345458984375,
  "t_21" : 0.26464667916297913,
  "t_10" : -0.94843399524688721,
  "width" : 1024,
  "height" : 768,
  "manual_keyframe" : true,
  "cx" : 516.6893310546875,
  "fx" : 713.5968017578125
}