{
  "t_02" : -0.29808443784713745,
  "t_13" : -0.27422553300857544,
  "cy" : 382.57614135742188,
  "fy" : 713.5888671875,
  "t_22" : -0.90624541044235229,
  "t_11" : 0.061716042459011078,
  "t_00" : -0.15492197871208191,
  "t_20" : -0.26395633816719055,
  "angular_velocity" : 3.4028234663852886e+38,
  "t_03" : 3.7760570049285889,
  "center_depth" : 1.3656638860702515,
  "t_23" : 4.2701826095581055,
  "t_12" : 0.29977473616600037,
  "t_01" : -0.9418836236000061,
  "timestamp" : 6287469742,
  "blur_score" : 317.550048828125,
  "t_21" : 0.33022159337997437,
  "t_10" : -0.95201170444488525,
  "width" : 1024,
  "height" : 768,
  "manual_keyframe" : true,
  "cx" : 516.68798828125,
  "fx" : 713.5888671875
}