{
  "t_02" : -0.83339673280715942,
  "t_13" : -0.21758489310741425,
  "cy" : 382.8448486328125,
  "fy" : 712.1451416015625,
  "t_22" : -0.52891498804092407,
  "t_11" : 0.037404604256153107,
  "t_00" : -0.15555956959724426,
  "t_20" : -0.053843721747398376,
  "angular_velocity" : 3.4028234663852886e+38,
  "t_03" : 4.0972905158996582,
  "t_23" : 4.3543500900268555,
  "t_12" : 0.16030851006507874,
  "t_01" : -0.53033113479614258,
  "timestamp" : 6288636511,
  "blur_score" : 108.38447570800781,
  "t_21" : 0.84696507453918457,
  "t_10" : -0.98635798692703247,
  "width" : 1024,
  "height" : 768,
  "manual_keyframe" : true,
  "cx" : 516.72900390625,
  "fx" : 712.1451416015625
}