{
  "t_02" : -0.6801486611366272,
  "t_13" : -0.22466063499450684,
  "cy" : 382.95223999023438,
  "fy" : 713.25054931640625,
  "t_22" : -0.70836728811264038,
  "t_11" : 0.026455940678715706,
  "t_00" : -0.15008802711963654,
  "t_20" : -0.11741775274276733,
  "angular_velocity" : 3.4028234663852886e+38,
  "t_03" : 4.0477390289306641,
  "t_23" : 4.3025064468383789,
  "t_12" : 0.18871518969535828,
  "t_01" : -0.71754539012908936,
  "timestamp" : 6288369821,
  "blur_score" : 110.15414428710938,
  "t_21" : 0.69600903987884521,
  "t_10" : -0.98167532682418823,
  "width" : 1024,
  "height" : 768,
  "manual_keyframe" : true,
  "cx" : 516.71331787109375,
  "fx" : 713.25054931640625
}