{
  "t_02" : -0.92736572027206421,
  "t_13" : -0.20733653008937836,
  "cy" : 382.61831665039062,
  "fy" : 711.13348388671875,
  "t_22" : -0.34838545322418213,
  "t_11" : 0.038726352155208588,
  "t_00" : -0.1413906067609787,
  "t_20" : -0.01135698240250349,
  "angular_velocity" : 3.4028234663852886e+38,
  "t_03" : 4.1627044677734375,
  "t_23" : 4.3601369857788086,
  "t_12" : 0.136457160115242,
  "t_01" : -0.34641256928443909,
  "timestamp" : 6288869865,
  "blur_score" : 106.28988647460938,
  "t_21" : 0.9372825026512146,
  "t_10" : -0.98988872766494751,
  "width" : 1024,
  "height" : 768,
  "manual_keyframe" : true,
  "cx" : 516.7744140625,
  "fx" : 711.13348388671875
}