{
  "t_02" : -0.5204007625579834,
  "t_13" : -0.2323620617389679,
  "cy" : 382.89767456054688,
  "fy" : 713.555419921875,
  "t_22" : -0.82215654850006104,
  "t_11" : 0.038037259131669998,
  "t_00" : -0.15634499490261078,
  "t_20" : -0.17390984296798706,
  "angular_velocity" : 3.4028234663852886e+38,
  "t_03" : 4.0175309181213379,
  "t_23" : 4.2615981101989746,
  "t_12" : 0.23074129223823547,
  "t_01" : -0.83948749303817749,
  "timestamp" : 6288203140,
  "blur_score" : 136.24739074707031,
  "t_21" : 0.5420459508895874,
  "t_10" : -0.97227132320404053,
  "width" : 1024,
  "height" : 768,
  "manual_keyframe" : true,
  "cx" : 516.73455810546875,
  "fx" : 713.555419921875
}