{
  "t_02" : -0.9467812180519104,
  "t_13" : -0.18823513388633728,
  "cy" : 382.48110961914062,
  "fy" : 710.90631103515625,
  "t_22" : 0.31880956888198853,
  "t_11" : 0.044027581810951233,
  "t_00" : -0.02791191078722477,
  "t_20" : 0.05590115487575531,
  "angular_velocity" : 3.4028234663852886e+38,
  "t_03" : 4.4124536514282227,
  "t_23" : 4.233619213104248,
  "t_12" : 0.044334925711154938,
  "t_01" : 0.32066500186920166,
  "timestamp" : 6289603263,
  "blur_score" : 129.01675415039062,
  "t_21" : 0.94616878032684326,
  "t_10" : -0.99804604053497314,
  "width" : 1024,
  "height" : 768,
  "manual_keyframe" : true,
  "cx" : 516.8271484375,
  "fx" : 710.90631103515625
}