{
  "t_02" : -0.82302170991897583,
  "t_13" : -0.18850205838680267,
  "cy" : 382.64044189453125,
  "fy" : 710.91265869140625,
  "t_22" : 0.56663799285888672,
  "t_11" : 0.029628695920109749,
  "t_00" : -0.015668310225009918,
  "t_20" : 0.046787295490503311,
  "angular_velocity" : 3.4028234663852886e+38,
  "t_03" : 4.4796595573425293,
  "center_depth" : 6.7494816780090332,
  "t_23" : 4.1924586296081543,
  "t_12" : 0.0394548699259758,
  "t_01" : 0.56779384613037109,
  "timestamp" : 6289836617,
  "blur_score" : 132.70330810546875,
  "t_21" : 0.82263749837875366,
  "t_10" : -0.99878197908401489,
  "width" : 1024,
  "height" : 768,
  "manual_keyframe" : true,
  "cx" : 516.82568359375,
  "fx" : 710.91265869140625
}