{
  "t_02" : -0.99170380830764771,
  "t_13" : -0.19672687351703644,
  "cy" : 382.39044189453125,
  "fy" : 710.637939453125,
  "t_22" : -0.08179745078086853,
  "t_11" : 0.031434368342161179,
  "t_00" : -0.10137198865413666,
  "t_20" : 0.023336000740528107,
  "angular_velocity" : 3.4028234663852886e+38,
  "t_03" : 4.2767291069030762,
  "t_23" : 4.3260746002197266,
  "t_12" : 0.09916011244058609,
  "t_01" : -0.079039685428142548,
  "timestamp" : 6289169891,
  "blur_score" : 108.50777435302734,
  "t_21" : 0.9963756799697876,
  "t_10" : -0.99457484483718872,
  "width" : 1024,
  "height" : 768,
  "manual_keyframe" : true,
  "cx" : 516.8629150390625,
  "fx" : 710.637939453125
}