{
  "t_02" : -0.98567306995391846,
  "t_13" : -0.19024264812469482,
  "cy" : 382.40646362304688,
  "fy" : 710.64111328125,
  "t_22" : 0.15782617032527924,
  "t_11" : 0.041743423789739609,
  "t_00" : -0.052081763744354248,
  "t_20" : 0.050689522176980972,
  "angular_velocity" : 3.4028234663852886e+38,
  "t_03" : 4.3647427558898926,
  "center_depth" : 5.5382685661315918,
  "t_23" : 4.2690944671630859,
  "t_12" : 0.059493053704500198,
  "t_01" : 0.16042448580265045,
  "timestamp" : 6289436581,
  "blur_score" : 121.96820068359375,
  "t_21" : 0.98616504669189453,
  "t_10" : -0.99735558032989502,
  "width" : 1024,
  "height" : 768,
  "manual_keyframe" : true,
  "cx" : 516.845458984375,
  "fx" : 710.64111328125
}