{
  "t_02" : -0.32952329516410828,
  "t_13" : -0.17164774239063263,
  "cy" : 382.5867919921875,
  "fy" : 710.29962158203125,
  "t_22" : 0.94314157962799072,
  "t_11" : 0.0072441240772604942,
  "t_00" : -0.0075253178365528584,
  "t_20" : 0.043522149324417114,
  "angular_velocity" : 3.4028234663852886e+38,
  "t_03" : 4.6657810211181641,
  "t_23" : 4.065483570098877,
  "t_12" : 0.043569836765527725,
  "t_01" : 0.94411736726760864,
  "timestamp" : 6290636687,
  "blur_score" : 243.99639892578125,
  "t_21" : 0.32952961325645447,
  "t_10" : -0.9990241527557373,
  "width" : 1024,
  "height" : 768,
  "manual_keyframe" : true,
  "cx" : 516.87744140625,
  "fx" : 710.29962158203125
}