{
  "t_02" : -0.53936350345611572,
  "t_13" : -0.18373493850231171,
  "cy" : 382.71206665039062,
  "fy" : 710.7872314453125,
  "t_22" : 0.84074246883392334,
  "t_11" : 0.019825197756290436,
  "t_00" : -0.0088402405381202698,
  "t_20" : 0.050536539405584335,
  "angular_velocity" : 3.4028234663852886e+38,
  "t_03" : 4.578883171081543,
  "t_23" : 4.1450443267822266,
  "t_12" : 0.047318633645772934,
  "t_01" : 0.84202659130096436,
  "timestamp" : 6290203315,
  "blur_score" : 253.82583618164062,
  "t_21" : 0.53907144069671631,
  "t_10" : -0.99868303537368774,
  "width" : 1024,
  "height" : 768,
  "manual_keyframe" : true,
  "cx" : 516.855224609375,
  "fx" : 710.7872314453125
}