{
  "t_02" : -0.69226962327957153,
  "t_13" : -0.18584421277046204,
  "cy" : 382.7154541015625,
  "fy" : 710.9365234375,
  "t_22" : 0.720253586769104,
  "t_11" : 0.020164854824542999,
  "t_00" : -0.016411105170845985,
  "t_20" : 0.046203114092350006,
  "angular_velocity" : 3.4028234663852886e+38,
  "t_03" : 4.5264201164245605,
  "center_depth" : 6.241002082824707,
  "t_23" : 4.1678357124328613,
  "t_12" : 0.044692624360322952,
  "t_01" : 0.72145229578018188,
  "timestamp" : 6290003298,
  "blur_score" : 170.7474365234375,
  "t_21" : 0.69217056035995483,
  "t_10" : -0.99879729747772217,
  "width" : 1024,
  "height" : 768,
  "manual_keyframe" : true,
  "cx" : 516.8660888671875,
  "fx" : 710.9365234375
}