{
  "t_02" : -0.087980180978775024,
  "t_13" : -0.14573907852172852,
  "cy" : 382.43655395507812,
  "fy" : 710.2806396484375,
  "t_22" : 0.99598348140716553,
  "t_11" : -0.0070125777274370193,
  "t_00" : -0.0084491493180394173,
  "t_20" : 0.015942621976137161,
  "angular_velocity" : 3.4028234663852886e+38,
  "t_03" : 4.7611269950866699,
  "t_23" : 3.8162016868591309,
  "t_12" : 0.016624651849269867,
  "t_01" : 0.99608641862869263,
  "timestamp" : 6291203404,
  "blur_score" : 182.5030517578125,
  "t_21" : 0.088106311857700348,
  "t_10" : -0.99983721971511841,
  "width" : 1024,
  "height" : 768,
  "manual_keyframe" : true,
  "cx" : 516.87872314453125,
  "fx" : 710.2806396484375
}