{
  "t_02" : 0.079256661236286163,
  "t_13" : -0.14564408361911774,
  "cy" : 382.65771484375,
  "fy" : 710.65380859375,
  "t_22" : 0.99684441089630127,
  "t_11" : -0.019172556698322296,
  "t_00" : -0.018764225766062737,
  "t_20" : 0.0058991089463233948,
  "angular_velocity" : 3.4028234663852886e+38,
  "t_03" : 4.9030652046203613,
  "t_23" : 3.5462164878845215,
  "t_12" : 0.004394154530018568,
  "t_01" : 0.9966774582862854,
  "timestamp" : 6291703447,
  "blur_score" : 189.83380126953125,
  "t_21" : -0.079158872365951538,
  "t_10" : -0.99980646371841431,
  "width" : 1024,
  "height" : 768,
  "manual_keyframe" : true,
  "cx" : 516.783203125,
  "fx" : 710.65380859375
}