{
  "t_02" : 0.18545280396938324,
  "t_13" : -0.12704338133335114,
  "cy" : 382.35977172851562,
  "fy" : 710.63946533203125,
  "t_22" : 0.98259365558624268,
  "t_11" : -0.0038477894850075245,
  "t_00" : -0.0017760316841304302,
  "t_20" : 0.011338044889271259,
  "angular_velocity" : 3.4028234663852886e+38,
  "t_03" : 5.171208381652832,
  "t_23" : 2.9747836589813232,
  "t_12" : 0.010812032036483288,
  "t_01" : 0.98265153169631958,
  "timestamp" : 6292570191,
  "blur_score" : 258.51785278320312,
  "t_21" : -0.18542139232158661,
  "t_10" : -0.99993419647216797,
  "width" : 1024,
  "height" : 768,
  "manual_keyframe" : true,
  "cx" : 516.7921142578125,
  "fx" : 710.63946533203125
}