{
  "t_02" : 0.1885489821434021,
  "t_13" : -0.13031290471553802,
  "cy" : 382.51287841796875,
  "fy" : 711.24456787109375,
  "t_22" : 0.98205572366714478,
  "t_11" : -0.0039495150558650494,
  "t_00" : -0.0031288200989365578,
  "t_20" : 0.0046504628844559193,
  "angular_velocity" : 3.4028234663852886e+38,
  "t_03" : 5.2733802795410156,
  "t_23" : 2.6876146793365479,
  "t_12" : 0.003977140411734581,
  "t_01" : 0.98205870389938354,
  "timestamp" : 6292970225,
  "blur_score" : 231.70747375488281,
  "t_21" : -0.18853358924388885,
  "t_10" : -0.9999842643737793,
  "width" : 1024,
  "height" : 768,
  "manual_keyframe" : true,
  "cx" : 516.8291015625,
  "fx" : 711.24456787109375
}