{
  "t_02" : 0.16462971270084381,
  "t_13" : -0.13252261281013489,
  "cy" : 382.509033203125,
  "fy" : 710.6204833984375,
  "t_22" : 0.98635143041610718,
  "t_11" : -0.0096003450453281403,
  "t_00" : -0.0099308257922530174,
  "t_20" : -0.0011841038940474391,
  "angular_velocity" : 3.4028234663852886e+38,
  "t_03" : 5.0888614654541016,
  "center_depth" : 4.1739749908447266,
  "t_23" : 3.2431228160858154,
  "t_12" : -0.0028029915411025286,
  "t_01" : 0.98630547523498535,
  "timestamp" : 6292203492,
  "blur_score" : 295.96420288085938,
  "t_21" : -0.16464930772781372,
  "t_10" : -0.99994999170303345,
  "width" : 1024,
  "height" : 768,
  "manual_keyframe" : true,
  "cx" : 516.85650634765625,
  "fx" : 710.6204833984375
}