{
  "t_02" : 0.19473758339881897,
  "t_13" : -0.11408395320177078,
  "cy" : 382.46139526367188,
  "fy" : 711.29229736328125,
  "t_22" : 0.98084962368011475,
  "t_11" : -0.0087412046268582344,
  "t_00" : -0.0079248547554016113,
  "t_20" : 0.0049713733606040478,
  "angular_velocity" : 3.4028234663852886e+38,
  "t_03" : 5.42822265625,
  "t_23" : 2.193044900894165,
  "t_12" : 0.0033330481965094805,
  "t_01" : 0.98082327842712402,
  "timestamp" : 6293603614,
  "blur_score" : 205.02676391601562,
  "t_21" : -0.1947026401758194,
  "t_10" : -0.99995619058609009,
  "width" : 1024,
  "height" : 768,
  "manual_keyframe" : true,
  "cx" : 516.8499755859375,
  "fx" : 711.29229736328125
}