{
  "t_02" : 0.18870468437671661,
  "t_13" : -0.12375471740961075,
  "cy" : 382.58395385742188,
  "fy" : 711.25726318359375,
  "t_22" : 0.98200386762619019,
  "t_11" : -0.0056040650233626366,
  "t_00" : -0.0040565053932368755,
  "t_20" : 0.0085878167301416397,
  "angular_velocity" : 3.4028234663852886e+38,
  "t_03" : 5.3344182968139648,
  "center_depth" : 3.3938040733337402,
  "t_23" : 2.527742862701416,
  "t_12" : 0.0076681347563862801,
  "t_01" : 0.98202544450759888,
  "timestamp" : 6293170243,
  "blur_score" : 210.28329467773438,
  "t_21" : -0.18866506218910217,
  "t_10" : -0.9999549388885498,
  "width" : 1024,
  "height" : 768,
  "manual_keyframe" : true,
  "cx" : 516.8306884765625,
  "fx" : 711.25726318359375
}