{
  "t_02" : 0.20323345065116882,
  "t_13" : -0.092430107295513153,
  "cy" : 382.38479614257812,
  "fy" : 711.86083984375,
  "t_22" : 0.97912788391113281,
  "t_11" : -0.01952439546585083,
  "t_00" : -0.018686309456825256,
  "t_20" : 0.0060428371652960777,
  "angular_velocity" : 3.4028234663852886e+38,
  "t_03" : 5.4838018417358398,
  "t_23" : 1.8992161750793457,
  "t_12" : 0.0021194356959313154,
  "t_01" : 0.97895181179046631,
  "timestamp" : 6294003650,
  "blur_score" : 186.15376281738281,
  "t_21" : -0.20315463840961456,
  "t_10" : -0.99980705976486206,
  "width" : 1024,
  "height" : 768,
  "manual_keyframe" : true,
  "cx" : 516.8887939453125,
  "fx" : 711.86083984375
}