{
  "t_02" : 0.22941702604293823,
  "t_13" : -0.10693062841892242,
  "cy" : 382.45928955078125,
  "fy" : 711.85125732421875,
  "t_22" : 0.9733281135559082,
  "t_11" : -0.02615785226225853,
  "t_00" : -0.025495462119579315,
  "t_20" : 0.005851376336067915,
  "angular_velocity" : 3.4028234663852886e+38,
  "t_03" : 5.5580530166625977,
  "t_23" : 1.5951743125915527,
  "t_12" : -0.00015383669233415276,
  "t_01" : 0.97299408912658691,
  "timestamp" : 6294470357,
  "blur_score" : 205.12722778320312,
  "t_21" : -0.22934246063232422,
  "t_10" : -0.99965775012969971,
  "width" : 1024,
  "height" : 768,
  "manual_keyframe" : true,
  "cx" : 516.75701904296875,
  "fx" : 711.85125732421875
}