{
  "t_02" : 0.41164657473564148,
  "t_13" : -0.070657908916473389,
  "cy" : 382.19863891601562,
  "fy" : 712.4564208984375,
  "t_22" : 0.91060394048690796,
  "t_11" : -0.0031031917314976454,
  "t_00" : -0.01794959232211113,
  "t_20" : -0.032167829573154449,
  "angular_velocity" : 3.4028234663852886e+38,
  "t_03" : 5.5859880447387695,
  "center_depth" : 2.2293770313262939,
  "t_23" : 1.2081283330917358,
  "t_12" : -0.036705948412418365,
  "t_01" : 0.91116660833358765,
  "timestamp" : 6295437109,
  "blur_score" : 131.98648071289062,
  "t_21" : -0.412026047706604,
  "t_10" : -0.99932122230529785,
  "width" : 1024,
  "height" : 768,
  "manual_keyframe" : true,
  "cx" : 516.81219482421875,
  "fx" : 712.4564208984375
}