{
  "t_02" : 0.40824657678604126,
  "t_13" : -0.068515412509441376,
  "cy" : 382.2080078125,
  "fy" : 712.43731689453125,
  "t_22" : 0.91284281015396118,
  "t_11" : -0.017040194943547249,
  "t_00" : -0.018525328487157822,
  "t_20" : 0.00031717499950900674,
  "angular_velocity" : 3.4028234663852886e+38,
  "t_03" : 5.597905158996582,
  "center_depth" : 2.2623090744018555,
  "t_23" : 1.2426741123199463,
  "t_12" : -0.0072746202349662781,
  "t_01" : 0.91268366575241089,
  "timestamp" : 6295270428,
  "blur_score" : 147.28096008300781,
  "t_21" : -0.40831124782562256,
  "t_10" : -0.9998282790184021,
  "width" : 1024,
  "height" : 768,
  "manual_keyframe" : true,
  "cx" : 516.86492919921875,
  "fx" : 712.43731689453125
}