{
  "t_02" : 0.59998136758804321,
  "t_13" : -0.14013437926769257,
  "cy" : 382.49575805664062,
  "fy" : 712.1483154296875,
  "t_22" : 0.79723429679870605,
  "t_11" : -0.037776518613100052,
  "t_00" : -0.070289112627506256,
  "t_20" : -0.030434897169470787,
  "angular_velocity" : 3.4028234663852886e+38,
  "t_03" : 5.6849517822265625,
  "center_depth" : 2.6880843639373779,
  "t_23" : 1.1467084884643555,
  "t_12" : -0.066631652414798737,
  "t_01" : 0.79692023992538452,
  "timestamp" : 6296503869,
  "blur_score" : 117.85812377929688,
  "t_21" : -0.60290235280990601,
  "t_10" : -0.99706226587295532,
  "width" : 1024,
  "height" : 768,
  "manual_keyframe" : true,
  "cx" : 516.917236328125,
  "fx" : 712.1483154296875
}