{
  "t_02" : 0.37538561224937439,
  "t_13" : -0.12389933317899704,
  "cy" : 382.35403442382812,
  "fy" : 712.44854736328125,
  "t_22" : 0.92430925369262695,
  "t_11" : -0.027006257325410843,
  "t_00" : -0.050971377640962601,
  "t_20" : -0.053563747555017471,
  "angular_velocity" : 3.4028234663852886e+38,
  "t_03" : 5.7833395004272461,
  "t_23" : 1.1629133224487305,
  "t_12" : -0.068831801414489746,
  "t_01" : 0.92546600103378296,
  "timestamp" : 6297870656,
  "blur_score" : 110.24337005615234,
  "t_21" : -0.37786650657653809,
  "t_10" : -0.99726259708404541,
  "width" : 1024,
  "height" : 768,
  "manual_keyframe" : true,
  "cx" : 516.8438720703125,
  "fx" : 712.44854736328125
}