{
  "t_02" : 0.15816400945186615,
  "t_13" : -0.11847825348377228,
  "cy" : 382.37985229492188,
  "fy" : 712.72637939453125,
  "t_22" : 0.98650693893432617,
  "t_11" : -0.043826185166835785,
  "t_00" : -0.050000116229057312,
  "t_20" : -0.034769408404827118,
  "angular_velocity" : 3.4028234663852886e+38,
  "t_03" : 5.8208727836608887,
  "t_23" : 1.1710740327835083,
  "t_12" : -0.042286969721317291,
  "t_01" : 0.98614603281021118,
  "timestamp" : 6298304028,
  "blur_score" : 185.40740966796875,
  "t_21" : -0.1599847674369812,
  "t_10" : -0.99814385175704956,
  "width" : 1024,
  "height" : 768,
  "manual_keyframe" : true,
  "cx" : 516.80694580078125,
  "fx" : 712.72637939453125
}