{
  "t_02" : -0.13911312818527222,
  "t_13" : -0.14051738381385803,
  "cy" : 382.27932739257812,
  "fy" : 712.4310302734375,
  "t_22" : 0.99025130271911621,
  "t_11" : -0.008758246898651123,
  "t_00" : -0.0076911053620278835,
  "t_20" : -0.0082100164145231247,
  "angular_velocity" : 3.4028234663852886e+38,
  "t_03" : 5.8062200546264648,
  "center_depth" : 1.9918934106826782,
  "t_23" : 1.1833235025405884,
  "t_12" : -0.0070604928769171238,
  "t_01" : 0.99024659395217896,
  "timestamp" : 6298804072,
  "blur_score" : 542.36669921875,
  "t_21" : 0.13905002176761627,
  "t_10" : -0.99993675947189331,
  "width" : 1024,
  "height" : 768,
  "manual_keyframe" : true,
  "cx" : 516.743408203125,
  "fx" : 712.4310302734375
}