{
  "t_02" : -0.094808556139469147,
  "t_13" : -0.11763613671064377,
  "cy" : 382.30792236328125,
  "fy" : 712.7518310546875,
  "t_22" : 0.99515241384506226,
  "t_11" : -0.011872113682329655,
  "t_00" : -0.0093442518264055252,
  "t_20" : -0.027140578255057335,
  "angular_velocity" : 3.4028234663852886e+38,
  "t_03" : 5.8234572410583496,
  "t_23" : 1.189670205116272,
  "t_12" : -0.026133863255381584,
  "t_01" : 0.99545162916183472,
  "timestamp" : 6298637390,
  "blur_score" : 271.157470703125,
  "t_21" : 0.0945252925157547,
  "t_10" : -0.99958795309066772,
  "width" : 1024,
  "height" : 768,
  "manual_keyframe" : true,
  "cx" : 516.813232421875,
  "fx" : 712.7518310546875
}