{
  "t_02" : -0.041499901562929153,
  "t_13" : -0.22495308518409729,
  "cy" : 382.63137817382812,
  "fy" : 712.699462890625,
  "t_22" : 0.92580246925354004,
  "t_11" : 0.031443625688552856,
  "t_00" : 0.017080025747418404,
  "t_20" : 0.37664908170700073,
  "angular_velocity" : 3.4028234663852886e+38,
  "t_03" : 5.7418560981750488,
  "center_depth" : 2.0430359840393066,
  "t_23" : 1.031856894493103,
  "t_12" : 0.37572270631790161,
  "t_01" : 0.99899250268936157,
  "timestamp" : 6299670814,
  "blur_score" : 285.83203125,
  "t_21" : 0.032019797712564468,
  "t_10" : -0.92619854211807251,
  "width" : 1024,
  "height" : 768,
  "manual_keyframe" : true,
  "cx" : 517.04974365234375,
  "fx" : 712.699462890625
}