{
  "t_02" : -0.015185276046395302,
  "t_13" : -0.16555549204349518,
  "cy" : 382.71026611328125,
  "fy" : 712.99481201171875,
  "t_22" : 0.90013068914413452,
  "t_11" : 0.071443319320678711,
  "t_00" : 0.072027102112770081,
  "t_20" : 0.43525892496109009,
  "angular_velocity" : 3.4028234663852886e+38,
  "t_03" : 5.7415084838867188,
  "center_depth" : 2.067349910736084,
  "t_23" : 0.98178714513778687,
  "t_12" : 0.43535509705543518,
  "t_01" : 0.99728703498840332,
  "timestamp" : 6299970841,
  "blur_score" : 368.6661376953125,
  "t_21" : -0.017729800194501877,
  "t_10" : -0.8974195122718811,
  "width" : 1024,
  "height" : 768,
  "manual_keyframe" : true,
  "cx" : 516.9945068359375,
  "fx" : 712.99481201171875
}