{
  "t_02" : 0.014023149386048317,
  "t_13" : -0.12473820894956589,
  "cy" : 382.7239990234375,
  "fy" : 712.97894287109375,
  "t_22" : 0.87235736846923828,
  "t_11" : 0.087289303541183472,
  "t_00" : 0.10785046964883804,
  "t_20" : 0.48454472422599792,
  "angular_velocity" : 3.4028234663852886e+38,
  "t_03" : 5.7396841049194336,
  "center_depth" : 2.1266751289367676,
  "t_23" : 0.95988041162490845,
  "t_12" : 0.48866742849349976,
  "t_01" : 0.99406814575195312,
  "timestamp" : 6300204195,
  "blur_score" : 259.918212890625,
  "t_21" : -0.064876407384872437,
  "t_10" : -0.86809253692626953,
  "width" : 1024,
  "height" : 768,
  "manual_keyframe" : true,
  "cx" : 516.6258544921875,
  "fx" : 712.97894287109375
}