{
  "t_02" : 0.021676411852240562,
  "t_13" : -0.44811198115348816,
  "cy" : 382.97048950195312,
  "fy" : 713.3125,
  "t_22" : 0.88194096088409424,
  "t_11" : 0.084467761218547821,
  "t_00" : 0.10723323374986649,
  "t_20" : 0.46620365977287292,
  "angular_velocity" : 3.4028234663852886e+38,
  "t_03" : 5.6167879104614258,
  "center_depth" : 1.8763679265975952,
  "t_23" : 0.86977964639663696,
  "t_12" : 0.47086092829704285,
  "t_01" : 0.99399745464324951,
  "timestamp" : 6302187703,
  "blur_score" : 256.116943359375,
  "t_21" : -0.069527193903923035,
  "t_10" : -0.87815427780151367,
  "width" : 1024,
  "height" : 768,
  "manual_keyframe" : true,
  "cx" : 516.1561279296875,
  "fx" : 713.3125
}