{
  "t_02" : 0.030195025727152824,
  "t_13" : -0.77960199117660522,
  "cy" : 382.912353515625,
  "fy" : 713.6031494140625,
  "t_22" : 0.90827900171279907,
  "t_11" : 0.070304401218891144,
  "t_00" : 0.091141276061534882,
  "t_20" : 0.41322344541549683,
  "angular_velocity" : 3.4028234663852886e+38,
  "t_03" : 5.7176876068115234,
  "t_23" : 0.89978891611099243,
  "t_12" : 0.41727399826049805,
  "t_01" : 0.99538010358810425,
  "timestamp" : 6303737839,
  "blur_score" : 351.13327026367188,
  "t_21" : -0.065389305353164673,
  "t_10" : -0.90605723857879639,
  "width" : 1024,
  "height" : 768,
  "manual_keyframe" : true,
  "cx" : 516.43927001953125,
  "fx" : 713.6031494140625
}