{
  "t_02" : 0.21342016756534576,
  "t_13" : -0.39066815376281738,
  "cy" : 382.86672973632812,
  "fy" : 714.8197021484375,
  "t_22" : 0.84063851833343506,
  "t_11" : 0.026552304625511169,
  "t_00" : 0.15210413932800293,
  "t_20" : 0.47470822930335999,
  "angular_velocity" : 3.4028234663852886e+38,
  "t_03" : 5.8832602500915527,
  "t_23" : 0.72845405340194702,
  "t_12" : 0.49777352809906006,
  "t_01" : 0.96504712104797363,
  "timestamp" : 6305504660,
  "blur_score" : 245.23200988769531,
  "t_21" : -0.26072749495506287,
  "t_10" : -0.86690038442611694,
  "width" : 1024,
  "height" : 768,
  "manual_keyframe" : true,
  "cx" : 516.66064453125,
  "fx" : 714.8197021484375
}