{
  "t_02" : 0.20731943845748901,
  "t_13" : -0.65678554773330688,
  "cy" : 382.88995361328125,
  "fy" : 713.91607666015625,
  "t_22" : 0.85034525394439697,
  "t_11" : 0.038632266223430634,
  "t_00" : 0.15733529627323151,
  "t_20" : 0.45898768305778503,
  "angular_velocity" : 3.4028234663852886e+38,
  "t_03" : 5.81317138671875,
  "t_23" : 0.79494649171829224,
  "t_12" : 0.48366475105285645,
  "t_01" : 0.96553826332092285,
  "timestamp" : 6305087957,
  "blur_score" : 193.15638732910156,
  "t_21" : -0.25737771391868591,
  "t_10" : -0.87440037727355957,
  "width" : 1024,
  "height" : 768,
  "manual_keyframe" : true,
  "cx" : 516.68035888671875,
  "fx" : 713.91607666015625
}