{
  "t_02" : 0.1513170450925827,
  "t_13" : -0.19483083486557007,
  "cy" : 382.96539306640625,
  "fy" : 713.9398193359375,
  "t_22" : 0.83016902208328247,
  "t_11" : 0.19593454897403717,
  "t_00" : 0.3220180869102478,
  "t_20" : 0.47182339429855347,
  "angular_velocity" : 3.4028234663852886e+38,
  "t_03" : 6.009974479675293,
  "t_23" : 0.51596426963806152,
  "t_12" : 0.53658413887023926,
  "t_01" : 0.93456274271011353,
  "timestamp" : 6306271394,
  "blur_score" : 358.0838623046875,
  "t_21" : -0.29698845744132996,
  "t_10" : -0.82078444957733154,
  "width" : 1024,
  "height" : 768,
  "manual_keyframe" : true,
  "cx" : 515.98016357421875,
  "fx" : 713.9398193359375
}