{
  "t_02" : 0.14177271723747253,
  "t_13" : -0.19644345343112946,
  "cy" : 383.2745361328125,
  "fy" : 714.2447509765625,
  "t_22" : 0.82504892349243164,
  "t_11" : 0.21160155534744263,
  "t_00" : 0.33874177932739258,
  "t_20" : 0.4787733256816864,
  "angular_velocity" : 3.4028234663852886e+38,
  "t_03" : 6.0927548408508301,
  "center_depth" : 1.5430890321731567,
  "t_23" : 0.43226185441017151,
  "t_12" : 0.54698687791824341,
  "t_01" : 0.93013668060302734,
  "timestamp" : 6306488080,
  "blur_score" : 513.74420166015625,
  "t_21" : -0.30011707544326782,
  "t_10" : -0.80995672941207886,
  "width" : 1024,
  "height" : 768,
  "manual_keyframe" : true,
  "cx" : 515.85528564453125,
  "fx" : 714.2447509765625
}