{
  "t_02" : 0.13707061111927032,
  "t_13" : -0.4111630916595459,
  "cy" : 383.29180908203125,
  "fy" : 715.03729248046875,
  "t_22" : 0.79484564065933228,
  "t_11" : 0.15641020238399506,
  "t_00" : 0.28964751958847046,
  "t_20" : 0.53851699829101562,
  "angular_velocity" : 3.4028234663852886e+38,
  "t_03" : 5.8259100914001465,
  "center_depth" : 1.5589796304702759,
  "t_23" : 0.41483873128890991,
  "t_12" : 0.59112769365310669,
  "t_01" : 0.94726759195327759,
  "timestamp" : 6307671516,
  "blur_score" : 115.52344512939453,
  "t_21" : -0.27967816591262817,
  "t_10" : -0.7912672758102417,
  "width" : 1024,
  "height" : 768,
  "manual_keyframe" : true,
  "cx" : 515.80023193359375,
  "fx" : 715.03729248046875
}