{
  "t_02" : 0.14099405705928802,
  "t_13" : -0.42137229442596436,
  "cy" : 383.39401245117188,
  "fy" : 715.08966064453125,
  "t_22" : 0.78415971994400024,
  "t_11" : 0.1401941329240799,
  "t_00" : 0.27846020460128784,
  "t_20" : 0.55437195301055908,
  "angular_velocity" : 3.4028234663852886e+38,
  "t_03" : 5.8055949211120605,
  "center_depth" : 1.5302985906600952,
  "t_23" : 0.43642294406890869,
  "t_12" : 0.60432928800582886,
  "t_01" : 0.9500422477722168,
  "timestamp" : 6307738189,
  "blur_score" : 137.04153442382812,
  "t_21" : -0.2788638174533844,
  "t_10" : -0.78430318832397461,
  "width" : 1024,
  "height" : 768,
  "manual_keyframe" : true,
  "cx" : 515.838623046875,
  "fx" : 715.08966064453125
}