{
  "t_02" : 0.095804005861282349,
  "t_13" : -0.46784251928329468,
  "cy" : 383.403076171875,
  "fy" : 714.548095703125,
  "t_22" : 0.74793708324432373,
  "t_11" : 0.089655466377735138,
  "t_00" : 0.20079421997070312,
  "t_20" : 0.63176852464675903,
  "angular_velocity" : 3.4028234663852886e+38,
  "t_03" : 5.6977338790893555,
  "center_depth" : 1.5803555250167847,
  "t_23" : 0.54293608665466309,
  "t_12" : 0.65681934356689453,
  "t_01" : 0.97493749856948853,
  "timestamp" : 6308171559,
  "blur_score" : 374.878662109375,
  "t_21" : -0.20361387729644775,
  "t_10" : -0.74869900941848755,
  "width" : 1024,
  "height" : 768,
  "manual_keyframe" : true,
  "cx" : 515.9639892578125,
  "fx" : 714.548095703125
}