{
  "t_02" : -0.10724402964115143,
  "t_13" : -0.54897904396057129,
  "cy" : 382.95721435546875,
  "fy" : 714.52423095703125,
  "t_22" : 0.6583588719367981,
  "t_11" : 0.079539269208908081,
  "t_00" : -0.0012366330483928323,
  "t_20" : 0.74925774335861206,
  "angular_velocity" : 3.4028234663852886e+38,
  "t_03" : 5.5843372344970703,
  "center_depth" : 1.6287306547164917,
  "t_23" : 0.5188983678817749,
  "t_12" : 0.74502497911453247,
  "t_01" : 0.9942319393157959,
  "timestamp" : 6309054969,
  "blur_score" : 276.86016845703125,
  "t_21" : 0.071946613490581512,
  "t_10" : -0.66227728128433228,
  "width" : 1024,
  "height" : 768,
  "manual_keyframe" : true,
  "cx" : 515.68841552734375,
  "fx" : 714.52423095703125
}