{
  "t_02" : -0.30257439613342285,
  "t_13" : -0.37571501731872559,
  "cy" : 382.86294555664062,
  "fy" : 714.57830810546875,
  "t_22" : 0.73172056674957275,
  "t_11" : 0.043402474373579025,
  "t_00" : -0.18238595128059387,
  "t_20" : 0.58451098203659058,
  "angular_velocity" : 3.4028234663852886e+38,
  "t_03" : 5.4654173851013184,
  "t_23" : 0.64524275064468384,
  "t_12" : 0.61076492071151733,
  "t_01" : 0.93551278114318848,
  "timestamp" : 6309771698,
  "blur_score" : 103.45172119140625,
  "t_21" : 0.35061672329902649,
  "t_10" : -0.79062151908874512,
  "width" : 1024,
  "height" : 768,
  "manual_keyframe" : true,
  "cx" : 515.46044921875,
  "fx" : 714.57830810546875
}