{
  "t_02" : -0.56843787431716919,
  "t_13" : -0.21520261466503143,
  "cy" : 382.97915649414062,
  "fy" : 713.8858642578125,
  "t_22" : 0.76390665769577026,
  "t_11" : 0.043426018208265305,
  "t_00" : -0.14559347927570343,
  "t_20" : 0.27205401659011841,
  "angular_velocity" : 3.4028234663852886e+38,
  "t_03" : 5.4846005439758301,
  "t_23" : 0.78266477584838867,
  "t_12" : 0.30549144744873047,
  "t_01" : 0.80974119901657104,
  "timestamp" : 6310271741,
  "blur_score" : 81.267021179199219,
  "t_21" : 0.58517801761627197,
  "t_10" : -0.95120400190353394,
  "width" : 1024,
  "height" : 768,
  "manual_keyframe" : true,
  "cx" : 515.958740234375,
  "fx" : 713.8858642578125
}