{
  "t_02" : -0.86822080612182617,
  "t_13" : -0.11175645142793655,
  "cy" : 382.71734619140625,
  "fy" : 712.7169189453125,
  "t_22" : 0.4945533275604248,
  "t_11" : 0.068307511508464813,
  "t_00" : 0.06861451268196106,
  "t_20" : 0.039591286331415176,
  "angular_velocity" : 3.4028234663852886e+38,
  "t_03" : 5.5427885055541992,
  "center_depth" : 2.5687253475189209,
  "t_23" : 0.92157447338104248,
  "t_12" : -0.040118619799613953,
  "t_01" : 0.49141073226928711,
  "timestamp" : 6310771784,
  "blur_score" : 119.53995513916016,
  "t_21" : 0.86824500560760498,
  "t_10" : -0.99685728549957275,
  "width" : 1024,
  "height" : 768,
  "manual_keyframe" : true,
  "cx" : 516.48779296875,
  "fx" : 712.7169189453125
}