{
  "t_02" : -0.67109900712966919,
  "t_13" : -0.17604143917560577,
  "cy" : 382.93154907226562,
  "fy" : 713.536376953125,
  "t_22" : 0.71699482202529907,
  "t_11" : 0.05136963352560997,
  "t_00" : -0.090468645095825195,
  "t_20" : 0.17320123314857483,
  "angular_velocity" : 3.4028234663852886e+38,
  "t_03" : 5.4970793724060059,
  "center_depth" : 2.0880782604217529,
  "t_23" : 0.82767206430435181,
  "t_12" : 0.18853223323822021,
  "t_01" : 0.73582708835601807,
  "timestamp" : 6310405086,
  "blur_score" : 90.090446472167969,
  "t_21" : 0.67521822452545166,
  "t_10" : -0.98072260618209839,
  "width" : 1024,
  "height" : 768,
  "manual_keyframe" : true,
  "cx" : 516.14013671875,
  "fx" : 713.536376953125
}