{
  "t_02" : -0.95658177137374878,
  "t_13" : -0.1409066766500473,
  "cy" : 382.64590454101562,
  "fy" : 711.22235107421875,
  "t_22" : 0.29145121574401855,
  "t_11" : -0.01528620719909668,
  "t_00" : -0.007098502479493618,
  "t_20" : -0.013817263767123222,
  "angular_velocity" : 3.4028234663852886e+38,
  "t_03" : 5.6469845771789551,
  "t_23" : 1.2330625057220459,
  "t_12" : 0.0027635721489787102,
  "t_01" : 0.29137787222862244,
  "timestamp" : 6312421925,
  "blur_score" : 236.61558532714844,
  "t_21" : 0.95648592710494995,
  "t_10" : -0.99987936019897461,
  "width" : 1024,
  "height" : 768,
  "manual_keyframe" : true,
  "cx" : 516.85931396484375,
  "fx" : 711.22235107421875
}