{
  "t_02" : -0.95382893085479736,
  "t_13" : -0.14125281572341919,
  "cy" : 382.67977905273438,
  "fy" : 711.2684326171875,
  "t_22" : 0.29959657788276672,
  "t_11" : -0.02664501778781414,
  "t_00" : -0.028261959552764893,
  "t_20" : -0.019057745113968849,
  "angular_velocity" : 3.4028234663852886e+38,
  "t_03" : 5.7390956878662109,
  "center_depth" : 3.8092925548553467,
  "t_23" : 1.3100175857543945,
  "t_12" : 0.021259795874357224,
  "t_01" : 0.29901733994483948,
  "timestamp" : 6312638611,
  "blur_score" : 235.25794982910156,
  "t_21" : 0.95387542247772217,
  "t_10" : -0.99941879510879517,
  "width" : 1024,
  "height" : 768,
  "manual_keyframe" : true,
  "cx" : 516.85150146484375,
  "fx" : 711.2684326171875
}