{
  "t_02" : -0.88321465253829956,
  "t_13" : -0.14563344419002533,
  "cy" : 382.30435180664062,
  "fy" : 711.54632568359375,
  "t_22" : 0.46772357821464539,
  "t_11" : -0.086095988750457764,
  "t_00" : -0.070385739207267761,
  "t_20" : -0.060206107795238495,
  "angular_velocity" : 3.4028234663852886e+38,
  "t_03" : 5.8302626609802246,
  "center_depth" : 3.3384726047515869,
  "t_23" : 1.5627528429031372,
  "t_12" : 0.034152708947658539,
  "t_01" : 0.46365675330162048,
  "timestamp" : 6313288666,
  "blur_score" : 300.38241577148438,
  "t_21" : 0.88182181119918823,
  "t_10" : -0.99570119380950928,
  "width" : 1024,
  "height" : 768,
  "manual_keyframe" : true,
  "cx" : 516.7899169921875,
  "fx" : 711.54632568359375
}