{
  "t_02" : -0.67130953073501587,
  "t_13" : -0.1413753479719162,
  "cy" : 382.09445190429688,
  "fy" : 711.5447998046875,
  "t_22" : 0.73902523517608643,
  "t_11" : -0.084939964115619659,
  "t_00" : -0.10078343003988266,
  "t_20" : -0.015579234808683395,
  "angular_velocity" : 3.4028234663852886e+38,
  "t_03" : 5.8477945327758789,
  "center_depth" : 2.9346137046813965,
  "t_23" : 1.8155748844146729,
  "t_12" : 0.056437667459249496,
  "t_01" : 0.73429292440414429,
  "timestamp" : 6314238747,
  "blur_score" : 161.66108703613281,
  "t_21" : 0.67349761724472046,
  "t_10" : -0.99478644132614136,
  "width" : 1024,
  "height" : 768,
  "manual_keyframe" : true,
  "cx" : 516.7724609375,
  "fx" : 711.5447998046875
}