{
  "t_02" : -0.40242791175842285,
  "t_13" : -0.13251066207885742,
  "cy" : 382.08828735351562,
  "fy" : 711.23828125,
  "t_22" : 0.9131547212600708,
  "t_11" : -0.084244154393672943,
  "t_00" : -0.10329519957304001,
  "t_20" : 0.025048784911632538,
  "angular_velocity" : 3.4028234663852886e+38,
  "t_03" : 5.8464508056640625,
  "center_depth" : 2.644740104675293,
  "t_23" : 1.8526685237884521,
  "t_12" : 0.064809396862983704,
  "t_01" : 0.90960538387298584,
  "timestamp" : 6314822130,
  "blur_score" : 250.63087463378906,
  "t_21" : 0.40684276819229126,
  "t_10" : -0.99433529376983643,
  "width" : 1024,
  "height" : 768,
  "manual_keyframe" : true,
  "cx" : 516.8409423828125,
  "fx" : 711.23828125
}