{
  "t_02" : -0.79907107353210449,
  "t_13" : -0.13357442617416382,
  "cy" : 382.03463745117188,
  "fy" : 711.5130615234375,
  "t_22" : 0.60014450550079346,
  "t_11" : -0.09719809889793396,
  "t_00" : -0.087234638631343842,
  "t_20" : -0.056121043860912323,
  "angular_velocity" : 3.4028234663852886e+38,
  "t_03" : 5.8261528015136719,
  "t_23" : 1.7803118228912354,
  "t_12" : 0.036221325397491455,
  "t_01" : 0.59487438201904297,
  "timestamp" : 6314022062,
  "blur_score" : 166.72341918945312,
  "t_21" : 0.79792046546936035,
  "t_10" : -0.99460572004318237,
  "width" : 1024,
  "height" : 768,
  "manual_keyframe" : true,
  "cx" : 516.82611083984375,
  "fx" : 711.5130615234375
}