{
  "t_02" : -0.5782616138458252,
  "t_13" : -0.14357028901576996,
  "cy" : 382.12136840820312,
  "fy" : 711.52734375,
  "t_22" : 0.81324529647827148,
  "t_11" : -0.07248958945274353,
  "t_00" : -0.096860826015472412,
  "t_20" : 0.010863620787858963,
  "angular_velocity" : 3.4028234663852886e+38,
  "t_03" : 5.8538861274719238,
  "center_depth" : 2.7719225883483887,
  "t_23" : 1.8335421085357666,
  "t_12" : 0.065155915915966034,
  "t_01" : 0.81008100509643555,
  "timestamp" : 6314405428,
  "blur_score" : 183.42698669433594,
  "t_21" : 0.58181947469711304,
  "t_10" : -0.9952385425567627,
  "width" : 1024,
  "height" : 768,
  "manual_keyframe" : true,
  "cx" : 516.727783203125,
  "fx" : 711.52734375
}