{
  "t_02" : -0.64217305183410645,
  "t_13" : -0.11237089335918427,
  "cy" : 382.1513671875,
  "fy" : 711.23028564453125,
  "t_22" : 0.7658507227897644,
  "t_11" : -0.059015512466430664,
  "t_00" : -0.02410401962697506,
  "t_20" : -0.06315343827009201,
  "angular_velocity" : 3.4028234663852886e+38,
  "t_03" : 5.8126311302185059,
  "center_depth" : 3.04486083984375,
  "t_23" : 1.954008936882019,
  "t_12" : -0.032962542027235031,
  "t_01" : 0.76618069410324097,
  "timestamp" : 6315672202,
  "blur_score" : 191.01080322265625,
  "t_21" : 0.63990968465805054,
  "t_10" : -0.99771273136138916,
  "width" : 1024,
  "height" : 768,
  "manual_keyframe" : true,
  "cx" : 516.77264404296875,
  "fx" : 711.23028564453125
}