{
  "t_02" : -0.79949700832366943,
  "t_13" : -0.12191183865070343,
  "cy" : 382.13125610351562,
  "fy" : 710.9110107421875,
  "t_22" : 0.60057181119918823,
  "t_11" : -0.062587559223175049,
  "t_00" : -0.028921132907271385,
  "t_20" : -0.056558504700660706,
  "angular_velocity" : 3.4028234663852886e+38,
  "t_03" : 5.7402806282043457,
  "t_23" : 1.951024055480957,
  "t_12" : -0.010867035016417503,
  "t_01" : 0.59997344017028809,
  "timestamp" : 6316172244,
  "blur_score" : 199.98826599121094,
  "t_21" : 0.79756796360015869,
  "t_10" : -0.99798035621643066,
  "width" : 1024,
  "height" : 768,
  "manual_keyframe" : true,
  "cx" : 516.7799072265625,
  "fx" : 710.9110107421875
}