{
  "t_02" : -0.94969373941421509,
  "t_13" : -0.025985592976212502,
  "cy" : 382.30938720703125,
  "fy" : 711.501953125,
  "t_22" : 0.313172847032547,
  "t_11" : -0.024945106357336044,
  "t_00" : -0.0058161946944892406,
  "t_20" : -0.024348514154553413,
  "angular_velocity" : 3.4028234663852886e+38,
  "t_03" : 6.307164192199707,
  "t_23" : 1.6192511320114136,
  "t_12" : -0.0021023477893322706,
  "t_01" : 0.31312587857246399,
  "timestamp" : 6317822384,
  "blur_score" : 139.22877502441406,
  "t_21" : 0.94938397407531738,
  "t_10" : -0.999686598777771,
  "width" : 1024,
  "height" : 768,
  "manual_keyframe" : true,
  "cx" : 516.947265625,
  "fx" : 711.501953125
}