{
  "t_02" : -0.90845489501953125,
  "t_13" : -0.11307211965322495,
  "cy" : 382.35302734375,
  "fy" : 711.52410888671875,
  "t_22" : 0.41532951593399048,
  "t_11" : -0.03444092720746994,
  "t_00" : -0.057075701653957367,
  "t_20" : -0.011817547492682934,
  "angular_velocity" : 3.4028234663852886e+38,
  "t_03" : 6.0417909622192383,
  "t_23" : 1.8007229566574097,
  "t_12" : 0.047022461891174316,
  "t_01" : 0.41406774520874023,
  "timestamp" : 6317239002,
  "blur_score" : 184.72518920898438,
  "t_21" : 0.90959423780441284,
  "t_10" : -0.99829989671707153,
  "width" : 1024,
  "height" : 768,
  "manual_keyframe" : true,
  "cx" : 516.92108154296875,
  "fx" : 711.52410888671875
}