{
  "t_02" : -0.96116024255752563,
  "t_13" : 0.00024733535246923566,
  "cy" : 382.25509643554688,
  "fy" : 711.2684326171875,
  "t_22" : 0.27587342262268066,
  "t_11" : -0.020856091752648354,
  "t_00" : 0.0019668212626129389,
  "t_20" : -0.022263389080762863,
  "angular_velocity" : 3.4028234663852886e+38,
  "t_03" : 6.3535137176513672,
  "center_depth" : 4.1417074203491211,
  "t_23" : 1.5661776065826416,
  "t_12" : -0.0080343149602413177,
  "t_01" : 0.27598342299461365,
  "timestamp" : 6317939061,
  "blur_score" : 104.38737487792969,
  "t_21" : 0.96093595027923584,
  "t_10" : -0.99975013732910156,
  "width" : 1024,
  "height" : 768,
  "manual_keyframe" : true,
  "cx" : 516.9146728515625,
  "fx" : 711.2684326171875
}