{
  "t_02" : -0.96805602312088013,
  "t_13" : 0.031786311417818069,
  "cy" : 382.27069091796875,
  "fy" : 711.1588134765625,
  "t_22" : 0.25012218952178955,
  "t_11" : -0.016353156417608261,
  "t_00" : 0.012854842469096184,
  "t_20" : -0.020214159041643143,
  "angular_velocity" : 3.4028234663852886e+38,
  "t_03" : 6.3844561576843262,
  "center_depth" : 4.1628975868225098,
  "t_23" : 1.5253311395645142,
  "t_12" : -0.017505235970020294,
  "t_01" : 0.2504042387008667,
  "timestamp" : 6318055737,
  "blur_score" : 141.13551330566406,
  "t_21" : 0.96800321340560913,
  "t_10" : -0.99971306324005127,
  "width" : 1024,
  "height" : 768,
  "manual_keyframe" : true,
  "cx" : 516.939697265625,
  "fx" : 711.1588134765625
}