{
  "t_02" : -0.99418163299560547,
  "t_13" : 0.056576468050479889,
  "cy" : 382.58218383789062,
  "fy" : 711.266845703125,
  "t_22" : 0.10664070397615433,
  "t_11" : 0.003352682339027524,
  "t_00" : 0.015456423163414001,
  "t_20" : 0.0017143737059086561,
  "angular_velocity" : 3.4028234663852886e+38,
  "t_03" : 6.6397686004638672,
  "t_23" : 1.2908382415771484,
  "t_12" : -0.015185507014393806,
  "t_01" : 0.1066017672419548,
  "timestamp" : 6318905809,
  "blur_score" : 236.56016540527344,
  "t_21" : 0.99429607391357422,
  "t_10" : -0.99987906217575073,
  "width" : 1024,
  "height" : 768,
  "manual_keyframe" : true,
  "cx" : 516.69329833984375,
  "fx" : 711.266845703125
}