{
  "t_02" : -0.97872239351272583,
  "t_13" : -0.062512174248695374,
  "cy" : 382.86752319335938,
  "fy" : 710.920654296875,
  "t_22" : -0.20514532923698425,
  "t_11" : 0.020897381007671356,
  "t_00" : -0.00012715617776848376,
  "t_20" : 0.021325046196579933,
  "angular_velocity" : 3.4028234663852886e+38,
  "t_03" : 6.185584545135498,
  "center_depth" : 4.6131563186645508,
  "t_23" : 1.4432289600372314,
  "t_12" : -0.0042512496002018452,
  "t_01" : -0.20518933236598969,
  "timestamp" : 6320722629,
  "blur_score" : 113.22487640380859,
  "t_21" : 0.97849929332733154,
  "t_10" : -0.99977260828018188,
  "width" : 1024,
  "height" : 768,
  "manual_keyframe" : true,
  "cx" : 516.72357177734375,
  "fx" : 710.920654296875
}