{
  "t_02" : -0.99511909484863281,
  "t_13" : -0.019315455108880997,
  "cy" : 382.8487548828125,
  "fy" : 711.22564697265625,
  "t_22" : -0.091703146696090698,
  "t_11" : 0.031592477113008499,
  "t_00" : 0.033376496285200119,
  "t_20" : 0.034823179244995117,
  "angular_velocity" : 3.4028234663852886e+38,
  "t_03" : 6.3093175888061523,
  "t_23" : 1.3664376735687256,
  "t_12" : -0.036449406296014786,
  "t_01" : -0.092865690588951111,
  "timestamp" : 6320522612,
  "blur_score" : 163.37594604492188,
  "t_21" : 0.99517732858657837,
  "t_10" : -0.9988359808921814,
  "width" : 1024,
  "height" : 768,
  "manual_keyframe" : true,
  "cx" : 516.74603271484375,
  "fx" : 711.22564697265625
}