{
  "t_02" : -0.70907670259475708,
  "t_13" : -0.11429726332426071,
  "cy" : 382.11529541015625,
  "fy" : 712.1165771484375,
  "t_22" : -0.69574218988418579,
  "t_11" : -0.009924975223839283,
  "t_00" : -0.074860177934169769,
  "t_20" : -0.087449438869953156,
  "angular_velocity" : 3.4028234663852886e+38,
  "t_03" : 5.56585693359375,
  "center_depth" : 5.3282713890075684,
  "t_23" : 1.8522200584411621,
  "t_12" : 0.1146862804889679,
  "t_01" : -0.70114630460739136,
  "timestamp" : 6321789385,
  "blur_score" : 173.47819519042969,
  "t_21" : 0.7129482626914978,
  "t_10" : -0.99335217475891113,
  "width" : 1024,
  "height" : 768,
  "manual_keyframe" : true,
  "cx" : 516.94482421875,
  "fx" : 712.1165771484375
}