{
  "t_02" : -0.74591857194900513,
  "t_13" : -0.1148904412984848,
  "cy" : 382.1396484375,
  "fy" : 712.12445068359375,
  "t_22" : -0.65656024217605591,
  "t_11" : -0.010230976156890392,
  "t_00" : -0.077231258153915405,
  "t_20" : -0.08169516921043396,
  "angular_velocity" : 3.4028234663852886e+38,
  "t_03" : 5.5794034004211426,
  "center_depth" : 5.2131309509277344,
  "t_23" : 1.8184878826141357,
  "t_12" : 0.11195576936006546,
  "t_01" : -0.66154414415359497,
  "timestamp" : 6321689377,
  "blur_score" : 132.08592224121094,
  "t_21" : 0.74983644485473633,
  "t_10" : -0.99366050958633423,
  "width" : 1024,
  "height" : 768,
  "manual_keyframe" : true,
  "cx" : 516.99615478515625,
  "fx" : 712.12445068359375
}