{
  "t_02" : -0.9353783130645752,
  "t_13" : -0.11170917004346848,
  "cy" : 382.78173828125,
  "fy" : 711.21124267578125,
  "t_22" : -0.34989163279533386,
  "t_11" : -0.016338629648089409,
  "t_00" : -0.042417258024215698,
  "t_20" : -0.033334188163280487,
  "angular_velocity" : 3.4028234663852886e+38,
  "t_03" : 5.8822231292724609,
  "center_depth" : 4.8420042991638184,
  "t_23" : 1.6302177906036377,
  "t_12" : 0.051414404064416885,
  "t_01" : -0.35109597444534302,
  "timestamp" : 6321105995,
  "blur_score" : 115.86407470703125,
  "t_21" : 0.93619692325592041,
  "t_10" : -0.99854373931884766,
  "width" : 1024,
  "height" : 768,
  "manual_keyframe" : true,
  "cx" : 516.9056396484375,
  "fx" : 711.21124267578125
}