{
  "t_02" : -0.77842235565185547,
  "t_13" : -0.11558598279953003,
  "cy" : 382.21768188476562,
  "fy" : 711.85919189453125,
  "t_22" : -0.61915618181228638,
  "t_11" : -0.013569971546530724,
  "t_00" : -0.072470590472221375,
  "t_20" : -0.075075678527355194,
  "angular_velocity" : 3.4028234663852886e+38,
  "t_03" : 5.5979971885681152,
  "t_23" : 1.7933661937713623,
  "t_12" : 0.10346109420061111,
  "t_01" : -0.62354356050491333,
  "timestamp" : 6321606037,
  "blur_score" : 132.78335571289062,
  "t_21" : 0.78167068958282471,
  "t_10" : -0.99454087018966675,
  "width" : 1024,
  "height" : 768,
  "manual_keyframe" : true,
  "cx" : 517.0242919921875,
  "fx" : 711.85919189453125
}