{
  "t_02" : -0.52209353446960449,
  "t_13" : -0.11469196528196335,
  "cy" : 382.5643310546875,
  "fy" : 711.864013671875,
  "t_22" : -0.84810107946395874,
  "t_11" : -0.015526695176959038,
  "t_00" : -0.034023456275463104,
  "t_20" : -0.085007816553115845,
  "angular_velocity" : 3.4028234663852886e+38,
  "t_03" : 5.5099701881408691,
  "t_23" : 2.1672968864440918,
  "t_12" : 0.090237699449062347,
  "t_01" : -0.85220932960510254,
  "timestamp" : 6322439440,
  "blur_score" : 156.58261108398438,
  "t_21" : 0.52297055721282959,
  "t_10" : -0.99579924345016479,
  "width" : 1024,
  "height" : 768,
  "manual_keyframe" : true,
  "cx" : 516.79718017578125,
  "fx" : 711.864013671875
}