{
  "t_02" : -0.45338717103004456,
  "t_13" : -0.1214490681886673,
  "cy" : 382.64651489257812,
  "fy" : 711.5638427734375,
  "t_22" : -0.88640916347503662,
  "t_11" : -0.031540211290121078,
  "t_00" : -0.014296047389507294,
  "t_20" : -0.097515702247619629,
  "angular_velocity" : 3.4028234663852886e+38,
  "t_03" : 5.3799676895141602,
  "t_23" : 2.4623615741729736,
  "t_12" : 0.093375049531459808,
  "t_01" : -0.89119905233383179,
  "timestamp" : 6322922814,
  "blur_score" : 171.82179260253906,
  "t_21" : 0.4525146484375,
  "t_10" : -0.99513131380081177,
  "width" : 1024,
  "height" : 768,
  "manual_keyframe" : true,
  "cx" : 516.78802490234375,
  "fx" : 711.5638427734375
}