{
  "t_02" : -0.46160387992858887,
  "t_13" : -0.11722858995199203,
  "cy" : 382.32125854492188,
  "fy" : 711.82275390625,
  "t_22" : -0.88222616910934448,
  "t_11" : -0.028569716960191727,
  "t_00" : -0.017548259347677231,
  "t_20" : -0.095430850982666016,
  "angular_velocity" : 3.4028234663852886e+38,
  "t_03" : 5.1796526908874512,
  "t_23" : 3.0902745723724365,
  "t_12" : 0.092729479074478149,
  "t_01" : -0.88691258430480957,
  "timestamp" : 6323889561,
  "blur_score" : 168.84713745117188,
  "t_21" : 0.46105301380157471,
  "t_10" : -0.9952813982963562,
  "width" : 1024,
  "height" : 768,
  "manual_keyframe" : true,
  "cx" : 516.81640625,
  "fx" : 711.82275390625
}