{
  "t_02" : -0.45971369743347168,
  "t_13" : -0.11941277235746384,
  "cy" : 382.39236450195312,
  "fy" : 711.5098876953125,
  "t_22" : -0.88418006896972656,
  "t_11" : -0.032827213406562805,
  "t_00" : -0.00904059037566185,
  "t_20" : -0.088795974850654602,
  "angular_velocity" : 3.4028234663852886e+38,
  "t_03" : 5.2483224868774414,
  "t_23" : 2.757009744644165,
  "t_12" : 0.082998961210250854,
  "t_01" : -0.88802105188369751,
  "timestamp" : 6323406188,
  "blur_score" : 178.90548706054688,
  "t_21" : 0.45862925052642822,
  "t_10" : -0.99600875377655029,
  "width" : 1024,
  "height" : 768,
  "manual_keyframe" : true,
  "cx" : 516.8221435546875,
  "fx" : 711.5098876953125
}