{
  "t_02" : -0.62246489524841309,
  "t_13" : -0.13767549395561218,
  "cy" : 382.38485717773438,
  "fy" : 710.95391845703125,
  "t_22" : -0.77470856904983521,
  "t_11" : -0.031189914792776108,
  "t_00" : -0.04514627531170845,
  "t_20" : -0.10629536211490631,
  "angular_velocity" : 3.4028234663852886e+38,
  "t_03" : 5.0542845726013184,
  "center_depth" : 3.603381872177124,
  "t_23" : 3.6614654064178467,
  "t_12" : 0.11119386553764343,
  "t_01" : -0.78134459257125854,
  "timestamp" : 6324689628,
  "blur_score" : 207.78245544433594,
  "t_21" : 0.62331998348236084,
  "t_10" : -0.99330919981002808,
  "width" : 1024,
  "height" : 768,
  "manual_keyframe" : true,
  "cx" : 516.8431396484375,
  "fx" : 710.95391845703125
}