{
  "t_02" : -0.49257078766822815,
  "t_13" : -0.13500651717185974,
  "cy" : 382.46969604492188,
  "fy" : 711.22235107421875,
  "t_22" : -0.86544829607009888,
  "t_11" : -0.026190951466560364,
  "t_00" : -0.022388597950339317,
  "t_20" : -0.092508777976036072,
  "angular_velocity" : 3.4028234663852886e+38,
  "t_03" : 5.0972552299499512,
  "t_23" : 3.3901538848876953,
  "t_12" : 0.091504946351051331,
  "t_01" : -0.8699842095375061,
  "timestamp" : 6324306263,
  "blur_score" : 179.88591003417969,
  "t_21" : 0.49238330125808716,
  "t_10" : -0.99546003341674805,
  "width" : 1024,
  "height" : 768,
  "manual_keyframe" : true,
  "cx" : 516.766845703125,
  "fx" : 711.22235107421875
}