{
  "t_02" : -0.82693642377853394,
  "t_13" : -0.15875965356826782,
  "cy" : 382.33465576171875,
  "fy" : 710.95556640625,
  "t_22" : -0.54824233055114746,
  "t_11" : -0.018559662625193596,
  "t_00" : -0.093766540288925171,
  "t_20" : -0.084609225392341614,
  "angular_velocity" : 3.4028234663852886e+38,
  "t_03" : 5.2446160316467285,
  "t_23" : 4.3308706283569336,
  "t_12" : 0.12492566555738449,
  "t_01" : -0.55442208051681519,
  "timestamp" : 6325589703,
  "blur_score" : 226.48905944824219,
  "t_21" : 0.83202862739562988,
  "t_10" : -0.9919925332069397,
  "width" : 1024,
  "height" : 768,
  "manual_keyframe" : true,
  "cx" : 516.74945068359375,
  "fx" : 710.95556640625
}