{
  "t_02" : -0.74072390794754028,
  "t_13" : -0.13664564490318298,
  "cy" : 382.24404907226562,
  "fy" : 710.9381103515625,
  "t_22" : -0.66077131032943726,
  "t_11" : -0.018876105546951294,
  "t_00" : -0.077829241752624512,
  "t_20" : -0.094911806285381317,
  "angular_velocity" : 3.4028234663852886e+38,
  "t_03" : 5.1151442527770996,
  "center_depth" : 4.1519441604614258,
  "t_23" : 4.013023853302002,
  "t_12" : 0.12128204107284546,
  "t_01" : -0.66728603839874268,
  "timestamp" : 6325173001,
  "blur_score" : 220.75250244140625,
  "t_21" : 0.74456226825714111,
  "t_10" : -0.99243861436843872,
  "width" : 1024,
  "height" : 768,
  "manual_keyframe" : true,
  "cx" : 516.86334228515625,
  "fx" : 710.9381103515625
}