{
  "t_02" : -0.97533750534057617,
  "t_13" : -0.14382874965667725,
  "cy" : 382.26351928710938,
  "fy" : 710.68084716796875,
  "t_22" : -0.18056364357471466,
  "t_11" : -0.0044136526994407177,
  "t_00" : -0.12400612235069275,
  "t_20" : -0.02748243510723114,
  "angular_velocity" : 3.4028234663852886e+38,
  "t_03" : 5.7773566246032715,
  "center_depth" : 4.0450224876403809,
  "t_23" : 4.7689099311828613,
  "t_12" : 0.12693825364112854,
  "t_01" : -0.18258979916572571,
  "timestamp" : 6326473109,
  "blur_score" : 241.94459533691406,
  "t_21" : 0.98317915201187134,
  "t_10" : -0.99190068244934082,
  "width" : 1024,
  "height" : 768,
  "manual_keyframe" : true,
  "cx" : 516.8099365234375,
  "fx" : 710.68084716796875
}