{
  "t_02" : -0.99107348918914795,
  "t_13" : -0.15636391937732697,
  "cy" : 382.52691650390625,
  "fy" : 710.6871337890625,
  "t_22" : -0.050116267055273056,
  "t_11" : -0.005287874024361372,
  "t_00" : -0.12311013042926788,
  "t_20" : -0.0115608936175704,
  "angular_velocity" : 3.4028234663852886e+38,
  "t_03" : 6.0724067687988281,
  "t_23" : 4.9563145637512207,
  "t_12" : 0.12353863567113876,
  "t_01" : -0.051159877330064774,
  "timestamp" : 6326939815,
  "blur_score" : 166.85362243652344,
  "t_21" : 0.99867647886276245,
  "t_10" : -0.99232566356658936,
  "width" : 1024,
  "height" : 768,
  "manual_keyframe" : true,
  "cx" : 516.74212646484375,
  "fx" : 710.6871337890625
}