{
  "t_02" : -0.92864823341369629,
  "t_13" : -0.14671814441680908,
  "cy" : 382.22201538085938,
  "fy" : 710.634765625,
  "t_22" : -0.34679144620895386,
  "t_11" : -0.0030201629269868135,
  "t_00" : -0.12232298403978348,
  "t_20" : -0.048932120203971863,
  "angular_velocity" : 3.4028234663852886e+38,
  "t_03" : 5.4718279838562012,
  "center_depth" : 4.3277854919433594,
  "t_23" : 4.5977640151977539,
  "t_12" : 0.13171234726905823,
  "t_01" : -0.35021355748176575,
  "timestamp" : 6326039740,
  "blur_score" : 154.50947570800781,
  "t_21" : 0.93666505813598633,
  "t_10" : -0.99128341674804688,
  "width" : 1024,
  "height" : 768,
  "manual_keyframe" : true,
  "cx" : 516.89227294921875,
  "fx" : 710.634765625
}