{
  "t_02" : -0.94970250129699707,
  "t_13" : -0.16103540360927582,
  "cy" : 382.4039306640625,
  "fy" : 710.6903076171875,
  "t_22" : 0.27476230263710022,
  "t_11" : 0.009806433692574501,
  "t_00" : -0.14155340194702148,
  "t_20" : 0.05127919465303421,
  "angular_velocity" : 3.4028234663852886e+38,
  "t_03" : 6.403191089630127,
  "center_depth" : 3.9645965099334717,
  "t_23" : 5.1033320426940918,
  "t_12" : 0.15023563802242279,
  "t_01" : 0.27933445572853088,
  "timestamp" : 6327489860,
  "blur_score" : 149.71861267089844,
  "t_21" : 0.96014374494552612,
  "t_10" : -0.98860162496566772,
  "width" : 1024,
  "height" : 768,
  "manual_keyframe" : true,
  "cx" : 516.81634521484375,
  "fx" : 710.6903076171875
}