{
  "t_02" : -0.97700577974319458,
  "t_13" : -0.15464875102043152,
  "cy" : 382.41900634765625,
  "fy" : 710.634765625,
  "t_22" : 0.15945851802825928,
  "t_11" : 0.0057539264671504498,
  "t_00" : -0.13874977827072144,
  "t_20" : 0.028534898534417152,
  "angular_velocity" : 3.4028234663852886e+38,
  "t_03" : 6.2689924240112305,
  "t_23" : 5.053102970123291,
  "t_12" : 0.14153666794300079,
  "t_01" : 0.16188934445381165,
  "timestamp" : 6327273175,
  "blur_score" : 136.21054077148438,
  "t_21" : 0.98679208755493164,
  "t_10" : -0.98991632461547852,
  "width" : 1024,
  "height" : 768,
  "manual_keyframe" : true,
  "cx" : 516.8358154296875,
  "fx" : 710.634765625
}