{
  "t_02" : -0.90455931425094604,
  "t_13" : -0.14542503654956818,
  "cy" : 382.54922485351562,
  "fy" : 710.89996337890625,
  "t_22" : 0.40007096529006958,
  "t_11" : 0.027703743427991867,
  "t_00" : -0.12338737398386002,
  "t_20" : 0.085198886692523956,
  "angular_velocity" : 3.4028234663852886e+38,
  "t_03" : 6.7145113945007324,
  "t_23" : 5.223240852355957,
  "t_12" : 0.14736279845237732,
  "t_01" : 0.40810304880142212,
  "timestamp" : 6328006569,
  "blur_score" : 247.38136291503906,
  "t_21" : 0.91251546144485474,
  "t_10" : -0.98869448900222778,
  "width" : 1024,
  "height" : 768,
  "manual_keyframe" : true,
  "cx" : 516.8426513671875,
  "fx" : 710.89996337890625
}