{
  "t_02" : -0.84165370464324951,
  "t_13" : -0.14186552166938782,
  "cy" : 382.52804565429688,
  "fy" : 710.90472412109375,
  "t_22" : 0.5198400616645813,
  "t_11" : 0.041334372013807297,
  "t_00" : -0.10235314816236496,
  "t_20" : 0.11232843995094299,
  "angular_velocity" : 3.4028234663852886e+38,
  "t_03" : 7.0305261611938477,
  "t_23" : 5.3096399307250977,
  "t_12" : 0.14623717963695526,
  "t_01" : 0.53022903203964233,
  "timestamp" : 6328573283,
  "blur_score" : 153.15434265136719,
  "t_21" : 0.84684628248214722,
  "t_10" : -0.98838561773300171,
  "width" : 1024,
  "height" : 768,
  "manual_keyframe" : true,
  "cx" : 516.80145263671875,
  "fx" : 710.90472412109375
}