{
  "t_02" : -0.76562345027923584,
  "t_13" : -0.14926564693450928,
  "cy" : 382.836669921875,
  "fy" : 710.946044921875,
  "t_22" : 0.62558662891387939,
  "t_11" : 0.032059177756309509,
  "t_00" : -0.095480337738990784,
  "t_20" : 0.1198897585272789,
  "angular_velocity" : 3.4028234663852886e+38,
  "t_03" : 7.3410677909851074,
  "t_23" : 5.4598078727722168,
  "t_12" : 0.14987412095069885,
  "t_01" : 0.63616377115249634,
  "timestamp" : 6329506692,
  "blur_score" : 307.58099365234375,
  "t_21" : 0.77088773250579834,
  "t_10" : -0.98818522691726685,
  "width" : 1024,
  "height" : 768,
  "manual_keyframe" : true,
  "cx" : 516.74200439453125,
  "fx" : 710.946044921875
}