{
  "t_02" : -0.75488501787185669,
  "t_13" : -0.14787417650222778,
  "cy" : 382.735595703125,
  "fy" : 710.66015625,
  "t_22" : 0.63829934597015381,
  "t_11" : 0.021639632061123848,
  "t_00" : -0.10094528645277023,
  "t_20" : 0.11402125656604767,
  "angular_velocity" : 3.4028234663852886e+38,
  "t_03" : 7.4817848205566406,
  "t_23" : 5.7590723037719727,
  "t_12" : 0.1507398933172226,
  "t_01" : 0.64804208278656006,
  "timestamp" : 6330073405,
  "blur_score" : 273.74667358398438,
  "t_21" : 0.76129692792892456,
  "t_10" : -0.98833662271499634,
  "width" : 1024,
  "height" : 768,
  "manual_keyframe" : true,
  "cx" : 516.84783935546875,
  "fx" : 710.66015625
}