{
  "t_02" : -0.76250946521759033,
  "t_13" : -0.13231110572814941,
  "cy" : 382.43539428710938,
  "fy" : 711.2525634765625,
  "t_22" : 0.63351577520370483,
  "t_11" : -0.01549248956143856,
  "t_00" : -0.11095860600471497,
  "t_20" : 0.07186996191740036,
  "angular_velocity" : 3.4028234663852886e+38,
  "t_03" : 7.5699019432067871,
  "center_depth" : 3.6505744457244873,
  "t_23" : 5.4175863265991211,
  "t_12" : 0.13129006326198578,
  "t_01" : 0.63739114999771118,
  "timestamp" : 6332056900,
  "blur_score" : 144.75367736816406,
  "t_21" : 0.77038466930389404,
  "t_10" : -0.99122297763824463,
  "width" : 1024,
  "height" : 768,
  "manual_keyframe" : true,
  "cx" : 516.86944580078125,
  "fx" : 711.2525634765625
}