{
  "t_02" : -0.54984480142593384,
  "t_13" : -0.14926537871360779,
  "cy" : 382.37918090820312,
  "fy" : 710.656982421875,
  "t_22" : 0.82259029150009155,
  "t_11" : -0.036118485033512115,
  "t_00" : -0.11085629463195801,
  "t_20" : 0.10015703737735748,
  "angular_velocity" : 3.4028234663852886e+38,
  "t_03" : 7.752140998840332,
  "center_depth" : 5.0853071212768555,
  "t_23" : 4.7679591178894043,
  "t_12" : 0.14496897161006927,
  "t_01" : 0.82787775993347168,
  "timestamp" : 6332956974,
  "blur_score" : 108.95566558837891,
  "t_21" : 0.55974447727203369,
  "t_10" : -0.98877674341201782,
  "width" : 1024,
  "height" : 768,
  "manual_keyframe" : true,
  "cx" : 516.887451171875,
  "fx" : 710.656982421875
}