{
  "t_02" : -0.70599186420440674,
  "t_13" : -0.15720927715301514,
  "cy" : 382.50607299804688,
  "fy" : 710.66485595703125,
  "t_22" : 0.69839024543762207,
  "t_11" : -0.03174932673573494,
  "t_00" : -0.10603605210781097,
  "t_20" : 0.059923097491264343,
  "angular_velocity" : 3.4028234663852886e+38,
  "t_03" : 7.6512317657470703,
  "t_23" : 5.1084609031677246,
  "t_12" : 0.11758570373058319,
  "t_01" : 0.70023691654205322,
  "timestamp" : 6332523605,
  "blur_score" : 147.77182006835938,
  "t_21" : 0.71320414543151855,
  "t_10" : -0.99255508184432983,
  "width" : 1024,
  "height" : 768,
  "manual_keyframe" : true,
  "cx" : 516.7266845703125,
  "fx" : 710.66485595703125
}