{
  "t_02" : -0.12730085849761963,
  "t_13" : -0.14341644942760468,
  "cy" : 382.53387451171875,
  "fy" : 710.9635009765625,
  "t_22" : 0.98555821180343628,
  "t_11" : -0.0068390411324799061,
  "t_00" : -0.021129673346877098,
  "t_20" : 0.10986165702342987,
  "angular_velocity" : 3.4028234663852886e+38,
  "t_03" : 7.8872733116149902,
  "center_depth" : 4.3269023895263672,
  "t_23" : 4.1972165107727051,
  "t_12" : 0.11166589707136154,
  "t_01" : 0.99163907766342163,
  "timestamp" : 6333807043,
  "blur_score" : 251.73207092285156,
  "t_21" : 0.12886115908622742,
  "t_10" : -0.99372220039367676,
  "width" : 1024,
  "height" : 768,
  "manual_keyframe" : true,
  "cx" : 516.7149658203125,
  "fx" : 710.9635009765625
}