{
  "t_02" : -0.2479511946439743,
  "t_13" : -0.13531067967414856,
  "cy" : 382.35916137695312,
  "fy" : 710.923828125,
  "t_22" : 0.96012049913406372,
  "t_11" : -0.0093378294259309769,
  "t_00" : -0.041418563574552536,
  "t_20" : 0.12272164225578308,
  "angular_velocity" : 3.4028234663852886e+38,
  "t_03" : 7.8223781585693359,
  "center_depth" : 4.4605960845947266,
  "t_23" : 4.364872932434082,
  "t_12" : 0.12918552756309509,
  "t_01" : 0.96788674592971802,
  "timestamp" : 6333540355,
  "blur_score" : 170.35612487792969,
  "t_21" : 0.25121325254440308,
  "t_10" : -0.99157649278640747,
  "width" : 1024,
  "height" : 768,
  "manual_keyframe" : true,
  "cx" : 516.7867431640625,
  "fx" : 710.923828125
}