{
  "t_02" : -0.29194071888923645,
  "t_13" : -0.13823780417442322,
  "cy" : 382.33544921875,
  "fy" : 710.95391845703125,
  "t_22" : 0.9465901255607605,
  "t_11" : -0.014072204940021038,
  "t_00" : -0.053913235664367676,
  "t_20" : 0.12660627067089081,
  "angular_velocity" : 3.4028234663852886e+38,
  "t_03" : 7.8087644577026367,
  "t_23" : 4.4307918548583984,
  "t_12" : 0.13688594102859497,
  "t_01" : 0.95491576194763184,
  "timestamp" : 6333440346,
  "blur_score" : 184.49601745605469,
  "t_21" : 0.29654338955879211,
  "t_10" : -0.99048686027526855,
  "width" : 1024,
  "height" : 768,
  "manual_keyframe" : true,
  "cx" : 516.7669677734375,
  "fx" : 710.95391845703125
}