{
  "t_02" : -0.10135889798402786,
  "t_13" : -0.14493085443973541,
  "cy" : 382.580078125,
  "fy" : 710.669677734375,
  "t_22" : 0.98832142353057861,
  "t_11" : -0.0058917836286127567,
  "t_00" : -0.017507733777165413,
  "t_20" : 0.1125849112868309,
  "angular_velocity" : 3.4028234663852886e+38,
  "t_03" : 7.9055109024047852,
  "center_depth" : 4.3321704864501953,
  "t_23" : 4.1529393196105957,
  "t_12" : 0.11378562450408936,
  "t_01" : 0.99469578266143799,
  "timestamp" : 6333873715,
  "blur_score" : 278.29092407226562,
  "t_21" : 0.10269095748662949,
  "t_10" : -0.99348783493041992,
  "width" : 1024,
  "height" : 768,
  "manual_keyframe" : true,
  "cx" : 516.7281494140625,
  "fx" : 710.669677734375
}