{
  "t_02" : -0.064372807741165161,
  "t_13" : -0.1449587345123291,
  "cy" : 382.6143798828125,
  "fy" : 710.62677001953125,
  "t_22" : 0.9917905330657959,
  "t_11" : -0.0031951928976923227,
  "t_00" : -0.010364390909671783,
  "t_20" : 0.11004820466041565,
  "angular_velocity" : 3.4028234663852886e+38,
  "t_03" : 7.9273700714111328,
  "center_depth" : 4.3274617195129395,
  "t_23" : 4.0963549613952637,
  "t_12" : 0.11048898845911026,
  "t_01" : 0.99787211418151855,
  "timestamp" : 6333957055,
  "blur_score" : 329.15780639648438,
  "t_21" : 0.065123490989208221,
  "t_10" : -0.99387222528457642,
  "width" : 1024,
  "height" : 768,
  "manual_keyframe" : true,
  "cx" : 516.70184326171875,
  "fx" : 710.62677001953125
}