{
  "t_02" : 0.1573224663734436,
  "t_13" : -0.13061271607875824,
  "cy" : 382.4351806640625,
  "fy" : 710.63153076171875,
  "t_22" : 0.98136377334594727,
  "t_11" : 0.022468114271759987,
  "t_00" : 0.039781965315341949,
  "t_20" : 0.10534074902534485,
  "angular_velocity" : 3.4028234663852886e+38,
  "t_03" : 7.9922051429748535,
  "t_23" : 3.7875759601593018,
  "t_12" : 0.11033793538808823,
  "t_01" : 0.98674553632736206,
  "timestamp" : 6334423760,
  "blur_score" : 325.156005859375,
  "t_21" : -0.16071136295795441,
  "t_10" : -0.99364006519317627,
  "width" : 1024,
  "height" : 768,
  "manual_keyframe" : true,
  "cx" : 516.84063720703125,
  "fx" : 710.63153076171875
}