{
  "t_02" : 0.2773357629776001,
  "t_13" : -0.11279606074094772,
  "cy" : 382.368896484375,
  "fy" : 710.688720703125,
  "t_22" : 0.95733928680419922,
  "t_11" : 0.018114641308784485,
  "t_00" : 0.040035311132669449,
  "t_20" : 0.072881802916526794,
  "angular_velocity" : 3.4028234663852886e+38,
  "t_03" : 7.9509148597717285,
  "t_23" : 3.4495527744293213,
  "t_12" : 0.081156887114048004,
  "t_01" : 0.95993852615356445,
  "timestamp" : 6334873796,
  "blur_score" : 250.62550354003906,
  "t_21" : -0.27962440252304077,
  "t_10" : -0.9965367317199707,
  "width" : 1024,
  "height" : 768,
  "manual_keyframe" : true,
  "cx" : 516.82012939453125,
  "fx" : 710.688720703125
}