{
  "t_02" : 0.29150509834289551,
  "t_13" : -0.11227838695049286,
  "cy" : 382.37948608398438,
  "fy" : 710.6427001953125,
  "t_22" : 0.95394724607467651,
  "t_11" : 0.015582497231662273,
  "t_00" : 0.035621184855699539,
  "t_20" : 0.063114635646343231,
  "angular_velocity" : 3.4028234663852886e+38,
  "t_03" : 7.9409618377685547,
  "center_depth" : 4.1611843109130859,
  "t_23" : 3.3912031650543213,
  "t_12" : 0.070777900516986847,
  "t_01" : 0.95590591430664062,
  "timestamp" : 6334957136,
  "blur_score" : 255.42068481445312,
  "t_21" : -0.29325971007347107,
  "t_10" : -0.99737042188644409,
  "width" : 1024,
  "height" : 768,
  "manual_keyframe" : true,
  "cx" : 516.8162841796875,
  "fx" : 710.6427001953125
}