{
  "t_02" : 0.50548040866851807,
  "t_13" : -0.12119489163160324,
  "cy" : 382.45785522460938,
  "fy" : 711.25726318359375,
  "t_22" : 0.8612249493598938,
  "t_11" : -0.04254218190908432,
  "t_00" : -0.010070396587252617,
  "t_20" : 0.067004196345806122,
  "angular_velocity" : 3.4028234663852886e+38,
  "t_03" : 7.9206142425537109,
  "t_23" : 2.6881318092346191,
  "t_12" : 0.052736487239599228,
  "t_01" : 0.86277920007705688,
  "timestamp" : 6335957217,
  "blur_score" : 253.01445007324219,
  "t_21" : -0.50378763675689697,
  "t_10" : -0.99770176410675049,
  "width" : 1024,
  "height" : 768,
  "manual_keyframe" : true,
  "cx" : 516.772705078125,
  "fx" : 711.25726318359375
}