{
  "t_02" : 0.40721490979194641,
  "t_13" : -0.12352554500102997,
  "cy" : 382.64944458007812,
  "fy" : 710.9698486328125,
  "t_22" : 0.91110819578170776,
  "t_11" : -0.012803973630070686,
  "t_00" : 0.014277087524533272,
  "t_20" : 0.063386529684066772,
  "angular_velocity" : 3.4028234663852886e+38,
  "t_03" : 7.9111595153808594,
  "center_depth" : 4.1718735694885254,
  "t_23" : 3.0349979400634766,
  "t_12" : 0.063700437545776367,
  "t_01" : 0.91322064399719238,
  "timestamp" : 6335440509,
  "blur_score" : 275.12472534179688,
  "t_21" : -0.40726393461227417,
  "t_10" : -0.99788689613342285,
  "width" : 1024,
  "height" : 768,
  "manual_keyframe" : true,
  "cx" : 516.73773193359375,
  "fx" : 710.9698486328125
}