{
  "t_02" : 0.1925044059753418,
  "t_13" : -0.12666201591491699,
  "cy" : 382.38595581054688,
  "fy" : 711.285888671875,
  "t_22" : 0.9812934398651123,
  "t_11" : -0.021234802901744843,
  "t_00" : -0.021278396248817444,
  "t_20" : 0.0018412746721878648,
  "angular_velocity" : 3.4028234663852886e+38,
  "t_03" : 7.990912914276123,
  "center_depth" : 2.8298885822296143,
  "t_23" : 2.3551054000854492,
  "t_12" : -0.0022898768074810505,
  "t_01" : 0.98106539249420166,
  "timestamp" : 6336507262,
  "blur_score" : 144.61463928222656,
  "t_21" : -0.19250921905040741,
  "t_10" : -0.99977189302444458,
  "width" : 1024,
  "height" : 768,
  "manual_keyframe" : true,
  "cx" : 516.76605224609375,
  "fx" : 711.285888671875
}