{
  "t_02" : -0.11530508100986481,
  "t_13" : -0.12926152348518372,
  "cy" : 382.47183227539062,
  "fy" : 711.30975341796875,
  "t_22" : 0.99218308925628662,
  "t_11" : -0.0097427358850836754,
  "t_00" : -0.0041800974868237972,
  "t_20" : -0.048526186496019363,
  "angular_velocity" : 3.4028234663852886e+38,
  "t_03" : 8.0727863311767578,
  "center_depth" : 2.3196594715118408,
  "t_23" : 2.1644289493560791,
  "t_12" : -0.047721508890390396,
  "t_01" : 0.99332118034362793,
  "timestamp" : 6336823954,
  "blur_score" : 107.67597961425781,
  "t_21" : 0.11496874690055847,
  "t_10" : -0.99881309270858765,
  "width" : 1024,
  "height" : 768,
  "manual_keyframe" : true,
  "cx" : 516.81097412109375,
  "fx" : 711.30975341796875
}