{
  "t_02" : -0.58393847942352295,
  "t_13" : -0.10363883525133133,
  "cy" : 382.41714477539062,
  "fy" : 711.8560791015625,
  "t_22" : 0.79858970642089844,
  "t_11" : 0.012554394081234932,
  "t_00" : 0.096320405602455139,
  "t_20" : -0.11022753268480301,
  "angular_velocity" : 3.4028234663852886e+38,
  "t_03" : 8.2324619293212891,
  "center_depth" : 1.9909660816192627,
  "t_23" : 1.7739770412445068,
  "t_12" : -0.14584276080131531,
  "t_01" : 0.80606329441070557,
  "timestamp" : 6337590682,
  "blur_score" : 45.355434417724609,
  "t_21" : 0.59169584512710571,
  "t_10" : -0.9892280101776123,
  "width" : 1024,
  "height" : 768,
  "manual_keyframe" : true,
  "cx" : 516.81829833984375,
  "fx" : 711.8560791015625
}