{
  "t_02" : -0.35319393873214722,
  "t_13" : -0.11130990087985992,
  "cy" : 382.51077270507812,
  "fy" : 711.2684326171875,
  "t_22" : 0.92988049983978271,
  "t_11" : -0.0059539326466619968,
  "t_00" : 0.030920267105102539,
  "t_20" : -0.098263539373874664,
  "angular_velocity" : 3.4028234663852886e+38,
  "t_03" : 8.1622371673583984,
  "center_depth" : 2.0968883037567139,
  "t_23" : 1.9777747392654419,
  "t_12" : -0.10284131020307541,
  "t_01" : 0.93503904342651367,
  "timestamp" : 6337190650,
  "blur_score" : 179.32275390625,
  "t_21" : 0.35449481010437012,
  "t_10" : -0.99467992782592773,
  "width" : 1024,
  "height" : 768,
  "manual_keyframe" : true,
  "cx" : 516.87860107421875,
  "fx" : 711.2684326171875
}