{
  "t_02" : -0.76697736978530884,
  "t_13" : -0.10232502222061157,
  "cy" : 382.59332275390625,
  "fy" : 712.66131591796875,
  "t_22" : 0.61678206920623779,
  "t_11" : 0.00355001469142735,
  "t_00" : 0.14018464088439941,
  "t_20" : -0.10810405761003494,
  "angular_velocity" : 3.4028234663852886e+38,
  "t_03" : 8.3198070526123047,
  "center_depth" : 2.0884881019592285,
  "t_23" : 1.6095765829086304,
  "t_12" : -0.17699041962623596,
  "t_01" : 0.62617409229278564,
  "timestamp" : 6337974046,
  "blur_score" : 39.657096862792969,
  "t_21" : 0.77967524528503418,
  "t_10" : -0.98420619964599609,
  "width" : 1024,
  "height" : 768,
  "manual_keyframe" : true,
  "cx" : 516.7862548828125,
  "fx" : 712.66131591796875
}