{
  "t_02" : -0.80136400461196899,
  "t_13" : -0.10396943241357803,
  "cy" : 382.62420654296875,
  "fy" : 713.0107421875,
  "t_22" : 0.57293856143951416,
  "t_11" : 0.0027450639754533768,
  "t_00" : 0.14147458970546722,
  "t_20" : -0.097722388803958893,
  "angular_velocity" : 3.4028234663852886e+38,
  "t_03" : 8.3496484756469727,
  "center_depth" : 2.1056461334228516,
  "t_23" : 1.5658574104309082,
  "t_12" : -0.17192204296588898,
  "t_01" : 0.58120626211166382,
  "timestamp" : 6338074054,
  "blur_score" : 55.504951477050781,
  "t_21" : 0.81375157833099365,
  "t_10" : -0.9851067066192627,
  "width" : 1024,
  "height" : 768,
  "manual_keyframe" : true,
  "cx" : 516.7685546875,
  "fx" : 713.0107421875
}