{
  "t_02" : -0.88381093740463257,
  "t_13" : -0.10614442080259323,
  "cy" : 382.516357421875,
  "fy" : 713.606201171875,
  "t_22" : 0.43781682848930359,
  "t_11" : 0.013772402890026569,
  "t_00" : 0.15395465493202209,
  "t_20" : -0.060682132840156555,
  "angular_velocity" : 3.4028234663852886e+38,
  "t_03" : 8.5369529724121094,
  "t_23" : 1.2877993583679199,
  "t_12" : -0.16490806639194489,
  "t_01" : 0.44178751111030579,
  "timestamp" : 6338774110,
  "blur_score" : 65.7669677734375,
  "t_21" : 0.8970140814781189,
  "t_10" : -0.98621279001235962,
  "width" : 1024,
  "height" : 768,
  "manual_keyframe" : true,
  "cx" : 516.75469970703125,
  "fx" : 713.606201171875
}