{
  "t_02" : -0.94676154851913452,
  "t_13" : -0.21876567602157593,
  "cy" : 382.82974243164062,
  "fy" : 713.59197998046875,
  "t_22" : 0.26495704054832458,
  "t_11" : -0.0075828060507774353,
  "t_00" : -0.17817425727844238,
  "t_20" : 0.041853968054056168,
  "angular_velocity" : 3.4028234663852886e+38,
  "t_03" : 8.6345310211181641,
  "t_23" : 1.1056699752807617,
  "t_12" : 0.18286694586277008,
  "t_01" : 0.26813524961471558,
  "timestamp" : 6339624178,
  "blur_score" : 70.7952880859375,
  "t_21" : 0.96335136890411377,
  "t_10" : -0.98310846090316772,
  "width" : 1024,
  "height" : 768,
  "manual_keyframe" : true,
  "cx" : 516.7933349609375,
  "fx" : 713.59197998046875
}