{
  "t_02" : -0.95472800731658936,
  "t_13" : -0.23304781317710876,
  "cy" : 382.86605834960938,
  "fy" : 712.7423095703125,
  "t_22" : 0.15553449094295502,
  "t_11" : -0.010274408385157585,
  "t_00" : -0.25197562575340271,
  "t_20" : 0.030287673696875572,
  "angular_velocity" : 3.4028234663852886e+38,
  "t_03" : 8.6322803497314453,
  "center_depth" : 2.2523543834686279,
  "t_23" : 1.1596291065216064,
  "t_12" : 0.25358128547668457,
  "t_01" : 0.15812261402606964,
  "timestamp" : 6339874198,
  "blur_score" : 87.32958984375,
  "t_21" : 0.98736602067947388,
  "t_10" : -0.96725952625274658,
  "width" : 1024,
  "height" : 768,
  "manual_keyframe" : true,
  "cx" : 516.895751953125,
  "fx" : 712.7423095703125
}