{
  "t_02" : -0.95016610622406006,
  "t_13" : -0.22829928994178772,
  "cy" : 382.84994506835938,
  "fy" : 712.98687744140625,
  "t_22" : 0.21009798347949982,
  "t_11" : -0.012823858298361301,
  "t_00" : -0.22770452499389648,
  "t_20" : 0.036852926015853882,
  "angular_velocity" : 3.4028234663852886e+38,
  "t_03" : 8.6363000869750977,
  "center_depth" : 2.2768869400024414,
  "t_23" : 1.1294012069702148,
  "t_12" : 0.23031072318553925,
  "t_01" : 0.21291978657245636,
  "timestamp" : 6339757522,
  "blur_score" : 72.09710693359375,
  "t_21" : 0.9769853949546814,
  "t_10" : -0.97303253412246704,
  "width" : 1024,
  "height" : 768,
  "manual_keyframe" : true,
  "cx" : 516.838623046875,
  "fx" : 712.98687744140625
}