{
  "t_02" : -0.93118363618850708,
  "t_13" : -0.25281941890716553,
  "cy" : 382.09640502929688,
  "fy" : 712.09747314453125,
  "t_22" : -0.32743778824806213,
  "t_11" : -0.0095855854451656342,
  "t_00" : -0.14795200526714325,
  "t_20" : -0.062319248914718628,
  "angular_velocity" : 3.4028234663852886e+38,
  "t_03" : 8.6636524200439453,
  "t_23" : 1.1408360004425049,
  "t_12" : 0.16025477647781372,
  "t_01" : -0.33317756652832031,
  "timestamp" : 6340707598,
  "blur_score" : 163.92091369628906,
  "t_21" : 0.94281548261642456,
  "t_10" : -0.98702913522720337,
  "width" : 1024,
  "height" : 768,
  "manual_keyframe" : true,
  "cx" : 516.66986083984375,
  "fx" : 712.09747314453125
}