{
  "t_02" : -0.96409189701080322,
  "t_13" : -0.22942337393760681,
  "cy" : 382.60055541992188,
  "fy" : 712.11968994140625,
  "t_22" : -0.14460156857967377,
  "t_11" : 0.0091615281999111176,
  "t_00" : -0.2216695100069046,
  "t_20" : -0.023744864389300346,
  "angular_velocity" : 3.4028234663852886e+38,
  "t_03" : 8.6171865463256836,
  "center_depth" : 2.125288724899292,
  "t_23" : 1.2420942783355713,
  "t_12" : 0.22274929285049438,
  "t_01" : -0.14625149965286255,
  "timestamp" : 6340290898,
  "blur_score" : 124.29439544677734,
  "t_21" : 0.989205002784729,
  "t_10" : -0.97483271360397339,
  "width" : 1024,
  "height" : 768,
  "manual_keyframe" : true,
  "cx" : 516.84600830078125,
  "fx" : 712.11968994140625
}