{
  "t_02" : -0.69499009847640991,
  "t_13" : -0.2554754912853241,
  "cy" : 382.40353393554688,
  "fy" : 711.85125732421875,
  "t_22" : -0.69940274953842163,
  "t_11" : -0.09549163281917572,
  "t_00" : -0.048324830830097198,
  "t_20" : -0.18603162467479706,
  "angular_velocity" : 3.4028234663852886e+38,
  "t_03" : 8.8210897445678711,
  "t_23" : 1.0453574657440186,
  "t_12" : 0.16680647432804108,
  "t_01" : -0.71739345788955688,
  "timestamp" : 6341507662,
  "blur_score" : 241.74531555175781,
  "t_21" : 0.69009262323379517,
  "t_10" : -0.98135465383529663,
  "width" : 1024,
  "height" : 768,
  "manual_keyframe" : true,
  "cx" : 516.82208251953125,
  "fx" : 711.85125732421875
}