{
  "t_02" : -0.82919681072235107,
  "t_13" : -0.25583642721176147,
  "cy" : 382.34994506835938,
  "fy" : 712.102294921875,
  "t_22" : -0.5354352593421936,
  "t_11" : -0.089200995862483978,
  "t_00" : -0.085209257900714874,
  "t_20" : -0.1625971645116806,
  "angular_velocity" : 3.4028234663852886e+38,
  "t_03" : 8.7135696411132812,
  "center_depth" : 2.3051102161407471,
  "t_23" : 1.0724637508392334,
  "t_12" : 0.16044199466705322,
  "t_01" : -0.55242371559143066,
  "timestamp" : 6341040958,
  "blur_score" : 182.44395446777344,
  "t_21" : 0.82877695560455322,
  "t_10" : -0.98300641775131226,
  "width" : 1024,
  "height" : 768,
  "manual_keyframe" : true,
  "cx" : 516.77801513671875,
  "fx" : 712.102294921875
}