{
  "t_02" : -0.41809278726577759,
  "t_13" : -0.23243129253387451,
  "cy" : 382.29843139648438,
  "fy" : 711.21295166015625,
  "t_22" : -0.89314734935760498,
  "t_11" : -0.035423118621110916,
  "t_00" : -0.037710666656494141,
  "t_20" : -0.16528458893299103,
  "angular_velocity" : 3.4028234663852886e+38,
  "t_03" : 8.8749771118164062,
  "center_depth" : 3.2527658939361572,
  "t_23" : 0.83829790353775024,
  "t_12" : 0.1657898873090744,
  "t_01" : -0.90762126445770264,
  "timestamp" : 6342491073,
  "blur_score" : 234.08866882324219,
  "t_21" : 0.4182928204536438,
  "t_10" : -0.98552465438842773,
  "width" : 1024,
  "height" : 768,
  "manual_keyframe" : true,
  "cx" : 516.74652099609375,
  "fx" : 711.21295166015625
}