{
  "t_02" : -0.53620302677154541,
  "t_13" : -0.2384190559387207,
  "cy" : 382.22451782226562,
  "fy" : 711.4876708984375,
  "t_22" : -0.82993370294570923,
  "t_11" : -0.04952600970864296,
  "t_00" : -0.041330978274345398,
  "t_20" : -0.15633626282215118,
  "angular_velocity" : 3.4028234663852886e+38,
  "t_03" : 8.8633279800415039,
  "t_23" : 0.95717644691467285,
  "t_12" : 0.15393650531768799,
  "t_01" : -0.84307652711868286,
  "timestamp" : 6342074374,
  "blur_score" : 194.69532775878906,
  "t_21" : 0.53550833463668823,
  "t_10" : -0.98683875799179077,
  "width" : 1024,
  "height" : 768,
  "manual_keyframe" : true,
  "cx" : 516.7626953125,
  "fx" : 711.4876708984375
}