{
  "t_02" : -0.49103671312332153,
  "t_13" : -0.23589123785495758,
  "cy" : 382.23135375976562,
  "fy" : 711.4876708984375,
  "t_22" : -0.85704022645950317,
  "t_11" : -0.040615830570459366,
  "t_00" : -0.041854307055473328,
  "t_20" : -0.15576565265655518,
  "angular_velocity" : 3.4028234663852886e+38,
  "t_03" : 8.8668708801269531,
  "center_depth" : 2.8661534786224365,
  "t_23" : 0.91628807783126831,
  "t_12" : 0.15609313547611237,
  "t_01" : -0.87013286352157593,
  "timestamp" : 6342224386,
  "blur_score" : 202.16215515136719,
  "t_21" : 0.49114075303077698,
  "t_10" : -0.98690694570541382,
  "width" : 1024,
  "height" : 768,
  "manual_keyframe" : true,
  "cx" : 516.7249755859375,
  "fx" : 711.4876708984375
}