{
  "t_02" : -0.20771303772926331,
  "t_13" : -0.14891234040260315,
  "cy" : 382.1888427734375,
  "fy" : 710.6474609375,
  "t_22" : -0.95984089374542236,
  "t_11" : -0.048409074544906616,
  "t_00" : 0.0083415061235427856,
  "t_20" : -0.19451141357421875,
  "angular_velocity" : 3.4028234663852886e+38,
  "t_03" : 8.4649620056152344,
  "center_depth" : 4.599494457244873,
  "t_23" : 1.352958083152771,
  "t_12" : 0.18857577443122864,
  "t_01" : -0.97815418243408203,
  "timestamp" : 6344657912,
  "blur_score" : 158.99565124511719,
  "t_21" : 0.20216542482376099,
  "t_10" : -0.98086482286453247,
  "width" : 1024,
  "height" : 768,
  "manual_keyframe" : true,
  "cx" : 516.71160888671875,
  "fx" : 710.6474609375
}