{
  "t_02" : -0.30599692463874817,
  "t_13" : -0.1175256222486496,
  "cy" : 382.68435668945312,
  "fy" : 710.650634765625,
  "t_22" : -0.94034910202026367,
  "t_11" : -0.034996356815099716,
  "t_00" : -0.012329236604273319,
  "t_20" : -0.15225689113140106,
  "angular_velocity" : 3.4028234663852886e+38,
  "t_03" : 8.608088493347168,
  "t_23" : 1.0150458812713623,
  "t_12" : 0.14869236946105957,
  "t_01" : -0.95195263624191284,
  "timestamp" : 6344024528,
  "blur_score" : 223.05941772460938,
  "t_21" : 0.30423900485038757,
  "t_10" : -0.98826408386230469,
  "width" : 1024,
  "height" : 768,
  "manual_keyframe" : true,
  "cx" : 516.78497314453125,
  "fx" : 710.650634765625
}