{
  "t_02" : -0.20471601188182831,
  "t_13" : -0.14896497130393982,
  "cy" : 382.16326904296875,
  "fy" : 710.66485595703125,
  "t_22" : -0.96060878038406372,
  "t_11" : -0.048030808568000793,
  "t_00" : 0.0087022855877876282,
  "t_20" : -0.19378708302974701,
  "angular_velocity" : 3.4028234663852886e+38,
  "t_03" : 8.4557857513427734,
  "center_depth" : 4.5255489349365234,
  "t_23" : 1.4222474098205566,
  "t_12" : 0.18794199824333191,
  "t_01" : -0.97878259420394897,
  "timestamp" : 6344757920,
  "blur_score" : 277.33718872070312,
  "t_21" : 0.19919191300868988,
  "t_10" : -0.98100501298904419,
  "width" : 1024,
  "height" : 768,
  "manual_keyframe" : true,
  "cx" : 516.77691650390625,
  "fx" : 710.66485595703125
}