{
  "t_02" : -0.21224182844161987,
  "t_13" : -0.16002902388572693,
  "cy" : 382.37918090820312,
  "fy" : 710.90631103515625,
  "t_22" : -0.95381712913513184,
  "t_11" : -0.04877699539065361,
  "t_00" : 0.0026120867114514112,
  "t_20" : -0.21807926893234253,
  "angular_velocity" : 3.4028234663852886e+38,
  "t_03" : 8.376225471496582,
  "center_depth" : 4.389765739440918,
  "t_23" : 1.787977933883667,
  "t_12" : 0.2125704437494278,
  "t_01" : -0.97721362113952637,
  "timestamp" : 6345291295,
  "blur_score" : 280.36212158203125,
  "t_21" : 0.20657737553119659,
  "t_10" : -0.97592753171920776,
  "width" : 1024,
  "height" : 768,
  "manual_keyframe" : true,
  "cx" : 516.75738525390625,
  "fx" : 710.90631103515625
}