{
  "t_02" : -0.25118011236190796,
  "t_13" : -0.14522503316402435,
  "cy" : 382.46798706054688,
  "fy" : 710.87933349609375,
  "t_22" : -0.94027608633041382,
  "t_11" : -0.048690810799598694,
  "t_00" : -0.010888765566051006,
  "t_20" : -0.23460955917835236,
  "angular_velocity" : 3.4028234663852886e+38,
  "t_03" : 8.2562170028686523,
  "center_depth" : 4.120297908782959,
  "t_23" : 2.1174705028533936,
  "t_12" : 0.22975946962833405,
  "t_01" : -0.96787911653518677,
  "timestamp" : 6345724663,
  "blur_score" : 313.03277587890625,
  "t_21" : 0.24665609002113342,
  "t_10" : -0.97202873229980469,
  "width" : 1024,
  "height" : 768,
  "manual_keyframe" : true,
  "cx" : 516.80010986328125,
  "fx" : 710.87933349609375
}