{
  "t_02" : -0.30533003807067871,
  "t_13" : -0.1655951589345932,
  "cy" : 382.34164428710938,
  "fy" : 711.22564697265625,
  "t_22" : -0.91064238548278809,
  "t_11" : -0.024552959948778152,
  "t_00" : -0.064234822988510132,
  "t_20" : -0.27199390530586243,
  "angular_velocity" : 3.4028234663852886e+38,
  "t_03" : 8.1594839096069336,
  "t_23" : 2.7746438980102539,
  "t_12" : 0.27839526534080505,
  "t_01" : -0.95007753372192383,
  "timestamp" : 6346591398,
  "blur_score" : 304.14007568359375,
  "t_21" : 0.31104612350463867,
  "t_10" : -0.96015274524688721,
  "width" : 1024,
  "height" : 768,
  "manual_keyframe" : true,
  "cx" : 516.7271728515625,
  "fx" : 711.22564697265625
}