{
  "t_02" : -0.28124359250068665,
  "t_13" : -0.16692997515201569,
  "cy" : 382.21649169921875,
  "fy" : 711.20172119140625,
  "t_22" : -0.92689400911331177,
  "t_11" : -0.038828887045383453,
  "t_00" : -0.033745396882295609,
  "t_20" : -0.24927602708339691,
  "angular_velocity" : 3.4028234663852886e+38,
  "t_03" : 8.1976022720336914,
  "center_depth" : 3.800861120223999,
  "t_23" : 2.4645376205444336,
  "t_12" : 0.2485349178314209,
  "t_01" : -0.95904290676116943,
  "timestamp" : 6346191366,
  "blur_score" : 312.22103881835938,
  "t_21" : 0.28058692812919617,
  "t_10" : -0.96784436702728271,
  "width" : 1024,
  "height" : 768,
  "manual_keyframe" : true,
  "cx" : 516.6409912109375,
  "fx" : 711.20172119140625
}