{
  "t_02" : -0.30819118022918701,
  "t_13" : -0.16480763256549835,
  "cy" : 382.5009765625,
  "fy" : 711.2557373046875,
  "t_22" : -0.90555626153945923,
  "t_11" : -0.014238068833947182,
  "t_00" : -0.079823389649391174,
  "t_20" : -0.28074336051940918,
  "angular_velocity" : 3.4028234663852886e+38,
  "t_03" : 8.0804519653320312,
  "center_depth" : 3.4356474876403809,
  "t_23" : 3.1245894432067871,
  "t_12" : 0.29152336716651917,
  "t_01" : -0.94796949625015259,
  "timestamp" : 6347074770,
  "blur_score" : 224.20292663574219,
  "t_21" : 0.31804218888282776,
  "t_10" : -0.95645767450332642,
  "width" : 1024,
  "height" : 768,
  "manual_keyframe" : true,
  "cx" : 516.6619873046875,
  "fx" : 711.2557373046875
}