{
  "t_02" : -0.010069670155644417,
  "t_13" : -0.16641180217266083,
  "cy" : 382.43914794921875,
  "fy" : 711.492431640625,
  "t_22" : -0.99728506803512573,
  "t_11" : 0.0040579196065664291,
  "t_00" : -0.0048050298355519772,
  "t_20" : -0.072898633778095245,
  "angular_velocity" : 3.4028234663852886e+38,
  "t_03" : 7.9387044906616211,
  "center_depth" : 3.4317789077758789,
  "t_23" : 3.2193434238433838,
  "t_12" : 0.072944030165672302,
  "t_01" : -0.99993759393692017,
  "timestamp" : 6347791492,
  "blur_score" : 97.500602722167969,
  "t_21" : 0.010393262840807438,
  "t_10" : -0.99732774496078491,
  "width" : 1024,
  "height" : 768,
  "manual_keyframe" : true,
  "cx" : 516.54425048828125,
  "fx" : 711.492431640625
}