{
  "t_02" : -0.034477155655622482,
  "t_13" : -0.15856826305389404,
  "cy" : 382.52908325195312,
  "fy" : 711.2398681640625,
  "t_22" : -0.99829357862472534,
  "t_11" : -0.012585042975842953,
  "t_00" : 0.010964954271912575,
  "t_20" : -0.047532904893159866,
  "angular_velocity" : 3.4028234663852886e+38,
  "t_03" : 7.650883674621582,
  "center_depth" : 3.5796668529510498,
  "t_23" : 3.0129022598266602,
  "t_12" : 0.047129858285188675,
  "t_01" : -0.99934530258178711,
  "timestamp" : 6348541552,
  "blur_score" : 196.66322326660156,
  "t_21" : 0.033919338136911392,
  "t_10" : -0.99880951642990112,
  "width" : 1024,
  "height" : 768,
  "manual_keyframe" : true,
  "cx" : 516.883056640625,
  "fx" : 711.2398681640625
}