{
  "t_02" : 0.2803388237953186,
  "t_13" : -0.16150693595409393,
  "cy" : 382.46426391601562,
  "fy" : 711.18426513671875,
  "t_22" : -0.95630931854248047,
  "t_11" : 0.022807668894529343,
  "t_00" : 0.0013694519875571132,
  "t_20" : -0.086029067635536194,
  "angular_velocity" : 3.4028234663852886e+38,
  "t_03" : 7.5005254745483398,
  "center_depth" : 7.4175524711608887,
  "t_23" : 2.8927931785583496,
  "t_12" : 0.082961954176425934,
  "t_01" : -0.9599001407623291,
  "timestamp" : 6349458290,
  "blur_score" : 114.09664154052734,
  "t_21" : -0.2794128954410553,
  "t_10" : -0.99629169702529907,
  "width" : 1024,
  "height" : 768,
  "manual_keyframe" : true,
  "cx" : 516.74365234375,
  "fx" : 711.18426513671875
}