{
  "t_02" : -0.025448150932788849,
  "t_13" : -0.14709889888763428,
  "cy" : 382.41726684570312,
  "fy" : 710.86822509765625,
  "t_22" : -0.99473994970321655,
  "t_11" : 0.022441919893026352,
  "t_00" : -0.02508271113038063,
  "t_20" : -0.098586738109588623,
  "angular_velocity" : 3.4028234663852886e+38,
  "t_03" : 7.7430963516235352,
  "center_depth" : 3.5166616439819336,
  "t_23" : 3.1063730716705322,
  "t_12" : 0.099221199750900269,
  "t_01" : -0.99936145544052124,
  "timestamp" : 6350908404,
  "blur_score" : 107.14659118652344,
  "t_21" : 0.027804870158433914,
  "t_10" : -0.99481230974197388,
  "width" : 1024,
  "height" : 768,
  "manual_keyframe" : true,
  "cx" : 516.72149658203125,
  "fx" : 710.86822509765625
}