{
  "t_02" : -0.094418533146381378,
  "t_13" : -0.19604803621768951,
  "cy" : 382.52401733398438,
  "fy" : 711.53057861328125,
  "t_22" : -0.98260170221328735,
  "t_11" : -0.022999100387096405,
  "t_00" : 0.0078986510634422302,
  "t_20" : -0.16138650476932526,
  "angular_velocity" : 3.4028234663852886e+38,
  "t_03" : 8.1465730667114258,
  "t_23" : 3.2018852233886719,
  "t_12" : 0.15993443131446838,
  "t_01" : -0.99550127983093262,
  "timestamp" : 6351675131,
  "blur_score" : 88.06500244140625,
  "t_21" : 0.091914571821689606,
  "t_10" : -0.98685967922210693,
  "width" : 1024,
  "height" : 768,
  "manual_keyframe" : true,
  "cx" : 516.772705078125,
  "fx" : 711.53057861328125
}