{
  "t_02" : -0.05251586064696312,
  "t_13" : -0.15519574284553528,
  "cy" : 382.6021728515625,
  "fy" : 711.16046142578125,
  "t_22" : -0.99061781167984009,
  "t_11" : 0.01276745367795229,
  "t_00" : -0.019530877470970154,
  "t_20" : -0.12529900670051575,
  "angular_velocity" : 3.4028234663852886e+38,
  "t_03" : 7.8484606742858887,
  "center_depth" : 3.5915560722351074,
  "t_23" : 3.1076359748840332,
  "t_12" : 0.12616768479347229,
  "t_01" : -0.9984290599822998,
  "timestamp" : 6351141756,
  "blur_score" : 123.31362152099609,
  "t_21" : 0.054556049406528473,
  "t_10" : -0.99192678928375244,
  "width" : 1024,
  "height" : 768,
  "manual_keyframe" : true,
  "cx" : 516.77679443359375,
  "fx" : 711.16046142578125
}