{
  "t_02" : 0.011542152613401413,
  "t_13" : -0.19674479961395264,
  "cy" : 382.61749267578125,
  "fy" : 711.266845703125,
  "t_22" : -0.9941447377204895,
  "t_11" : -0.021421972662210464,
  "t_00" : 0.022792251780629158,
  "t_20" : -0.10715670138597488,
  "angular_velocity" : 3.4028234663852886e+38,
  "t_03" : 8.0243825912475586,
  "center_depth" : 3.1324400901794434,
  "t_23" : 3.5337884426116943,
  "t_12" : 0.10743901878595352,
  "t_01" : -0.99967360496520996,
  "timestamp" : 6353275256,
  "blur_score" : 70.945808410644531,
  "t_21" : -0.013921454548835754,
  "t_10" : -0.99398088455200195,
  "width" : 1024,
  "height" : 768,
  "manual_keyframe" : true,
  "cx" : 516.89862060546875,
  "fx" : 711.266845703125
}