{
  "t_02" : 0.10647390782833099,
  "t_13" : -0.17645658552646637,
  "cy" : 382.2796630859375,
  "fy" : 711.49554443359375,
  "t_22" : -0.99183958768844604,
  "t_11" : 0.0019292088691145182,
  "t_00" : 0.0055619264021515846,
  "t_20" : -0.06993025541305542,
  "angular_velocity" : 3.4028234663852886e+38,
  "t_03" : 7.9229497909545898,
  "center_depth" : 2.8117372989654541,
  "t_23" : 3.7562735080718994,
  "t_12" : 0.070124559104442596,
  "t_01" : -0.99429994821548462,
  "timestamp" : 6353591947,
  "blur_score" : 97.487808227539062,
  "t_21" : -0.10660161823034286,
  "t_10" : -0.99753642082214355,
  "width" : 1024,
  "height" : 768,
  "manual_keyframe" : true,
  "cx" : 516.9383544921875,
  "fx" : 711.49554443359375
}