{
  "t_02" : -0.2039223313331604,
  "t_13" : -0.19669127464294434,
  "cy" : 382.44833374023438,
  "fy" : 712.43890380859375,
  "t_22" : -0.96395564079284668,
  "t_11" : 0.045458074659109116,
  "t_00" : -0.080469757318496704,
  "t_20" : -0.15746782720088959,
  "angular_velocity" : 3.4028234663852886e+38,
  "t_03" : 7.7260422706604004,
  "center_depth" : 2.1062560081481934,
  "t_23" : 4.6704678535461426,
  "t_12" : 0.17089486122131348,
  "t_01" : -0.9756740927696228,
  "timestamp" : 6354842044,
  "blur_score" : 34.975822448730469,
  "t_21" : 0.21446040272712708,
  "t_10" : -0.98424005508422852,
  "width" : 1024,
  "height" : 768,
  "manual_keyframe" : true,
  "cx" : 516.82342529296875,
  "fx" : 712.43890380859375
}