{
  "t_02" : 0.11683617532253265,
  "t_13" : -0.17230372130870819,
  "cy" : 382.23175048828125,
  "fy" : 711.8497314453125,
  "t_22" : -0.99010872840881348,
  "t_11" : 0.0070802364498376846,
  "t_00" : 0.0020500030368566513,
  "t_20" : -0.077972106635570526,
  "angular_velocity" : 3.4028234663852886e+38,
  "t_03" : 7.8646960258483887,
  "t_23" : 4.0734958648681641,
  "t_12" : 0.077677033841609955,
  "t_01" : -0.99314892292022705,
  "timestamp" : 6354008646,
  "blur_score" : 105.997314453125,
  "t_21" : -0.11663945764303207,
  "t_10" : -0.99695336818695068,
  "width" : 1024,
  "height" : 768,
  "manual_keyframe" : true,
  "cx" : 516.7578125,
  "fx" : 711.8497314453125
}