{
  "t_02" : 0.051790926605463028,
  "t_13" : -0.19269607961177826,
  "cy" : 382.6539306640625,
  "fy" : 712.4754638671875,
  "t_22" : -0.99395793676376343,
  "t_11" : 0.0032285223715007305,
  "t_00" : 0.001796300639398396,
  "t_20" : -0.096811741590499878,
  "angular_velocity" : 3.4028234663852886e+38,
  "t_03" : 7.7596688270568848,
  "t_23" : 4.3959026336669922,
  "t_12" : 0.096774555742740631,
  "t_01" : -0.99865627288818359,
  "timestamp" : 6354442013,
  "blur_score" : 42.90313720703125,
  "t_21" : -0.051721401512622833,
  "t_10" : -0.99530106782913208,
  "width" : 1024,
  "height" : 768,
  "manual_keyframe" : true,
  "cx" : 516.7147216796875,
  "fx" : 712.4754638671875
}