{
  "t_02" : -0.53786134719848633,
  "t_13" : -0.24065621197223663,
  "cy" : 382.459716796875,
  "fy" : 712.4627685546875,
  "t_22" : -0.7859763503074646,
  "t_11" : 0.094854012131690979,
  "t_00" : -0.25351136922836304,
  "t_20" : -0.19410185515880585,
  "angular_velocity" : 3.4028234663852886e+38,
  "t_03" : 7.8039135932922363,
  "center_depth" : 2.2575356960296631,
  "t_23" : 5.0390691757202148,
  "t_12" : 0.3048708438873291,
  "t_01" : -0.80401307344436646,
  "timestamp" : 6355342083,
  "blur_score" : 122.75583648681641,
  "t_21" : 0.58699709177017212,
  "t_10" : -0.94765836000442505,
  "width" : 1024,
  "height" : 768,
  "manual_keyframe" : true,
  "cx" : 516.74957275390625,
  "fx" : 712.4627685546875
}