{
  "t_02" : -0.84484422206878662,
  "t_13" : -0.25634175539016724,
  "cy" : 382.67721557617188,
  "fy" : 712.5008544921875,
  "t_22" : -0.38955432176589966,
  "t_11" : 0.11370538175106049,
  "t_00" : -0.38170555233955383,
  "t_20" : -0.041415523737668991,
  "angular_velocity" : 3.4028234663852886e+38,
  "t_03" : 7.9702186584472656,
  "t_23" : 5.2746648788452148,
  "t_12" : 0.36672255396842957,
  "t_01" : -0.37488517165184021,
  "timestamp" : 6355908793,
  "blur_score" : 215.44285583496094,
  "t_21" : 0.92007166147232056,
  "t_10" : -0.92335551977157593,
  "width" : 1024,
  "height" : 768,
  "manual_keyframe" : true,
  "cx" : 516.6580810546875,
  "fx" : 712.5008544921875
}