{
  "t_02" : -0.44095742702484131,
  "t_13" : -0.23582655191421509,
  "cy" : 382.35604858398438,
  "fy" : 712.454833984375,
  "t_22" : -0.85879230499267578,
  "t_11" : 0.075896292924880981,
  "t_00" : -0.18870753049850464,
  "t_20" : -0.19540263712406158,
  "angular_velocity" : 3.4028234663852886e+38,
  "t_03" : 7.7733340263366699,
  "center_depth" : 2.2280750274658203,
  "t_23" : 4.9294614791870117,
  "t_12" : 0.26083031296730042,
  "t_01" : -0.87746566534042358,
  "timestamp" : 6355175403,
  "blur_score" : 79.880714416503906,
  "t_21" : 0.47359663248062134,
  "t_10" : -0.96239668130874634,
  "width" : 1024,
  "height" : 768,
  "manual_keyframe" : true,
  "cx" : 516.72064208984375,
  "fx" : 712.454833984375
}