{
  "t_02" : -0.71867048740386963,
  "t_13" : -0.25552016496658325,
  "cy" : 382.654052734375,
  "fy" : 712.11016845703125,
  "t_22" : -0.60604351758956909,
  "t_11" : 0.10340449213981628,
  "t_00" : -0.3299466073513031,
  "t_20" : -0.13435573875904083,
  "angular_velocity" : 3.4028234663852886e+38,
  "t_03" : 7.8824043273925781,
  "center_depth" : 1.8598570823669434,
  "t_23" : 5.2100186347961426,
  "t_12" : 0.3409159779548645,
  "t_01" : -0.61208474636077881,
  "timestamp" : 6355675442,
  "blur_score" : 168.76310729980469,
  "t_21" : 0.78400224447250366,
  "t_10" : -0.93438941240310669,
  "width" : 1024,
  "height" : 768,
  "manual_keyframe" : true,
  "cx" : 516.6883544921875,
  "fx" : 712.11016845703125
}