{
  "t_02" : -0.9261167049407959,
  "t_13" : -0.25936231017112732,
  "cy" : 382.626220703125,
  "fy" : 713.57928466796875,
  "t_22" : 0.081419043242931366,
  "t_11" : 0.11370482295751572,
  "t_00" : -0.35346505045890808,
  "t_20" : 0.15385060012340546,
  "angular_velocity" : 3.4028234663852886e+38,
  "t_03" : 8.3045988082885742,
  "center_depth" : 1.4766747951507568,
  "t_23" : 5.3228874206542969,
  "t_12" : 0.3683459460735321,
  "t_01" : 0.13179636001586914,
  "timestamp" : 6356475504,
  "blur_score" : 147.80935668945312,
  "t_21" : 0.98473387956619263,
  "t_10" : -0.92270928621292114,
  "width" : 1024,
  "height" : 768,
  "manual_keyframe" : true,
  "cx" : 516.64300537109375,
  "fx" : 713.57928466796875
}