{
  "t_02" : -0.90950459241867065,
  "t_13" : -0.26230520009994507,
  "cy" : 382.56875610351562,
  "fy" : 712.98687744140625,
  "t_22" : -0.1558811366558075,
  "t_11" : 0.11267931014299393,
  "t_00" : -0.39760738611221313,
  "t_20" : 0.055744431912899017,
  "angular_velocity" : 3.4028234663852886e+38,
  "t_03" : 8.1095285415649414,
  "t_23" : 5.3033976554870605,
  "t_12" : 0.38536018133163452,
  "t_01" : -0.12128372490406036,
  "timestamp" : 6356158813,
  "blur_score" : 127.59365081787109,
  "t_21" : 0.98620164394378662,
  "t_10" : -0.91586077213287354,
  "width" : 1024,
  "height" : 768,
  "manual_keyframe" : true,
  "cx" : 516.63751220703125,
  "fx" : 712.98687744140625
}