{
  "t_02" : -0.91913002729415894,
  "t_13" : -0.32660999894142151,
  "cy" : 382.92990112304688,
  "fy" : 715.98223876953125,
  "t_22" : -0.0099894171580672264,
  "t_11" : 0.1268446147441864,
  "t_00" : -0.39153608679771423,
  "t_20" : 0.13374973833560944,
  "angular_velocity" : 3.4028234663852886e+38,
  "t_03" : 8.5956382751464844,
  "t_23" : 5.5026607513427734,
  "t_12" : 0.39382725954055786,
  "t_01" : 0.043580025434494019,
  "timestamp" : 6357508917,
  "blur_score" : 166.71633911132812,
  "t_21" : 0.99096465110778809,
  "t_10" : -0.91039019823074341,
  "width" : 1024,
  "height" : 768,
  "manual_keyframe" : true,
  "cx" : 516.57177734375,
  "fx" : 715.98223876953125
}