{
  "t_02" : -0.89731299877166748,
  "t_13" : -0.33134752511978149,
  "cy" : 382.77395629882812,
  "fy" : 716.0045166015625,
  "t_22" : -0.21892175078392029,
  "t_11" : 0.088307999074459076,
  "t_00" : -0.39331242442131042,
  "t_20" : 0.0024555239360779524,
  "angular_velocity" : 3.4028234663852886e+38,
  "t_03" : 8.6534147262573242,
  "center_depth" : 1.1988226175308228,
  "t_23" : 5.4370698928833008,
  "t_12" : 0.38327842950820923,
  "t_01" : -0.20033583045005798,
  "timestamp" : 6357825608,
  "blur_score" : 93.880088806152344,
  "t_21" : 0.9757392406463623,
  "t_10" : -0.91940146684646606,
  "width" : 1024,
  "height" : 768,
  "manual_keyframe" : true,
  "cx" : 516.57830810546875,
  "fx" : 716.0045166015625
}