{
  "t_02" : -0.85657399892807007,
  "t_13" : -0.33890381455421448,
  "cy" : 382.70950317382812,
  "fy" : 715.956787109375,
  "t_22" : -0.34540256857872009,
  "t_11" : 0.087850332260131836,
  "t_00" : -0.38951823115348816,
  "t_20" : -0.05450814962387085,
  "angular_velocity" : 3.4028234663852886e+38,
  "t_03" : 8.6633634567260742,
  "center_depth" : 1.1618847846984863,
  "t_23" : 5.4064059257507324,
  "t_12" : 0.38337695598602295,
  "t_01" : -0.33846181631088257,
  "timestamp" : 6357942284,
  "blur_score" : 101.00729370117188,
  "t_21" : 0.93687021732330322,
  "t_10" : -0.91940426826477051,
  "width" : 1024,
  "height" : 768,
  "manual_keyframe" : true,
  "cx" : 516.4964599609375,
  "fx" : 715.956787109375
}