{
  "t_02" : -0.73524206876754761,
  "t_13" : -0.34921127557754517,
  "cy" : 382.80377197265625,
  "fy" : 716.0426025390625,
  "t_22" : -0.54642212390899658,
  "t_11" : 0.087277993559837341,
  "t_00" : -0.3772575855255127,
  "t_20" : -0.16166630387306213,
  "angular_velocity" : 3.4028234663852886e+38,
  "t_03" : 8.6755485534667969,
  "center_depth" : 1.1933691501617432,
  "t_23" : 5.3642563819885254,
  "t_12" : 0.40105089545249939,
  "t_01" : -0.56311249732971191,
  "timestamp" : 6358158967,
  "blur_score" : 136.98078918457031,
  "t_21" : 0.82175838947296143,
  "t_10" : -0.91188853979110718,
  "width" : 1024,
  "height" : 768,
  "manual_keyframe" : true,
  "cx" : 516.411376953125,
  "fx" : 716.0426025390625
}