{
  "t_02" : -0.57864105701446533,
  "t_13" : -0.35810846090316772,
  "cy" : 382.88836669921875,
  "fy" : 715.99029541015625,
  "t_22" : -0.70025676488876343,
  "t_11" : 0.090895518660545349,
  "t_00" : -0.34212952852249146,
  "t_20" : -0.25695204734802246,
  "angular_velocity" : 3.4028234663852886e+38,
  "t_03" : 8.7220859527587891,
  "center_depth" : 1.1737871170043945,
  "t_23" : 5.3290271759033203,
  "t_12" : 0.41810882091522217,
  "t_01" : -0.74035251140594482,
  "timestamp" : 6358425654,
  "blur_score" : 216.87591552734375,
  "t_21" : 0.66604512929916382,
  "t_10" : -0.90383797883987427,
  "width" : 1024,
  "height" : 768,
  "manual_keyframe" : true,
  "cx" : 516.4345703125,
  "fx" : 715.99029541015625
}