{
  "t_02" : -0.47473627328872681,
  "t_13" : -0.35704910755157471,
  "cy" : 382.87939453125,
  "fy" : 715.6932373046875,
  "t_22" : -0.78035575151443481,
  "t_11" : 0.083686545491218567,
  "t_00" : -0.28892946243286133,
  "t_20" : -0.29865261912345886,
  "angular_velocity" : 3.4028234663852886e+38,
  "t_03" : 8.7767486572265625,
  "center_depth" : 1.1589818000793457,
  "t_23" : 5.2928318977355957,
  "t_12" : 0.40702599287033081,
  "t_01" : -0.83135128021240234,
  "timestamp" : 6358642338,
  "blur_score" : 318.63125610351562,
  "t_21" : 0.54940986633300781,
  "t_10" : -0.90957474708557129,
  "width" : 1024,
  "height" : 768,
  "manual_keyframe" : true,
  "cx" : 516.5284423828125,
  "fx" : 715.6932373046875
}