{
  "t_02" : -0.2875191867351532,
  "t_13" : -0.36492085456848145,
  "cy" : 382.84347534179688,
  "fy" : 715.072265625,
  "t_22" : -0.86027580499649048,
  "t_11" : 0.0058763707056641579,
  "t_00" : -0.13959778845310211,
  "t_20" : -0.39724722504615784,
  "angular_velocity" : 3.4028234663852886e+38,
  "t_03" : 8.9315061569213867,
  "t_23" : 4.9164037704467773,
  "t_12" : 0.42102056741714478,
  "t_01" : -0.94754683971405029,
  "timestamp" : 6359525739,
  "blur_score" : 288.191162109375,
  "t_21" : 0.3195626437664032,
  "t_10" : -0.9070320725440979,
  "width" : 1024,
  "height" : 768,
  "manual_keyframe" : true,
  "cx" : 516.307861328125,
  "fx" : 715.072265625
}