{
  "t_02" : -0.27775681018829346,
  "t_13" : -0.37730807065963745,
  "cy" : 382.91531372070312,
  "fy" : 715.09124755859375,
  "t_22" : -0.85433465242385864,
  "t_11" : -0.0093015590682625771,
  "t_00" : -0.12596356868743896,
  "t_20" : -0.42093145847320557,
  "angular_velocity" : 3.4028234663852886e+38,
  "t_03" : 8.9246606826782227,
  "center_depth" : 1.2504638433456421,
  "t_23" : 4.8691635131835938,
  "t_12" : 0.43927618861198425,
  "t_01" : -0.95235717296600342,
  "timestamp" : 6359659082,
  "blur_score" : 254.82809448242188,
  "t_21" : 0.30484288930892944,
  "t_10" : -0.89830392599105835,
  "width" : 1024,
  "height" : 768,
  "manual_keyframe" : true,
  "cx" : 516.362060546875,
  "fx" : 715.09124755859375
}