{
  "t_02" : -0.37880700826644897,
  "t_13" : -0.33568286895751953,
  "cy" : 382.75674438476562,
  "fy" : 715.6361083984375,
  "t_22" : -0.83595675230026245,
  "t_11" : 0.081105545163154602,
  "t_00" : -0.24374844133853912,
  "t_20" : -0.32379969954490662,
  "angular_velocity" : 3.4028234663852886e+38,
  "t_03" : 8.8599081039428711,
  "t_23" : 5.1564888954162598,
  "t_12" : 0.39709123969078064,
  "t_01" : -0.89280009269714355,
  "timestamp" : 6359009033,
  "blur_score" : 384.13064575195312,
  "t_21" : 0.44309136271476746,
  "t_10" : -0.9141884446144104,
  "width" : 1024,
  "height" : 768,
  "manual_keyframe" : true,
  "cx" : 516.46954345703125,
  "fx" : 715.6361083984375
}