{
  "t_02" : 0.10123854130506516,
  "t_13" : -0.2355438619852066,
  "cy" : 382.14794921875,
  "fy" : 713.04248046875,
  "t_22" : -0.97830110788345337,
  "t_11" : 0.015698203817009926,
  "t_00" : 0.002728637307882309,
  "t_20" : -0.18142928183078766,
  "angular_velocity" : 3.4028234663852886e+38,
  "t_03" : 8.8329687118530273,
  "t_23" : 4.3891372680664062,
  "t_12" : 0.1807694286108017,
  "t_01" : -0.99485838413238525,
  "timestamp" : 6360942514,
  "blur_score" : 61.875465393066406,
  "t_21" : -0.10005125403404236,
  "t_10" : -0.98340010643005371,
  "width" : 1024,
  "height" : 768,
  "manual_keyframe" : true,
  "cx" : 516.33026123046875,
  "fx" : 713.04248046875
}