{
  "t_02" : -0.2714744508266449,
  "t_13" : -0.43616312742233276,
  "cy" : 382.69607543945312,
  "fy" : 714.57037353515625,
  "t_22" : -0.82710790634155273,
  "t_11" : -0.046725589781999588,
  "t_00" : -0.10225299745798111,
  "t_20" : -0.48365452885627747,
  "angular_velocity" : 3.4028234663852886e+38,
  "t_03" : 8.8620061874389648,
  "center_depth" : 1.4179383516311646,
  "t_23" : 4.7191648483276367,
  "t_12" : 0.49213215708732605,
  "t_01" : -0.95699828863143921,
  "timestamp" : 6360159121,
  "blur_score" : 339.34365844726562,
  "t_21" : 0.28630545735359192,
  "t_10" : -0.86926561594009399,
  "width" : 1024,
  "height" : 768,
  "manual_keyframe" : true,
  "cx" : 516.39892578125,
  "fx" : 714.57037353515625
}