{
  "t_02" : -0.10184016823768616,
  "t_13" : -0.28233075141906738,
  "cy" : 382.24075317382812,
  "fy" : 713.56658935546875,
  "t_22" : -0.93203109502792358,
  "t_11" : -0.018055126070976257,
  "t_00" : -0.018625080585479736,
  "t_20" : -0.34774371981620789,
  "angular_velocity" : 3.4028234663852886e+38,
  "t_03" : 8.8120689392089844,
  "t_23" : 4.5111074447631836,
  "t_12" : 0.34777373075485229,
  "t_01" : -0.99462646245956421,
  "timestamp" : 6360742499,
  "blur_score" : 158.5345458984375,
  "t_21" : 0.10194278508424759,
  "t_10" : -0.93740463256835938,
  "width" : 1024,
  "height" : 768,
  "manual_keyframe" : true,
  "cx" : 516.5137939453125,
  "fx" : 713.56658935546875
}