{
  "t_02" : 0.33542540669441223,
  "t_13" : -0.20166832208633423,
  "cy" : 382.22799682617188,
  "fy" : 712.44537353515625,
  "t_22" : -0.94055658578872681,
  "t_11" : 0.020937388762831688,
  "t_00" : -0.0018425389425829053,
  "t_20" : -0.057253796607255936,
  "angular_velocity" : 3.4028234663852886e+38,
  "t_03" : 8.9036054611206055,
  "center_depth" : 2.6350088119506836,
  "t_23" : 4.2013115882873535,
  "t_12" : 0.053319957107305527,
  "t_01" : -0.94206506013870239,
  "timestamp" : 6361309209,
  "blur_score" : 59.574527740478516,
  "t_21" : -0.334776371717453,
  "t_10" : -0.99835795164108276,
  "width" : 1024,
  "height" : 768,
  "manual_keyframe" : true,
  "cx" : 516.33782958984375,
  "fx" : 712.44537353515625
}