{
  "t_02" : 0.07561318576335907,
  "t_13" : -0.15688258409500122,
  "cy" : 382.50634765625,
  "fy" : 712.09112548828125,
  "t_22" : -0.99701619148254395,
  "t_11" : 0.013267025351524353,
  "t_00" : -0.012056240811944008,
  "t_20" : -0.016488635912537575,
  "angular_velocity" : 3.4028234663852886e+38,
  "t_03" : 9.0488405227661133,
  "center_depth" : 3.0373263359069824,
  "t_23" : 3.8263108730316162,
  "t_12" : 0.015531066805124283,
  "t_01" : -0.99706423282623291,
  "timestamp" : 6362192610,
  "blur_score" : 39.684333801269531,
  "t_21" : -0.075410157442092896,
  "t_10" : -0.99979126453399658,
  "width" : 1024,
  "height" : 768,
  "manual_keyframe" : true,
  "cx" : 516.8416748046875,
  "fx" : 712.09112548828125
}