{
  "t_02" : 0.16672103106975555,
  "t_13" : -0.16554874181747437,
  "cy" : 382.54763793945312,
  "fy" : 712.1181640625,
  "t_22" : -0.98567521572113037,
  "t_11" : 0.01646244153380394,
  "t_00" : -0.011990929022431374,
  "t_20" : -0.027850611135363579,
  "angular_velocity" : 3.4028234663852886e+38,
  "t_03" : 9.0236911773681641,
  "center_depth" : 2.9981212615966797,
  "t_23" : 3.8697149753570557,
  "t_12" : 0.025464227423071861,
  "t_01" : -0.98593121767044067,
  "timestamp" : 6362075935,
  "blur_score" : 27.093095779418945,
  "t_21" : -0.16633901000022888,
  "t_10" : -0.99954020977020264,
  "width" : 1024,
  "height" : 768,
  "manual_keyframe" : true,
  "cx" : 516.8291015625,
  "fx" : 712.1181640625
}