{
  "t_02" : -0.22376203536987305,
  "t_13" : -0.16191546618938446,
  "cy" : 382.44049072265625,
  "fy" : 711.8179931640625,
  "t_22" : -0.97386974096298218,
  "t_11" : 0.010685284622013569,
  "t_00" : -0.019117744639515877,
  "t_20" : -0.035452418029308319,
  "angular_velocity" : 3.4028234663852886e+38,
  "t_03" : 9.1696453094482422,
  "center_depth" : 2.1982603073120117,
  "t_23" : 3.7112677097320557,
  "t_12" : 0.038835380226373672,
  "t_01" : -0.97445625066757202,
  "timestamp" : 6362625977,
  "blur_score" : 87.176666259765625,
  "t_21" : 0.22432291507720947,
  "t_10" : -0.99918842315673828,
  "width" : 1024,
  "height" : 768,
  "manual_keyframe" : true,
  "cx" : 516.76434326171875,
  "fx" : 711.8179931640625
}