{
  "t_02" : -0.73306101560592651,
  "t_13" : -0.19448542594909668,
  "cy" : 382.622802734375,
  "fy" : 715.3865966796875,
  "t_22" : -0.65664207935333252,
  "t_11" : -0.033536352217197418,
  "t_00" : -0.1092669889330864,
  "t_20" : -0.1436246782541275,
  "angular_velocity" : 3.4028234663852886e+38,
  "t_03" : 9.3287944793701172,
  "center_depth" : 0.88840627670288086,
  "t_23" : 3.5989890098571777,
  "t_12" : 0.1773207038640976,
  "t_01" : -0.67132860422134399,
  "timestamp" : 6363492710,
  "blur_score" : 37.128864288330078,
  "t_21" : 0.74040049314498901,
  "t_10" : -0.98358148336410522,
  "width" : 1024,
  "height" : 768,
  "manual_keyframe" : true,
  "cx" : 516.88458251953125,
  "fx" : 715.3865966796875
}