{
  "t_02" : -0.49747252464294434,
  "t_13" : -0.19379138946533203,
  "cy" : 382.59329223632812,
  "fy" : 713.9033203125,
  "t_22" : -0.85511118173599243,
  "t_11" : -0.018156619742512703,
  "t_00" : -0.057523861527442932,
  "t_20" : -0.13537614047527313,
  "angular_velocity" : 3.4028234663852886e+38,
  "t_03" : 9.284876823425293,
  "t_23" : 3.6261236667633057,
  "t_12" : 0.14596584439277649,
  "t_01" : -0.86557036638259888,
  "timestamp" : 6363092679,
  "blur_score" : 78.710372924804688,
  "t_21" : 0.50045806169509888,
  "t_10" : -0.98912298679351807,
  "width" : 1024,
  "height" : 768,
  "manual_keyframe" : true,
  "cx" : 516.75579833984375,
  "fx" : 713.9033203125
}