{
  "t_02" : -0.86109352111816406,
  "t_13" : -0.1925714910030365,
  "cy" : 382.6256103515625,
  "fy" : 716.29833984375,
  "t_22" : -0.47786733508110046,
  "t_11" : -0.033507958054542542,
  "t_00" : -0.13525407016277313,
  "t_20" : -0.11397305130958557,
  "angular_velocity" : 3.4028234663852886e+38,
  "t_03" : 9.3313922882080078,
  "t_23" : 3.5966620445251465,
  "t_12" : 0.17366844415664673,
  "t_01" : -0.49012678861618042,
  "timestamp" : 6363676057,
  "blur_score" : 14.821642875671387,
  "t_21" : 0.87100690603256226,
  "t_10" : -0.98423397541046143,
  "width" : 1024,
  "height" : 768,
  "manual_keyframe" : true,
  "cx" : 516.8599853515625,
  "fx" : 716.29833984375
}