{
  "t_02" : -0.95807772874832153,
  "t_13" : -0.19167396426200867,
  "cy" : 382.553466796875,
  "fy" : 716.6112060546875,
  "t_22" : -0.22413632273674011,
  "t_11" : -0.026596818119287491,
  "t_00" : -0.16755305230617523,
  "t_20" : -0.066958591341972351,
  "angular_velocity" : 3.4028234663852886e+38,
  "t_03" : 9.3326797485351562,
  "center_depth" : 0.99271345138549805,
  "t_23" : 3.5883524417877197,
  "t_12" : 0.17846591770648956,
  "t_01" : -0.23240730166435242,
  "timestamp" : 6363892740,
  "blur_score" : 11.889389991760254,
  "t_21" : 0.97225487232208252,
  "t_10" : -0.98358654975891113,
  "width" : 1024,
  "height" : 768,
  "manual_keyframe" : true,
  "cx" : 516.804443359375,
  "fx" : 716.6112060546875
}