{
  "t_02" : -0.85669547319412231,
  "t_13" : -0.19232885539531708,
  "cy" : 382.18948364257812,
  "fy" : 715.7091064453125,
  "t_22" : 0.47191864252090454,
  "t_11" : -0.060977600514888763,
  "t_00" : -0.21212659776210785,
  "t_20" : 0.045674234628677368,
  "angular_velocity" : 3.4028234663852886e+38,
  "t_03" : 9.368861198425293,
  "t_23" : 3.3849258422851562,
  "t_12" : 0.2082439661026001,
  "t_01" : 0.47018623352050781,
  "timestamp" : 6364609462,
  "blur_score" : 74.957298278808594,
  "t_21" : 0.88045811653137207,
  "t_10" : -0.97617417573928833,
  "width" : 1024,
  "height" : 768,
  "manual_keyframe" : true,
  "cx" : 516.7786865234375,
  "fx" : 715.7091064453125
}