{
  "t_02" : -0.97514259815216064,
  "t_13" : -0.19218944013118744,
  "cy" : 382.34304809570312,
  "fy" : 716.5889892578125,
  "t_22" : 0.10963933169841766,
  "t_11" : -0.034880667924880981,
  "t_00" : -0.19519598782062531,
  "t_20" : -0.013823120854794979,
  "angular_velocity" : 3.4028234663852886e+38,
  "t_03" : 9.350123405456543,
  "center_depth" : 1.0828465223312378,
  "t_23" : 3.5274529457092285,
  "t_12" : 0.19255097210407257,
  "t_01" : 0.10485801845788956,
  "timestamp" : 6364209431,
  "blur_score" : 27.189767837524414,
  "t_21" : 0.99387514591217041,
  "t_10" : -0.98066675662994385,
  "width" : 1024,
  "height" : 768,
  "manual_keyframe" : true,
  "cx" : 516.74725341796875,
  "fx" : 716.5889892578125
}