{
  "t_02" : -0.37408038973808289,
  "t_13" : -0.12423519045114517,
  "cy" : 382.45965576171875,
  "fy" : 712.45806884765625,
  "t_22" : 0.91890871524810791,
  "t_11" : -0.045668970793485641,
  "t_00" : -0.089782893657684326,
  "t_20" : 0.098463639616966248,
  "angular_velocity" : 3.4028234663852886e+38,
  "t_03" : 9.2703161239624023,
  "t_23" : 3.1622774600982666,
  "t_12" : 0.12518145143985748,
  "t_01" : 0.92303997278213501,
  "timestamp" : 6365692878,
  "blur_score" : 92.100357055664062,
  "t_21" : 0.38198360800743103,
  "t_10" : -0.99108219146728516,
  "width" : 1024,
  "height" : 768,
  "manual_keyframe" : true,
  "cx" : 516.808837890625,
  "fx" : 712.45806884765625
}