{
  "t_02" : -0.60865670442581177,
  "t_13" : -0.18801204860210419,
  "cy" : 382.2879638671875,
  "fy" : 713.9239501953125,
  "t_22" : 0.76468473672866821,
  "t_11" : -0.052576217800378799,
  "t_00" : -0.1737048327922821,
  "t_20" : 0.13185298442840576,
  "angular_velocity" : 3.4028234663852886e+38,
  "t_03" : 9.3281927108764648,
  "center_depth" : 2.1960504055023193,
  "t_23" : 3.2147383689880371,
  "t_12" : 0.2116466760635376,
  "t_01" : 0.77418583631515503,
  "timestamp" : 6365142836,
  "blur_score" : 95.977378845214844,
  "t_21" : 0.63077104091644287,
  "t_10" : -0.97593110799789429,
  "width" : 1024,
  "height" : 768,
  "manual_keyframe" : true,
  "cx" : 516.6741943359375,
  "fx" : 713.9239501953125
}