{
  "t_02" : -0.28516873717308044,
  "t_13" : -0.07123275101184845,
  "cy" : 382.390869140625,
  "fy" : 712.4595947265625,
  "t_22" : 0.95100134611129761,
  "t_11" : -0.028663625940680504,
  "t_00" : 0.0066492967307567596,
  "t_20" : -0.12268917262554169,
  "angular_velocity" : 3.4028234663852886e+38,
  "t_03" : 9.2074728012084961,
  "center_depth" : 2.9845817089080811,
  "t_23" : 3.2002999782562256,
  "t_12" : -0.11947904527187347,
  "t_01" : 0.95845431089401245,
  "timestamp" : 6366276256,
  "blur_score" : 108.02944183349609,
  "t_21" : 0.28380241990089417,
  "t_10" : -0.99242287874221802,
  "width" : 1024,
  "height" : 768,
  "manual_keyframe" : true,
  "cx" : 516.67474365234375,
  "fx" : 712.4595947265625
}