{
  "t_02" : -0.66300779581069946,
  "t_13" : -0.0681113600730896,
  "cy" : 382.49795532226562,
  "fy" : 712.11175537109375,
  "t_22" : 0.72577321529388428,
  "t_11" : 0.0051171928644180298,
  "t_00" : 0.1276080459356308,
  "t_20" : -0.13197025656700134,
  "angular_velocity" : 3.4028234663852886e+38,
  "t_03" : 9.2253026962280273,
  "t_23" : 3.4379053115844727,
  "t_12" : -0.1835041344165802,
  "t_01" : 0.73765629529953003,
  "timestamp" : 6366992977,
  "blur_score" : 38.800472259521484,
  "t_21" : 0.67515701055526733,
  "t_10" : -0.98300564289093018,
  "width" : 1024,
  "height" : 768,
  "manual_keyframe" : true,
  "cx" : 516.8360595703125,
  "fx" : 712.11175537109375
}