{
  "t_02" : -0.47695672512054443,
  "t_13" : -0.069378532469272614,
  "cy" : 382.54702758789062,
  "fy" : 712.1356201171875,
  "t_22" : 0.86135566234588623,
  "t_11" : -0.009164794348180294,
  "t_00" : 0.076562806963920593,
  "t_20" : -0.1574830561876297,
  "angular_velocity" : 3.4028234663852886e+38,
  "t_03" : 9.2296915054321289,
  "t_23" : 3.3565738201141357,
  "t_12" : -0.17486788332462311,
  "t_01" : 0.87558573484420776,
  "timestamp" : 6366826297,
  "blur_score" : 42.073085784912109,
  "t_21" : 0.48297578096389771,
  "t_10" : -0.98454928398132324,
  "width" : 1024,
  "height" : 768,
  "manual_keyframe" : true,
  "cx" : 516.77288818359375,
  "fx" : 712.1356201171875
}