{
  "t_02" : -0.95030874013900757,
  "t_13" : -0.078762523829936981,
  "cy" : 382.43829345703125,
  "fy" : 713.360107421875,
  "t_22" : 0.25095126032829285,
  "t_11" : 0.014196825213730335,
  "t_00" : 0.18178269267082214,
  "t_20" : -0.033064797520637512,
  "angular_velocity" : 3.4028234663852886e+38,
  "t_03" : 9.1630039215087891,
  "t_23" : 3.6671762466430664,
  "t_12" : -0.18421907722949982,
  "t_01" : 0.25272169709205627,
  "timestamp" : 6367409675,
  "blur_score" : 10.268430709838867,
  "t_21" : 0.96743482351303101,
  "t_10" : -0.98278266191482544,
  "width" : 1024,
  "height" : 768,
  "manual_keyframe" : true,
  "cx" : 516.798828125,
  "fx" : 713.360107421875
}