{
  "t_02" : -0.85087829828262329,
  "t_13" : -0.068724595010280609,
  "cy" : 382.4453125,
  "fy" : 712.4468994140625,
  "t_22" : 0.49050712585449219,
  "t_11" : 0.015193384140729904,
  "t_00" : 0.17073057591915131,
  "t_20" : -0.080565191805362701,
  "angular_velocity" : 3.4028234663852886e+38,
  "t_03" : 9.196528434753418,
  "center_depth" : 1.6531615257263184,
  "t_23" : 3.5646865367889404,
  "t_12" : -0.18817238509654999,
  "t_01" : 0.49684712290763855,
  "timestamp" : 6367226328,
  "blur_score" : 26.000015258789062,
  "t_21" : 0.86770504713058472,
  "t_10" : -0.98201847076416016,
  "width" : 1024,
  "height" : 768,
  "manual_keyframe" : true,
  "cx" : 516.830322265625,
  "fx" : 712.4468994140625
}