{
  "t_02" : -0.97770607471466064,
  "t_13" : -0.088012233376502991,
  "cy" : 382.43048095703125,
  "fy" : 712.99481201171875,
  "t_22" : -0.099457830190658569,
  "t_11" : 0.0019180499948561192,
  "t_00" : 0.18378260731697083,
  "t_20" : 0.020657198503613472,
  "angular_velocity" : 3.4028234663852886e+38,
  "t_03" : 9.111332893371582,
  "center_depth" : 1.1755459308624268,
  "t_23" : 3.7888708114624023,
  "t_12" : -0.18492993712425232,
  "t_01" : -0.10156228393316269,
  "timestamp" : 6367659694,
  "blur_score" : 7.3763384819030762,
  "t_21" : 0.99482738971710205,
  "t_10" : -0.98274987936019897,
  "width" : 1024,
  "height" : 768,
  "manual_keyframe" : true,
  "cx" : 516.7764892578125,
  "fx" : 712.99481201171875
}