{
  "t_02" : -0.87287271022796631,
  "t_13" : -0.11916431784629822,
  "cy" : 382.55264282226562,
  "fy" : 717.00665283203125,
  "t_22" : -0.46949872374534607,
  "t_11" : -0.017189394682645798,
  "t_00" : 0.12524673342704773,
  "t_20" : 0.047674510627985001,
  "angular_velocity" : 3.4028234663852886e+38,
  "t_03" : 9.061680793762207,
  "center_depth" : 1.1579694747924805,
  "t_23" : 3.9878365993499756,
  "t_12" : -0.13290645182132721,
  "t_01" : -0.47159987688064575,
  "timestamp" : 6367993053,
  "blur_score" : 19.673974990844727,
  "t_21" : 0.8816450834274292,
  "t_10" : -0.99097949266433716,
  "width" : 1024,
  "height" : 768,
  "manual_keyframe" : true,
  "cx" : 516.701171875,
  "fx" : 717.00665283203125
}