{
  "t_02" : -0.66370737552642822,
  "t_13" : -0.12645620107650757,
  "cy" : 382.64459228515625,
  "fy" : 720.43243408203125,
  "t_22" : -0.74384176731109619,
  "t_11" : -0.043852254748344421,
  "t_00" : 0.085160240530967712,
  "t_20" : 0.029370594769716263,
  "angular_velocity" : 3.4028234663852886e+38,
  "t_03" : 9.0059804916381836,
  "center_depth" : 1.311037540435791,
  "t_23" : 4.2012739181518555,
  "t_12" : -0.078688479959964752,
  "t_01" : -0.74312859773635864,
  "timestamp" : 6368293075,
  "blur_score" : 39.134178161621094,
  "t_21" : 0.66771012544631958,
  "t_10" : -0.99593424797058105,
  "width" : 1024,
  "height" : 768,
  "manual_keyframe" : true,
  "cx" : 516.77557373046875,
  "fx" : 720.43243408203125
}