{
  "t_02" : -0.34974202513694763,
  "t_13" : -0.14438045024871826,
  "cy" : 382.479248046875,
  "fy" : 718.30902099609375,
  "t_22" : -0.93613594770431519,
  "t_11" : -0.035957351326942444,
  "t_00" : 0.046460121870040894,
  "t_20" : 0.021546276286244392,
  "angular_velocity" : 3.4028234663852886e+38,
  "t_03" : 8.9171934127807617,
  "t_23" : 4.411311149597168,
  "t_12" : -0.036467157304286957,
  "t_01" : -0.93569326400756836,
  "timestamp" : 6368626434,
  "blur_score" : 51.699058532714844,
  "t_21" : 0.35097730159759521,
  "t_10" : -0.99868768453598022,
  "width" : 1024,
  "height" : 768,
  "manual_keyframe" : true,
  "cx" : 516.85235595703125,
  "fx" : 718.30902099609375
}