{
  "t_02" : -0.15758781135082245,
  "t_13" : -0.17130663990974426,
  "cy" : 382.508056640625,
  "fy" : 714.78472900390625,
  "t_22" : -0.98749291896820068,
  "t_11" : -0.044187676161527634,
  "t_00" : 0.044403184205293655,
  "t_20" : -0.0021565577480942011,
  "angular_velocity" : 3.4028234663852886e+38,
  "t_03" : 8.798640251159668,
  "center_depth" : 2.4035766124725342,
  "t_23" : 4.6025338172912598,
  "t_12" : -0.0048726326785981655,
  "t_01" : -0.98650604486465454,
  "timestamp" : 6368909789,
  "blur_score" : 47.042015075683594,
  "t_21" : 0.15764835476875305,
  "t_10" : -0.9990113377571106,
  "width" : 1024,
  "height" : 768,
  "manual_keyframe" : true,
  "cx" : 516.79620361328125,
  "fx" : 714.78472900390625
}