{
  "t_02" : 0.11407902091741562,
  "t_13" : -0.16854587197303772,
  "cy" : 382.35369873046875,
  "fy" : 713.549072265625,
  "t_22" : -0.99347168207168579,
  "t_11" : -0.032013777643442154,
  "t_00" : 0.031844362616539001,
  "t_20" : 0.0033074556849896908,
  "angular_velocity" : 3.4028234663852886e+38,
  "t_03" : 8.6140317916870117,
  "t_23" : 4.865180492401123,
  "t_12" : 0.00034708820749074221,
  "t_01" : -0.99296110868453979,
  "timestamp" : 6369409827,
  "blur_score" : 11.350003242492676,
  "t_21" : -0.1140315979719162,
  "t_10" : -0.99948734045028687,
  "width" : 1024,
  "height" : 768,
  "manual_keyframe" : true,
  "cx" : 516.88232421875,
  "fx" : 713.549072265625
}