{
  "t_02" : 0.40573534369468689,
  "t_13" : -0.19558830559253693,
  "cy" : 382.4228515625,
  "fy" : 713.57293701171875,
  "t_22" : -0.91301184892654419,
  "t_11" : -0.034444812685251236,
  "t_00" : 0.048666767776012421,
  "t_20" : -0.024618322029709816,
  "angular_velocity" : 3.4028234663852886e+38,
  "t_03" : 8.4181737899780273,
  "t_23" : 5.0920677185058594,
  "t_12" : 0.042285580188035965,
  "t_01" : -0.91269397735595703,
  "timestamp" : 6369843193,
  "blur_score" : 9.9132394790649414,
  "t_21" : -0.40718936920166016,
  "t_10" : -0.9985116720199585,
  "width" : 1024,
  "height" : 768,
  "manual_keyframe" : true,
  "cx" : 516.7772216796875,
  "fx" : 713.57293701171875
}