{
  "t_02" : 0.67957949638366699,
  "t_13" : -0.23762285709381104,
  "cy" : 382.55752563476562,
  "fy" : 713.94464111328125,
  "t_22" : -0.72118747234344482,
  "t_11" : -0.049288831651210785,
  "t_00" : 0.12825010716915131,
  "t_20" : -0.063573919236660004,
  "angular_velocity" : 3.4028234663852886e+38,
  "t_03" : 8.2339200973510742,
  "center_depth" : 1.6056045293807983,
  "t_23" : 5.1978812217712402,
  "t_12" : 0.13438874483108521,
  "t_01" : -0.72230428457260132,
  "timestamp" : 6370193219,
  "blur_score" : 35.693344116210938,
  "t_21" : -0.68981659412384033,
  "t_10" : -0.98970210552215576,
  "width" : 1024,
  "height" : 768,
  "manual_keyframe" : true,
  "cx" : 516.7216796875,
  "fx" : 713.94464111328125
}