{
  "t_02" : 0.83308392763137817,
  "t_13" : -0.2230595201253891,
  "cy" : 382.39959716796875,
  "fy" : 711.8560791015625,
  "t_22" : -0.53306800127029419,
  "t_11" : -0.068422906100749969,
  "t_00" : 0.16138412058353424,
  "t_20" : -0.02113327756524086,
  "angular_velocity" : 3.4028234663852886e+38,
  "t_03" : 7.8266415596008301,
  "center_depth" : 5.2434296607971191,
  "t_23" : 5.3323616981506348,
  "t_12" : 0.14768125116825104,
  "t_01" : -0.52908074855804443,
  "timestamp" : 6370843269,
  "blur_score" : 268.71170043945312,
  "t_21" : -0.84580850601196289,
  "t_10" : -0.98666536808013916,
  "width" : 1024,
  "height" : 768,
  "manual_keyframe" : true,
  "cx" : 516.89404296875,
  "fx" : 711.8560791015625
}