{
  "t_02" : 0.82233726978302002,
  "t_13" : -0.22099892795085907,
  "cy" : 382.45782470703125,
  "fy" : 712.1229248046875,
  "t_22" : -0.54615652561187744,
  "t_11" : -0.066268950700759888,
  "t_00" : 0.16979512572288513,
  "t_20" : -0.032183576375246048,
  "angular_velocity" : 3.4028234663852886e+38,
  "t_03" : 7.9051370620727539,
  "t_23" : 5.3132686614990234,
  "t_12" : 0.15960760414600372,
  "t_01" : -0.54307562112808228,
  "timestamp" : 6370709925,
  "blur_score" : 228.61842346191406,
  "t_21" : -0.83706468343734741,
  "t_10" : -0.98495370149612427,
  "width" : 1024,
  "height" : 768,
  "manual_keyframe" : true,
  "cx" : 516.93597412109375,
  "fx" : 712.1229248046875
}