{
  "t_02" : 0.83983725309371948,
  "t_13" : -0.23024539649486542,
  "cy" : 382.3551025390625,
  "fy" : 711.23663330078125,
  "t_22" : -0.52150136232376099,
  "t_11" : -0.066464684903621674,
  "t_00" : 0.16320084035396576,
  "t_20" : -0.02220047265291214,
  "angular_velocity" : 3.4028234663852886e+38,
  "t_03" : 7.7344465255737305,
  "center_depth" : 5.0335063934326172,
  "t_23" : 5.3573164939880371,
  "t_12" : 0.15069776773452759,
  "t_01" : -0.51772481203079224,
  "timestamp" : 6370976612,
  "blur_score" : 366.50692749023438,
  "t_21" : -0.85296154022216797,
  "t_10" : -0.98634302616119385,
  "width" : 1024,
  "height" : 768,
  "manual_keyframe" : true,
  "cx" : 516.8045654296875,
  "fx" : 711.23663330078125
}