{
  "t_02" : 0.83548456430435181,
  "t_13" : -0.24665963649749756,
  "cy" : 382.32501220703125,
  "fy" : 710.601318359375,
  "t_22" : -0.51566356420516968,
  "t_11" : -0.028191626071929932,
  "t_00" : 0.17660123109817505,
  "t_20" : -0.075255967676639557,
  "angular_velocity" : 3.4028234663852886e+38,
  "t_03" : 7.0910258293151855,
  "t_23" : 5.5377554893493652,
  "t_12" : 0.18988598883152008,
  "t_01" : -0.52036291360855103,
  "timestamp" : 6371793340,
  "blur_score" : 290.82675170898438,
  "t_21" : -0.85347974300384521,
  "t_10" : -0.98140132427215576,
  "width" : 1024,
  "height" : 768,
  "manual_keyframe" : true,
  "cx" : 516.7254638671875,
  "fx" : 710.601318359375
}