{
  "t_02" : 0.85177654027938843,
  "t_13" : -0.23261556029319763,
  "cy" : 382.31744384765625,
  "fy" : 710.63153076171875,
  "t_22" : -0.50106346607208252,
  "t_11" : -0.051706593483686447,
  "t_00" : 0.15823236107826233,
  "t_20" : -0.032376859337091446,
  "angular_velocity" : 3.4028234663852886e+38,
  "t_03" : 7.3915295600891113,
  "center_depth" : 5.2364072799682617,
  "t_23" : 5.4483728408813477,
  "t_12" : 0.15301032364368439,
  "t_01" : -0.49943894147872925,
  "timestamp" : 6371409978,
  "blur_score" : 410.1934814453125,
  "t_21" : -0.86480468511581421,
  "t_10" : -0.98687094449996948,
  "width" : 1024,
  "height" : 768,
  "manual_keyframe" : true,
  "cx" : 516.75762939453125,
  "fx" : 710.63153076171875
}