{
  "t_02" : 0.66833692789077759,
  "t_13" : -0.24466580152511597,
  "cy" : 382.26385498046875,
  "fy" : 710.6871337890625,
  "t_22" : -0.69754123687744141,
  "t_11" : 0.0047403904609382153,
  "t_00" : 0.17521192133426666,
  "t_20" : -0.18996098637580872,
  "angular_velocity" : 3.4028234663852886e+38,
  "t_03" : 6.7635436058044434,
  "center_depth" : 3.255293607711792,
  "t_23" : 5.7059798240661621,
  "t_12" : 0.25838324427604675,
  "t_01" : -0.72292906045913696,
  "timestamp" : 6372293378,
  "blur_score" : 222.52653503417969,
  "t_21" : -0.69090592861175537,
  "t_10" : -0.96603083610534668,
  "width" : 1024,
  "height" : 768,
  "manual_keyframe" : true,
  "cx" : 516.73736572265625,
  "fx" : 710.6871337890625
}