{
  "t_02" : 0.80675357580184937,
  "t_13" : -0.23508387804031372,
  "cy" : 382.39413452148438,
  "fy" : 711.2589111328125,
  "t_22" : -0.52139943838119507,
  "t_11" : -0.078436829149723053,
  "t_00" : 0.27703601121902466,
  "t_20" : -0.081821247935295105,
  "angular_velocity" : 3.4028234663852886e+38,
  "t_03" : 6.8645224571228027,
  "center_depth" : 3.0380029678344727,
  "t_23" : 5.8639993667602539,
  "t_12" : 0.27801313996315002,
  "t_01" : -0.5219193696975708,
  "timestamp" : 6373960170,
  "blur_score" : 181.83053588867188,
  "t_21" : -0.8493809700012207,
  "t_10" : -0.95736950635910034,
  "width" : 1024,
  "height" : 768,
  "manual_keyframe" : true,
  "cx" : 516.5965576171875,
  "fx" : 711.2589111328125
}