{
  "t_02" : 0.8722725510597229,
  "t_13" : -0.22667910158634186,
  "cy" : 382.26516723632812,
  "fy" : 710.9222412109375,
  "t_22" : -0.42021855711936951,
  "t_11" : -0.054309271275997162,
  "t_00" : 0.24931930005550385,
  "t_20" : -0.057848107069730759,
  "angular_velocity" : 3.4028234663852886e+38,
  "t_03" : 7.1789312362670898,
  "t_23" : 5.7280197143554688,
  "t_12" : 0.25011396408081055,
  "t_01" : -0.42069053649902344,
  "timestamp" : 6374826902,
  "blur_score" : 439.019287109375,
  "t_21" : -0.90557718276977539,
  "t_10" : -0.96669203042984009,
  "width" : 1024,
  "height" : 768,
  "manual_keyframe" : true,
  "cx" : 516.65338134765625,
  "fx" : 710.9222412109375
}