{
  "t_02" : 0.89540112018585205,
  "t_13" : -0.140875443816185,
  "cy" : 382.13153076171875,
  "fy" : 710.90313720703125,
  "t_22" : -0.36974215507507324,
  "t_11" : -0.031860239803791046,
  "t_00" : 0.24173520505428314,
  "t_20" : -0.064238749444484711,
  "angular_velocity" : 3.4028234663852886e+38,
  "t_03" : 7.0169305801391602,
  "t_23" : 5.9986262321472168,
  "t_12" : 0.2480875551700592,
  "t_01" : -0.37392619252204895,
  "timestamp" : 6375643629,
  "blur_score" : 241.46414184570312,
  "t_21" : -0.92691099643707275,
  "t_10" : -0.96821349859237671,
  "width" : 1024,
  "height" : 768,
  "manual_keyframe" : true,
  "cx" : 516.782470703125,
  "fx" : 710.90313720703125
}