{
  "t_02" : 0.9485328197479248,
  "t_13" : -0.13569588959217072,
  "cy" : 382.76730346679688,
  "fy" : 710.92852783203125,
  "t_22" : -0.15765799582004547,
  "t_11" : 0.051115654408931732,
  "t_00" : 0.26182755827903748,
  "t_20" : -0.097408182919025421,
  "angular_velocity" : 3.4028234663852886e+38,
  "t_03" : 6.7646260261535645,
  "center_depth" : 3.1657946109771729,
  "t_23" : 6.193295955657959,
  "t_12" : 0.27464380860328674,
  "t_01" : -0.17813362181186676,
  "timestamp" : 6376310346,
  "blur_score" : 329.305908203125,
  "t_21" : -0.9826776385307312,
  "t_10" : -0.96018636226654053,
  "width" : 1024,
  "height" : 768,
  "manual_keyframe" : true,
  "cx" : 516.43658447265625,
  "fx" : 710.92852783203125
}