{
  "t_02" : 0.93887996673583984,
  "t_13" : -0.3149140477180481,
  "cy" : 382.4285888671875,
  "fy" : 711.517822265625,
  "t_22" : -0.074724607169628143,
  "t_11" : -0.11452200263738632,
  "t_00" : 0.34213876724243164,
  "t_20" : 0.09474673867225647,
  "angular_velocity" : 3.4028234663852886e+38,
  "t_03" : 6.5615005493164062,
  "center_depth" : 2.3362603187561035,
  "t_23" : 6.4406890869140625,
  "t_12" : 0.3360365629196167,
  "t_01" : -0.038018703460693359,
  "timestamp" : 6377710451,
  "blur_score" : 383.40274047851562,
  "t_21" : -0.99269294738769531,
  "t_10" : -0.9348604679107666,
  "width" : 1024,
  "height" : 768,
  "manual_keyframe" : true,
  "cx" : 516.67230224609375,
  "fx" : 711.517822265625
}