{
  "t_02" : 0.9403526782989502,
  "t_13" : -0.30033543705940247,
  "cy" : 382.64068603515625,
  "fy" : 711.5384521484375,
  "t_22" : -0.11540674418210983,
  "t_11" : -0.1114550307393074,
  "t_00" : 0.32976922392845154,
  "t_20" : 0.078053094446659088,
  "angular_velocity" : 3.4028234663852886e+38,
  "t_03" : 6.5685129165649414,
  "t_23" : 6.4257335662841797,
  "t_12" : 0.32002776861190796,
  "t_01" : -0.083598896861076355,
  "timestamp" : 6377510436,
  "blur_score" : 284.82369995117188,
  "t_21" : -0.99024689197540283,
  "t_10" : -0.94082933664321899,
  "width" : 1024,
  "height" : 768,
  "manual_keyframe" : true,
  "cx" : 516.58221435546875,
  "fx" : 711.5384521484375
}