{
  "t_02" : 0.8210722804069519,
  "t_13" : -0.36845093965530396,
  "cy" : 381.86367797851562,
  "fy" : 712.1229248046875,
  "t_22" : -0.33953520655632019,
  "t_11" : -0.0083181764930486679,
  "t_00" : 0.42759683728218079,
  "t_20" : -0.16669178009033203,
  "angular_velocity" : 3.4028234663852886e+38,
  "t_03" : 6.2940797805786133,
  "center_depth" : 1.4996794462203979,
  "t_23" : 6.5196733474731445,
  "t_12" : 0.45886382460594177,
  "t_01" : -0.37815487384796143,
  "timestamp" : 6378977212,
  "blur_score" : 152.88716125488281,
  "t_21" : -0.9257049560546875,
  "t_10" : -0.88846760988235474,
  "width" : 1024,
  "height" : 768,
  "manual_keyframe" : true,
  "cx" : 516.37115478515625,
  "fx" : 712.1229248046875
}