{
  "t_02" : 0.68415433168411255,
  "t_13" : -0.37190866470336914,
  "cy" : 382.74441528320312,
  "fy" : 713.62701416015625,
  "t_22" : -0.5687987208366394,
  "t_11" : 0.085968881845474243,
  "t_00" : 0.28762048482894897,
  "t_20" : -0.36478182673454285,
  "angular_velocity" : 3.4028234663852886e+38,
  "t_03" : 6.1120429039001465,
  "center_depth" : 1.5260751247406006,
  "t_23" : 6.9130382537841797,
  "t_12" : 0.45650920271873474,
  "t_01" : -0.67022913694381714,
  "timestamp" : 6379943951,
  "blur_score" : 237.59130859375,
  "t_21" : -0.73715817928314209,
  "t_10" : -0.88555556535720825,
  "width" : 1024,
  "height" : 768,
  "manual_keyframe" : true,
  "cx" : 516.351806640625,
  "fx" : 713.62701416015625
}