{
  "t_02" : 0.77007389068603516,
  "t_13" : -0.37446540594100952,
  "cy" : 381.943115234375,
  "fy" : 712.75341796875,
  "t_22" : -0.42559501528739929,
  "t_11" : 0.019877605140209198,
  "t_00" : 0.40491127967834473,
  "t_20" : -0.24959401786327362,
  "angular_velocity" : 3.4028234663852886e+38,
  "t_03" : 6.2575054168701172,
  "center_depth" : 1.4413052797317505,
  "t_23" : 6.5908932685852051,
  "t_12" : 0.47524222731590271,
  "t_01" : -0.49298393726348877,
  "timestamp" : 6379177227,
  "blur_score" : 189.21650695800781,
  "t_21" : -0.86981135606765747,
  "t_10" : -0.879630446434021,
  "width" : 1024,
  "height" : 768,
  "manual_keyframe" : true,
  "cx" : 516.33587646484375,
  "fx" : 712.75341796875
}