{
  "t_02" : 0.4834059476852417,
  "t_13" : -0.29362297058105469,
  "cy" : 382.67196655273438,
  "fy" : 712.70416259765625,
  "t_22" : -0.79455786943435669,
  "t_11" : 0.044440045952796936,
  "t_00" : 0.14993047714233398,
  "t_20" : -0.33836677670478821,
  "angular_velocity" : 3.4028234663852886e+38,
  "t_03" : 6.026731014251709,
  "center_depth" : 3.249605655670166,
  "t_23" : 7.2484555244445801,
  "t_12" : 0.36741837859153748,
  "t_01" : -0.86246120929718018,
  "timestamp" : 6380694006,
  "blur_score" : 170.49620056152344,
  "t_21" : -0.50416815280914307,
  "t_10" : -0.9289933443069458,
  "width" : 1024,
  "height" : 768,
  "manual_keyframe" : true,
  "cx" : 516.42230224609375,
  "fx" : 712.70416259765625
}