{
  "t_02" : 0.041135046631097794,
  "t_13" : -0.11059960722923279,
  "cy" : 382.70516967773438,
  "fy" : 710.9349365234375,
  "t_22" : -0.99882268905639648,
  "t_11" : 0.0015842444263398647,
  "t_00" : -0.0026412454899400473,
  "t_20" : 0.025620283558964729,
  "angular_velocity" : 3.4028234663852886e+38,
  "t_03" : 5.9686050415039062,
  "t_23" : 7.3534088134765625,
  "t_12" : -0.025707297027111053,
  "t_01" : -0.99915003776550293,
  "timestamp" : 6381577406,
  "blur_score" : 49.024448394775391,
  "t_21" : -0.041189301759004593,
  "t_10" : -0.9996681809425354,
  "width" : 1024,
  "height" : 768,
  "manual_keyframe" : true,
  "cx" : 516.62237548828125,
  "fx" : 710.9349365234375
}