{
  "t_02" : -0.18638850748538971,
  "t_13" : -0.071600854396820068,
  "cy" : 382.54998779296875,
  "fy" : 712.159423828125,
  "t_22" : -0.97240221500396729,
  "t_11" : 0.027439137920737267,
  "t_00" : -0.00081028521526604891,
  "t_20" : 0.14298747479915619,
  "angular_velocity" : 3.4028234663852886e+38,
  "t_03" : 5.9602546691894531,
  "t_23" : 7.2642269134521484,
  "t_12" : -0.14033231139183044,
  "t_01" : -0.98247575759887695,
  "timestamp" : 6381794088,
  "blur_score" : 20.6998291015625,
  "t_21" : 0.18435949087142944,
  "t_10" : -0.98972415924072266,
  "width" : 1024,
  "height" : 768,
  "manual_keyframe" : true,
  "cx" : 516.7376708984375,
  "fx" : 712.159423828125
}