{
  "t_02" : 0.27638149261474609,
  "t_13" : -0.17396257817745209,
  "cy" : 382.8067626953125,
  "fy" : 711.479736328125,
  "t_22" : -0.94456988573074341,
  "t_11" : 0.0090484488755464554,
  "t_00" : 0.040937189012765884,
  "t_20" : -0.17264717817306519,
  "angular_velocity" : 3.4028234663852886e+38,
  "t_03" : 5.9877781867980957,
  "t_23" : 7.3767094612121582,
  "t_12" : 0.17720334231853485,
  "t_01" : -0.96017575263977051,
  "timestamp" : 6381260715,
  "blur_score" : 104.0810546875,
  "t_21" : -0.27925026416778564,
  "t_10" : -0.98413264751434326,
  "width" : 1024,
  "height" : 768,
  "manual_keyframe" : true,
  "cx" : 516.5380859375,
  "fx" : 711.479736328125
}