{
  "t_02" : -0.65566593408584595,
  "t_13" : 0.043884120881557465,
  "cy" : 382.66580200195312,
  "fy" : 724.29022216796875,
  "t_22" : -0.62831801176071167,
  "t_11" : 0.042682558298110962,
  "t_00" : 0.2694571316242218,
  "t_20" : 0.32331609725952148,
  "angular_velocity" : 3.4028234663852886e+38,
  "t_03" : 6.0420999526977539,
  "t_23" : 6.7586135864257812,
  "t_12" : -0.41871070861816406,
  "t_01" : -0.70533329248428345,
  "timestamp" : 6382677487,
  "blur_score" : 6.866671085357666,
  "t_21" : 0.70758962631225586,
  "t_10" : -0.9071161150932312,
  "width" : 1024,
  "height" : 768,
  "manual_keyframe" : true,
  "cx" : 516.5377197265625,
  "fx" : 724.29022216796875
}