{
  "t_02" : -0.39779332280158997,
  "t_13" : -0.008224979043006897,
  "cy" : 382.39981079101562,
  "fy" : 714.51153564453125,
  "t_22" : -0.85473614931106567,
  "t_11" : 0.049044400453567505,
  "t_00" : 0.0933404341340065,
  "t_20" : 0.32385113835334778,
  "angular_velocity" : 3.4028234663852886e+38,
  "t_03" : 6.0018682479858398,
  "t_23" : 6.9267401695251465,
  "t_12" : -0.33344656229019165,
  "t_01" : -0.91271466016769409,
  "timestamp" : 6382310793,
  "blur_score" : 6.6631817817687988,
  "t_21" : 0.40564349293708801,
  "t_10" : -0.94149237871170044,
  "width" : 1024,
  "height" : 768,
  "manual_keyframe" : true,
  "cx" : 516.755615234375,
  "fx" : 714.51153564453125
}