{
  "t_02" : -0.81638723611831665,
  "t_13" : 0.066946819424629211,
  "cy" : 382.90109252929688,
  "fy" : 721.299560546875,
  "t_22" : -0.34100335836410522,
  "t_11" : 0.073266319930553436,
  "t_00" : 0.3966735303401947,
  "t_20" : 0.2554343044757843,
  "angular_velocity" : 3.4028234663852886e+38,
  "t_03" : 6.0016765594482422,
  "center_depth" : 0.8314434289932251,
  "t_23" : 6.6592116355895996,
  "t_12" : -0.46607789397239685,
  "t_01" : -0.41971656680107117,
  "timestamp" : 6383027513,
  "blur_score" : 10.004345893859863,
  "t_21" : 0.90469330549240112,
  "t_10" : -0.88170486688613892,
  "width" : 1024,
  "height" : 768,
  "manual_keyframe" : true,
  "cx" : 516.37005615234375,
  "fx" : 721.299560546875
}