{
  "t_02" : -0.85701632499694824,
  "t_13" : 0.086243212223052979,
  "cy" : 382.9501953125,
  "fy" : 719.83843994140625,
  "t_22" : -0.099835015833377838,
  "t_11" : 0.093866743147373199,
  "t_00" : 0.48656141757965088,
  "t_20" : 0.16620758175849915,
  "angular_velocity" : 3.4028234663852886e+38,
  "t_03" : 5.9154558181762695,
  "center_depth" : 0.97759139537811279,
  "t_23" : 6.6416473388671875,
  "t_12" : -0.50552541017532349,
  "t_01" : -0.16964972019195557,
  "timestamp" : 6383427543,
  "blur_score" : 23.789289474487305,
  "t_21" : 0.98102390766143799,
  "t_10" : -0.85769057273864746,
  "width" : 1024,
  "height" : 768,
  "manual_keyframe" : true,
  "cx" : 516.268798828125,
  "fx" : 719.83843994140625
}