{
  "t_02" : -0.85087603330612183,
  "t_13" : 0.08614630252122879,
  "cy" : 382.9161376953125,
  "fy" : 719.242919921875,
  "t_22" : -0.061918351799249649,
  "t_11" : 0.097972489893436432,
  "t_00" : 0.50855183601379395,
  "t_20" : 0.15215049684047699,
  "angular_velocity" : 3.4028234663852886e+38,
  "t_03" : 5.9067554473876953,
  "center_depth" : 1.0144153833389282,
  "t_23" : 6.6457967758178711,
  "t_12" : -0.52170497179031372,
  "t_01" : -0.13185234367847443,
  "timestamp" : 6383527550,
  "blur_score" : 37.720111846923828,
  "t_21" : 0.98641592264175415,
  "t_10" : -0.84748172760009766,
  "width" : 1024,
  "height" : 768,
  "manual_keyframe" : true,
  "cx" : 516.2093505859375,
  "fx" : 719.242919921875
}