{
  "t_02" : -0.80140811204910278,
  "t_13" : 0.024054251611232758,
  "cy" : 382.81512451171875,
  "fy" : 716.0172119140625,
  "t_22" : -0.43755221366882324,
  "t_11" : -0.024284329265356064,
  "t_00" : 0.37053671479225159,
  "t_20" : 0.17200328409671783,
  "angular_velocity" : 3.4028234663852886e+38,
  "t_03" : 5.776207447052002,
  "center_depth" : 1.0105063915252686,
  "t_23" : 6.8998479843139648,
  "t_12" : -0.40779015421867371,
  "t_01" : -0.46951815485954285,
  "timestamp" : 6384827646,
  "blur_score" : 8.6016788482666016,
  "t_21" : 0.88258856534957886,
  "t_10" : -0.91275256872177124,
  "width" : 1024,
  "height" : 768,
  "manual_keyframe" : true,
  "cx" : 516.27960205078125,
  "fx" : 716.0172119140625
}