{
  "t_02" : -0.877022385597229,
  "t_13" : 0.048737645149230957,
  "cy" : 382.87615966796875,
  "fy" : 716.012451171875,
  "t_22" : -0.058864839375019073,
  "t_11" : 0.060331635177135468,
  "t_00" : 0.47004091739654541,
  "t_20" : 0.1003401055932045,
  "angular_velocity" : 3.4028234663852886e+38,
  "t_03" : 5.833160400390625,
  "t_23" : 6.7952532768249512,
  "t_12" : -0.47682985663414001,
  "t_01" : -0.099465072154998779,
  "timestamp" : 6384427617,
  "blur_score" : 19.780080795288086,
  "t_21" : 0.99321037530899048,
  "t_10" : -0.87692272663116455,
  "width" : 1024,
  "height" : 768,
  "manual_keyframe" : true,
  "cx" : 516.08514404296875,
  "fx" : 716.012451171875
}