{
  "t_02" : -0.22272655367851257,
  "t_13" : -0.025084014981985092,
  "cy" : 382.6663818359375,
  "fy" : 713.2615966796875,
  "t_22" : -0.94124150276184082,
  "t_11" : -0.054000977426767349,
  "t_00" : 0.11270111054182053,
  "t_20" : 0.23382025957107544,
  "angular_velocity" : 3.4028234663852886e+38,
  "t_03" : 5.78741455078125,
  "center_depth" : 1.5358150005340576,
  "t_23" : 7.409477710723877,
  "t_12" : -0.25388449430465698,
  "t_01" : -0.96834468841552734,
  "timestamp" : 6385994399,
  "blur_score" : 24.614776611328125,
  "t_21" : 0.24370583891868591,
  "t_10" : -0.96572595834732056,
  "width" : 1024,
  "height" : 768,
  "manual_keyframe" : true,
  "cx" : 516.5235595703125,
  "fx" : 713.2615966796875
}