{
  "t_02" : -0.65854930877685547,
  "t_13" : 0.017575822770595551,
  "cy" : 382.59814453125,
  "fy" : 716.28875732421875,
  "t_22" : -0.66571736335754395,
  "t_11" : -0.040694713592529297,
  "t_00" : 0.27744144201278687,
  "t_20" : 0.21866680681705475,
  "angular_velocity" : 3.4028234663852886e+38,
  "t_03" : 5.7774252891540527,
  "t_23" : 6.9629268646240234,
  "t_12" : -0.35090291500091553,
  "t_01" : -0.69952750205993652,
  "timestamp" : 6385044329,
  "blur_score" : 7.9504938125610352,
  "t_21" : 0.71344578266143799,
  "t_10" : -0.93552708625793457,
  "width" : 1024,
  "height" : 768,
  "manual_keyframe" : true,
  "cx" : 516.36944580078125,
  "fx" : 716.28875732421875
}