{
  "t_02" : -0.44354128837585449,
  "t_13" : 0.0044891983270645142,
  "cy" : 382.27651977539062,
  "fy" : 716.622314453125,
  "t_22" : -0.84427565336227417,
  "t_11" : -0.046462099999189377,
  "t_00" : 0.18284954130649567,
  "t_20" : 0.24329936504364014,
  "angular_velocity" : 3.4028234663852886e+38,
  "t_03" : 5.8247733116149902,
  "t_23" : 7.0562376976013184,
  "t_12" : -0.30078193545341492,
  "t_01" : -0.87740367650985718,
  "timestamp" : 6385377687,
  "blur_score" : 8.5215950012207031,
  "t_21" : 0.47749775648117065,
  "t_10" : -0.95256048440933228,
  "width" : 1024,
  "height" : 768,
  "manual_keyframe" : true,
  "cx" : 516.4327392578125,
  "fx" : 716.622314453125
}