{
  "t_02" : -0.021789560094475746,
  "t_13" : -0.034389384090900421,
  "cy" : 382.32345581054688,
  "fy" : 714.205078125,
  "t_22" : -0.98052090406417847,
  "t_11" : -0.044093247503042221,
  "t_00" : 0.049279429018497467,
  "t_20" : 0.19395817816257477,
  "angular_velocity" : 3.4028234663852886e+38,
  "t_03" : 5.617924690246582,
  "center_depth" : 2.3033981323242188,
  "t_23" : 8.1201171875,
  "t_12" : -0.19520249962806702,
  "t_01" : -0.99854731559753418,
  "timestamp" : 6386877797,
  "blur_score" : 60.363353729248047,
  "t_21" : 0.030968252569437027,
  "t_10" : -0.97977125644683838,
  "width" : 1024,
  "height" : 768,
  "manual_keyframe" : true,
  "cx" : 516.6544189453125,
  "fx" : 714.205078125
}