{
  "t_02" : -0.086897052824497223,
  "t_13" : -0.031144313514232635,
  "cy" : 382.367431640625,
  "fy" : 712.46429443359375,
  "t_22" : -0.97004908323287964,
  "t_11" : -0.039910770952701569,
  "t_00" : 0.061037294566631317,
  "t_20" : 0.22208341956138611,
  "angular_velocity" : 3.4028234663852886e+38,
  "t_03" : 5.6951594352722168,
  "center_depth" : 2.001643180847168,
  "t_23" : 7.7629594802856445,
  "t_12" : -0.22683413326740265,
  "t_01" : -0.99434572458267212,
  "timestamp" : 6386477768,
  "blur_score" : 54.619186401367188,
  "t_21" : 0.098406195640563965,
  "t_10" : -0.97311532497406006,
  "width" : 1024,
  "height" : 768,
  "manual_keyframe" : true,
  "cx" : 516.674560546875,
  "fx" : 712.46429443359375
}