{
  "t_02" : 0.052515849471092224,
  "t_13" : -0.063046775758266449,
  "cy" : 382.418212890625,
  "fy" : 712.45159912109375,
  "t_22" : -0.98791342973709106,
  "t_11" : -0.032494954764842987,
  "t_00" : 0.025062361732125282,
  "t_20" : 0.14729863405227661,
  "angular_velocity" : 3.4028234663852886e+38,
  "t_03" : 5.4945530891418457,
  "center_depth" : 3.037287712097168,
  "t_23" : 8.467473030090332,
  "t_12" : -0.14583924412727356,
  "t_01" : -0.9983055591583252,
  "timestamp" : 6387261159,
  "blur_score" : 108.10679626464844,
  "t_21" : -0.048271257430315018,
  "t_10" : -0.98877453804016113,
  "width" : 1024,
  "height" : 768,
  "manual_keyframe" : true,
  "cx" : 516.67413330078125,
  "fx" : 712.45159912109375
}