{
  "t_02" : 0.073708467185497284,
  "t_13" : -0.048909787088632584,
  "cy" : 382.42236328125,
  "fy" : 711.8402099609375,
  "t_22" : -0.98786532878875732,
  "t_11" : -0.026216808706521988,
  "t_00" : 0.016223477199673653,
  "t_20" : 0.13825005292892456,
  "angular_velocity" : 3.4028234663852886e+38,
  "t_03" : 5.3610634803771973,
  "t_23" : 8.7683601379394531,
  "t_12" : -0.13670755922794342,
  "t_01" : -0.99714779853820801,
  "timestamp" : 6387644520,
  "blur_score" : 157.77690124511719,
  "t_21" : -0.070772998034954071,
  "t_10" : -0.9902644157409668,
  "width" : 1024,
  "height" : 768,
  "manual_keyframe" : true,
  "cx" : 516.9061279296875,
  "fx" : 711.8402099609375
}