{
  "t_02" : 0.11175932735204697,
  "t_13" : -0.059713687747716904,
  "cy" : 382.43875122070312,
  "fy" : 711.55908203125,
  "t_22" : -0.99002176523208618,
  "t_11" : 0.0085550695657730103,
  "t_00" : -0.018159991130232811,
  "t_20" : 0.084321506321430206,
  "angular_velocity" : 3.4028234663852886e+38,
  "t_03" : 5.1675395965576172,
  "t_23" : 9.029881477355957,
  "t_12" : -0.085829548537731171,
  "t_01" : -0.99356931447982788,
  "timestamp" : 6388111221,
  "blur_score" : 165.21492004394531,
  "t_21" : -0.1129014864563942,
  "t_10" : -0.99627310037612915,
  "width" : 1024,
  "height" : 768,
  "manual_keyframe" : true,
  "cx" : 516.8116455078125,
  "fx" : 711.55908203125
}