{
  "t_02" : 0.21365906298160553,
  "t_13" : -0.04233270138502121,
  "cy" : 382.63973999023438,
  "fy" : 711.241455078125,
  "t_22" : -0.97098362445831299,
  "t_11" : 0.026297198608517647,
  "t_00" : -0.048910532146692276,
  "t_20" : 0.099196046590805054,
  "angular_velocity" : 3.4028234663852886e+38,
  "t_03" : 4.8079972267150879,
  "center_depth" : 4.1135931015014648,
  "t_23" : 9.361414909362793,
  "t_12" : -0.1074269562959671,
  "t_01" : -0.97568315267562866,
  "timestamp" : 6388761269,
  "blur_score" : 218.59512329101562,
  "t_21" : -0.21760261058807373,
  "t_10" : -0.99386513233184814,
  "width" : 1024,
  "height" : 768,
  "manual_keyframe" : true,
  "cx" : 516.864013671875,
  "fx" : 711.241455078125
}