{
  "t_02" : 0.15805843472480774,
  "t_13" : -0.060655359178781509,
  "cy" : 382.51803588867188,
  "fy" : 711.53680419921875,
  "t_22" : -0.98447716236114502,
  "t_11" : 0.024020934477448463,
  "t_00" : -0.035878539085388184,
  "t_20" : 0.071496739983558655,
  "angular_velocity" : 3.4028234663852886e+38,
  "t_03" : 5.0776762962341309,
  "center_depth" : 4.4376606941223145,
  "t_23" : 9.1209659576416016,
  "t_12" : -0.076302334666252136,
  "t_01" : -0.98677760362625122,
  "timestamp" : 6388277900,
  "blur_score" : 187.79269409179688,
  "t_21" : -0.16028954088687897,
  "t_10" : -0.99679523706436157,
  "width" : 1024,
  "height" : 768,
  "manual_keyframe" : true,
  "cx" : 516.857666015625,
  "fx" : 711.53680419921875
}