{
  "t_02" : -0.022475352510809898,
  "t_13" : -0.095937125384807587,
  "cy" : 382.7008056640625,
  "fy" : 711.53057861328125,
  "t_22" : -0.99914836883544922,
  "t_11" : 0.039977151900529861,
  "t_00" : -0.039213493466377258,
  "t_20" : 0.035463310778141022,
  "angular_velocity" : 3.4028234663852886e+38,
  "t_03" : 4.236595630645752,
  "t_23" : 9.6145057678222656,
  "t_12" : -0.034600164741277695,
  "t_01" : -0.99897795915603638,
  "timestamp" : 6389678003,
  "blur_score" : 151.20584106445312,
  "t_21" : 0.021087123081088066,
  "t_10" : -0.99860131740570068,
  "width" : 1024,
  "height" : 768,
  "manual_keyframe" : true,
  "cx" : 516.8238525390625,
  "fx" : 711.53057861328125
}