{
  "t_02" : 0.12647610902786255,
  "t_13" : -0.076690234243869781,
  "cy" : 382.5887451171875,
  "fy" : 711.247802734375,
  "t_22" : -0.98470515012741089,
  "t_11" : 0.013045240193605423,
  "t_00" : -0.028297331184148788,
  "t_20" : 0.11717065423727036,
  "angular_velocity" : 3.4028234663852886e+38,
  "t_03" : 4.5470519065856934,
  "t_23" : 9.5502567291259766,
  "t_12" : -0.11983121931552887,
  "t_01" : -0.99156594276428223,
  "timestamp" : 6389227970,
  "blur_score" : 241.99287414550781,
  "t_21" : -0.12894481420516968,
  "t_10" : -0.99270856380462646,
  "width" : 1024,
  "height" : 768,
  "manual_keyframe" : true,
  "cx" : 516.686279296875,
  "fx" : 711.247802734375
}