{
  "t_02" : -0.37579888105392456,
  "t_13" : -0.12512002885341644,
  "cy" : 382.49697875976562,
  "fy" : 712.1451416015625,
  "t_22" : -0.91162532567977905,
  "t_11" : 0.011344605125486851,
  "t_00" : -0.074079617857933044,
  "t_20" : -0.149516761302948,
  "angular_velocity" : 3.4028234663852886e+38,
  "t_03" : 3.6786870956420898,
  "center_depth" : 2.4627819061279297,
  "t_23" : 9.6797304153442383,
  "t_12" : 0.16647626459598541,
  "t_01" : -0.92373549938201904,
  "timestamp" : 6390411390,
  "blur_score" : 222.1871337890625,
  "t_21" : 0.38286277651786804,
  "t_10" : -0.98598015308380127,
  "width" : 1024,
  "height" : 768,
  "manual_keyframe" : true,
  "cx" : 516.8218994140625,
  "fx" : 712.1451416015625
}