{
  "t_02" : -0.51489156484603882,
  "t_13" : -0.12473473697900772,
  "cy" : 382.34396362304688,
  "fy" : 712.4342041015625,
  "t_22" : -0.83066678047180176,
  "t_11" : 0.053815729916095734,
  "t_00" : -0.15824595093727112,
  "t_20" : -0.15077722072601318,
  "angular_velocity" : 3.4028234663852886e+38,
  "t_03" : 3.5207717418670654,
  "t_23" : 9.7147417068481445,
  "t_12" : 0.21184763312339783,
  "t_01" : -0.84252297878265381,
  "timestamp" : 6390694744,
  "blur_score" : 139.56169128417969,
  "t_21" : 0.5359654426574707,
  "t_10" : -0.97581994533538818,
  "width" : 1024,
  "height" : 768,
  "manual_keyframe" : true,
  "cx" : 516.78143310546875,
  "fx" : 712.4342041015625
}