{
  "t_02" : -0.20100307464599609,
  "t_13" : -0.099114388227462769,
  "cy" : 382.83111572265625,
  "fy" : 711.83544921875,
  "t_22" : -0.97731208801269531,
  "t_11" : 0.011417452245950699,
  "t_00" : -0.024659017100930214,
  "t_20" : -0.063094079494476318,
  "angular_velocity" : 3.4028234663852886e+38,
  "t_03" : 3.9281454086303711,
  "center_depth" : 3.8061745166778564,
  "t_23" : 9.6243314743041992,
  "t_12" : 0.066772527992725372,
  "t_01" : -0.97928005456924438,
  "timestamp" : 6390044696,
  "blur_score" : 212.50285339355469,
  "t_21" : 0.2021879106760025,
  "t_10" : -0.99770277738571167,
  "width" : 1024,
  "height" : 768,
  "manual_keyframe" : true,
  "cx" : 516.898681640625,
  "fx" : 711.83544921875
}