{
  "t_02" : -0.64453190565109253,
  "t_13" : -0.13440901041030884,
  "cy" : 382.4896240234375,
  "fy" : 712.42144775390625,
  "t_22" : -0.72291690111160278,
  "t_11" : 0.053062707185745239,
  "t_00" : -0.20630824565887451,
  "t_20" : -0.14907100796699524,
  "angular_velocity" : 3.4028234663852886e+38,
  "t_03" : 3.3830516338348389,
  "t_23" : 9.7241964340209961,
  "t_12" : 0.24893693625926971,
  "t_01" : -0.73621702194213867,
  "timestamp" : 6390911426,
  "blur_score" : 100.08664703369141,
  "t_21" : 0.67466205358505249,
  "t_10" : -0.96706497669219971,
  "width" : 1024,
  "height" : 768,
  "manual_keyframe" : true,
  "cx" : 516.79022216796875,
  "fx" : 712.42144775390625
}