{
  "t_02" : -0.72959369421005249,
  "t_13" : -0.14271849393844604,
  "cy" : 382.62973022460938,
  "fy" : 712.454833984375,
  "t_22" : -0.62685602903366089,
  "t_11" : 0.046174876391887665,
  "t_00" : -0.23841099441051483,
  "t_20" : -0.14155073463916779,
  "angular_velocity" : 3.4028234663852886e+38,
  "t_03" : 3.2839663028717041,
  "center_depth" : 2.6320364475250244,
  "t_23" : 9.7289028167724609,
  "t_12" : 0.27339398860931396,
  "t_01" : -0.64097821712493896,
  "timestamp" : 6391078105,
  "blur_score" : 104.15483093261719,
  "t_21" : 0.76616883277893066,
  "t_10" : -0.960793137550354,
  "width" : 1024,
  "height" : 768,
  "manual_keyframe" : true,
  "cx" : 516.69183349609375,
  "fx" : 712.454833984375
}