{
  "t_02" : -0.77907311916351318,
  "t_13" : -0.14357578754425049,
  "cy" : 382.66610717773438,
  "fy" : 712.10382080078125,
  "t_22" : -0.55287748575210571,
  "t_11" : 0.033344633877277374,
  "t_00" : -0.26110851764678955,
  "t_20" : -0.14249804615974426,
  "angular_velocity" : 3.4028234663852886e+38,
  "t_03" : 3.193462610244751,
  "center_depth" : 2.7404549121856689,
  "t_23" : 9.7242650985717773,
  "t_12" : 0.29558664560317993,
  "t_01" : -0.56997138261795044,
  "timestamp" : 6391278120,
  "blur_score" : 145.88809204101562,
  "t_21" : 0.82098770141601562,
  "t_10" : -0.95473384857177734,
  "width" : 1024,
  "height" : 768,
  "manual_keyframe" : true,
  "cx" : 516.7152099609375,
  "fx" : 712.10382080078125
}