{
  "t_02" : -0.66554951667785645,
  "t_13" : -0.20555268228054047,
  "cy" : 382.47564697265625,
  "fy" : 711.81005859375,
  "t_22" : -0.67097538709640503,
  "t_11" : -0.047475595027208328,
  "t_00" : -0.19422708451747894,
  "t_20" : -0.26714345812797546,
  "angular_velocity" : 3.4028234663852886e+38,
  "t_03" : 2.846315860748291,
  "center_depth" : 2.493809700012207,
  "t_23" : 9.5305995941162109,
  "t_12" : 0.32685750722885132,
  "t_01" : -0.72063833475112915,
  "timestamp" : 6392111514,
  "blur_score" : 213.45365905761719,
  "t_21" : 0.69168370962142944,
  "t_10" : -0.94388043880462646,
  "width" : 1024,
  "height" : 768,
  "manual_keyframe" : true,
  "cx" : 516.669921875,
  "fx" : 711.81005859375
}