{
  "t_02" : -0.69295245409011841,
  "t_13" : -0.20715565979480743,
  "cy" : 382.48812866210938,
  "fy" : 712.10699462890625,
  "t_22" : -0.64706671237945557,
  "t_11" : -0.037620961666107178,
  "t_00" : -0.20515593886375427,
  "t_20" : -0.24586178362369537,
  "angular_velocity" : 3.4028234663852886e+38,
  "t_03" : 2.8844945430755615,
  "center_depth" : 2.6409919261932373,
  "t_23" : 9.5561351776123047,
  "t_12" : 0.31799626350402832,
  "t_01" : -0.69117861986160278,
  "timestamp" : 6392011507,
  "blur_score" : 185.08074951171875,
  "t_21" : 0.72170394659042358,
  "t_10" : -0.94734525680541992,
  "width" : 1024,
  "height" : 768,
  "manual_keyframe" : true,
  "cx" : 516.61260986328125,
  "fx" : 712.10699462890625
}