{
  "t_02" : -0.5907135009765625,
  "t_13" : -0.17570307850837708,
  "cy" : 382.5074462890625,
  "fy" : 712.1229248046875,
  "t_22" : -0.74142748117446899,
  "t_11" : -0.055430121719837189,
  "t_00" : -0.15229858458042145,
  "t_20" : -0.28499174118041992,
  "angular_velocity" : 3.4028234663852886e+38,
  "t_03" : 2.5469038486480713,
  "t_23" : 9.4439353942871094,
  "t_12" : 0.31834360957145691,
  "t_01" : -0.792377769947052,
  "timestamp" : 6392728226,
  "blur_score" : 268.0296630859375,
  "t_21" : 0.60750699043273926,
  "t_10" : -0.94635337591171265,
  "width" : 1024,
  "height" : 768,
  "manual_keyframe" : true,
  "cx" : 516.669189453125,
  "fx" : 712.1229248046875
}