{
  "t_02" : -0.45735177397727966,
  "t_13" : -0.23164483904838562,
  "cy" : 382.274169921875,
  "fy" : 711.83380126953125,
  "t_22" : -0.87766790390014648,
  "t_11" : -0.07955431193113327,
  "t_00" : 0.0052889515645802021,
  "t_20" : -0.16379594802856445,
  "angular_velocity" : 3.4028234663852886e+38,
  "t_03" : 2.2767910957336426,
  "center_depth" : 2.5619361400604248,
  "t_23" : 9.6637411117553711,
  "t_12" : 0.14327661693096161,
  "t_01" : -0.88927006721496582,
  "timestamp" : 6394511688,
  "blur_score" : 348.24520874023438,
  "t_21" : 0.4504106342792511,
  "t_10" : -0.9864799976348877,
  "width" : 1024,
  "height" : 768,
  "manual_keyframe" : true,
  "cx" : 516.50732421875,
  "fx" : 711.83380126953125
}