{
  "t_02" : -0.74568259716033936,
  "t_13" : -0.24967862665653229,
  "cy" : 382.12060546875,
  "fy" : 712.7169189453125,
  "t_22" : -0.59734898805618286,
  "t_11" : -0.026787955313920975,
  "t_00" : -0.21275675296783447,
  "t_20" : -0.20635856688022614,
  "angular_velocity" : 3.4028234663852886e+38,
  "t_03" : 2.0847315788269043,
  "center_depth" : 1.3952184915542603,
  "t_23" : 10.042669296264648,
  "t_12" : 0.29518073797225952,
  "t_01" : -0.6314205527305603,
  "timestamp" : 6395778447,
  "blur_score" : 597.26300048828125,
  "t_21" : 0.77497762441635132,
  "t_10" : -0.95506578683853149,
  "width" : 1024,
  "height" : 768,
  "manual_keyframe" : true,
  "cx" : 516.71807861328125,
  "fx" : 712.7169189453125
}