{
  "t_02" : -0.59626340866088867,
  "t_13" : -0.26781940460205078,
  "cy" : 382.3792724609375,
  "fy" : 712.12445068359375,
  "t_22" : -0.75858521461486816,
  "t_11" : -0.0882854163646698,
  "t_00" : -0.089731104671955109,
  "t_20" : -0.26222318410873413,
  "angular_velocity" : 3.4028234663852886e+38,
  "t_03" : 2.1509795188903809,
  "t_23" : 9.8800392150878906,
  "t_12" : 0.26271340250968933,
  "t_01" : -0.79775828123092651,
  "timestamp" : 6395128400,
  "blur_score" : 357.4002685546875,
  "t_21" : 0.59647929668426514,
  "t_10" : -0.96082639694213867,
  "width" : 1024,
  "height" : 768,
  "manual_keyframe" : true,
  "cx" : 516.90509033203125,
  "fx" : 712.12445068359375
}