{
  "t_02" : -0.72782820463180542,
  "t_13" : -0.25495004653930664,
  "cy" : 382.06692504882812,
  "fy" : 712.7200927734375,
  "t_22" : -0.62048602104187012,
  "t_11" : -0.034585904330015182,
  "t_00" : -0.19860321283340454,
  "t_20" : -0.21683195233345032,
  "angular_velocity" : 3.4028234663852886e+38,
  "t_03" : 2.0907876491546631,
  "t_23" : 10.006318092346191,
  "t_12" : 0.2919984757900238,
  "t_01" : -0.65637087821960449,
  "timestamp" : 6395661772,
  "blur_score" : 592.95867919921875,
  "t_21" : 0.75364512205123901,
  "t_10" : -0.95579320192337036,
  "width" : 1024,
  "height" : 768,
  "manual_keyframe" : true,
  "cx" : 516.71331787109375,
  "fx" : 712.7200927734375
}