{
  "t_02" : -0.82009273767471313,
  "t_13" : -0.22683262825012207,
  "cy" : 382.44729614257812,
  "fy" : 713.3299560546875,
  "t_22" : -0.48852965235710144,
  "t_11" : -0.03713216632604599,
  "t_00" : -0.23589080572128296,
  "t_20" : -0.18579825758934021,
  "angular_velocity" : 3.4028234663852886e+38,
  "t_03" : 2.0646634101867676,
  "t_23" : 10.261124610900879,
  "t_12" : 0.29797086119651794,
  "t_01" : -0.52134764194488525,
  "timestamp" : 6396328487,
  "blur_score" : 483.91824340820312,
  "t_21" : 0.85253614187240601,
  "t_10" : -0.95385247468948364,
  "width" : 1024,
  "height" : 768,
  "manual_keyframe" : true,
  "cx" : 516.65008544921875,
  "fx" : 713.3299560546875
}