{
  "t_02" : -0.87802976369857788,
  "t_13" : -0.2306177169084549,
  "cy" : 382.53573608398438,
  "fy" : 713.32672119140625,
  "t_22" : -0.39096936583518982,
  "t_11" : -0.042668934911489487,
  "t_00" : -0.23387755453586578,
  "t_20" : -0.15273728966712952,
  "angular_velocity" : 3.4028234663852886e+38,
  "t_03" : 1.9906421899795532,
  "t_23" : 10.460165023803711,
  "t_12" : 0.27605569362640381,
  "t_01" : -0.41757047176361084,
  "timestamp" : 6396711848,
  "blur_score" : 341.78570556640625,
  "t_21" : 0.90764212608337402,
  "t_10" : -0.96019405126571655,
  "width" : 1024,
  "height" : 768,
  "manual_keyframe" : true,
  "cx" : 516.58319091796875,
  "fx" : 713.32672119140625
}