{
  "t_02" : -0.9474647045135498,
  "t_13" : -0.22973717749118805,
  "cy" : 382.20327758789062,
  "fy" : 713.6507568359375,
  "t_22" : -0.15023820102214813,
  "t_11" : -0.061670649796724319,
  "t_00" : -0.26825129985809326,
  "t_20" : -0.10762642323970795,
  "angular_velocity" : 3.4028234663852886e+38,
  "t_03" : 1.9048705101013184,
  "t_23" : 10.921834945678711,
  "t_12" : 0.28238078951835632,
  "t_01" : -0.17421735823154449,
  "timestamp" : 6397695252,
  "blur_score" : 311.56268310546875,
  "t_21" : 0.98277401924133301,
  "t_10" : -0.95731794834136963,
  "width" : 1024,
  "height" : 768,
  "manual_keyframe" : true,
  "cx" : 516.6773681640625,
  "fx" : 713.6507568359375
}