{
  "t_02" : -0.92502874135971069,
  "t_13" : -0.22757337987422943,
  "cy" : 382.478759765625,
  "fy" : 713.33795166015625,
  "t_22" : -0.26109430193901062,
  "t_11" : -0.051047395914793015,
  "t_00" : -0.25077757239341736,
  "t_20" : -0.12596796452999115,
  "angular_velocity" : 3.4028234663852886e+38,
  "t_03" : 1.9229625463485718,
  "t_23" : 10.648137092590332,
  "t_12" : 0.27595555782318115,
  "t_01" : -0.28536349534988403,
  "timestamp" : 6397061873,
  "blur_score" : 288.832763671875,
  "t_21" : 0.95705878734588623,
  "t_10" : -0.95981377363204956,
  "width" : 1024,
  "height" : 768,
  "manual_keyframe" : true,
  "cx" : 516.65509033203125,
  "fx" : 713.33795166015625
}