{
  "t_02" : -0.96636718511581421,
  "t_13" : -0.2372923344373703,
  "cy" : 382.38687133789062,
  "fy" : 713.97320556640625,
  "t_22" : -0.024403756484389305,
  "t_11" : -0.066244207322597504,
  "t_00" : -0.25359228253364563,
  "t_20" : -0.074953712522983551,
  "angular_velocity" : 3.4028234663852886e+38,
  "t_03" : 1.8743628263473511,
  "center_depth" : 1.1288795471191406,
  "t_23" : 11.145137786865234,
  "t_12" : 0.25600546598434448,
  "t_01" : -0.042723610997200012,
  "timestamp" : 6398128617,
  "blur_score" : 399.12115478515625,
  "t_21" : 0.99688833951950073,
  "t_10" : -0.96440285444259644,
  "width" : 1024,
  "height" : 768,
  "manual_keyframe" : true,
  "cx" : 516.612548828125,
  "fx" : 713.97320556640625
}