{
  "t_02" : -0.95174378156661987,
  "t_13" : -0.23766355216503143,
  "cy" : 382.37539672851562,
  "fy" : 713.9588623046875,
  "t_22" : 0.13406676054000854,
  "t_11" : -0.069403164088726044,
  "t_00" : -0.28272131085395813,
  "t_20" : -0.033096767961978912,
  "angular_velocity" : 3.4028234663852886e+38,
  "t_03" : 1.8426500558853149,
  "center_depth" : 1.1896450519561768,
  "t_23" : 11.340619087219238,
  "t_12" : 0.27606141567230225,
  "t_01" : 0.11938378214836121,
  "timestamp" : 6398478642,
  "blur_score" : 720.38311767578125,
  "t_21" : 0.99041944742202759,
  "t_10" : -0.95863097906112671,
  "width" : 1024,
  "height" : 768,
  "manual_keyframe" : true,
  "cx" : 516.67181396484375,
  "fx" : 713.9588623046875
}