{
  "t_02" : -0.95041471719741821,
  "t_13" : -0.23218849301338196,
  "cy" : 382.15316772460938,
  "fy" : 713.3204345703125,
  "t_22" : 0.14345590770244598,
  "t_11" : -0.073250904679298401,
  "t_00" : -0.28341066837310791,
  "t_20" : -0.034294474869966507,
  "angular_velocity" : 3.4028234663852886e+38,
  "t_03" : 1.8800508975982666,
  "t_23" : 11.596248626708984,
  "t_12" : 0.27592024207115173,
  "t_01" : 0.12802346050739288,
  "timestamp" : 6399178693,
  "blur_score" : 241.82817077636719,
  "t_21" : 0.98906213045120239,
  "t_10" : -0.958385169506073,
  "width" : 1024,
  "height" : 768,
  "manual_keyframe" : true,
  "cx" : 516.68145751953125,
  "fx" : 713.3204345703125
}