{
  "t_02" : -0.97342121601104736,
  "t_13" : -0.17949865758419037,
  "cy" : 382.41458129882812,
  "fy" : 712.1165771484375,
  "t_22" : 0.011921337805688381,
  "t_11" : -0.0098026543855667114,
  "t_00" : -0.22880598902702332,
  "t_20" : -0.0072681601159274578,
  "angular_velocity" : 3.4028234663852886e+38,
  "t_03" : 1.6076937913894653,
  "t_23" : 11.79688835144043,
  "t_12" : 0.22871142625808716,
  "t_01" : 0.0099424524232745171,
  "timestamp" : 6401478858,
  "blur_score" : 126.84004974365234,
  "t_21" : 0.99990254640579224,
  "t_10" : -0.97344493865966797,
  "width" : 1024,
  "height" : 768,
  "manual_keyframe" : true,
  "cx" : 516.75140380859375,
  "fx" : 712.1165771484375
}