{
  "t_02" : -0.92014008760452271,
  "t_13" : -0.27222687005996704,
  "cy" : 382.29180908203125,
  "fy" : 712.7486572265625,
  "t_22" : 0.22870482504367828,
  "t_11" : 0.012685656547546387,
  "t_00" : -0.30522078275680542,
  "t_20" : 0.089650608599185944,
  "angular_velocity" : 3.4028234663852886e+38,
  "t_03" : 1.7479438781738281,
  "center_depth" : 1.3446658849716187,
  "t_23" : 11.489480972290039,
  "t_12" : 0.3178616464138031,
  "t_01" : 0.24532058835029602,
  "timestamp" : 6403879029,
  "blur_score" : 323.54922485351562,
  "t_21" : 0.96935886144638062,
  "t_10" : -0.94805216789245605,
  "width" : 1024,
  "height" : 768,
  "manual_keyframe" : true,
  "cx" : 516.75421142578125,
  "fx" : 712.7486572265625
}