{
  "t_02" : -0.95569300651550293,
  "t_13" : -0.2240588515996933,
  "cy" : 382.57424926757812,
  "fy" : 713.92236328125,
  "t_22" : -0.26487073302268982,
  "t_11" : 0.054673045873641968,
  "t_00" : -0.13830171525478363,
  "t_20" : 0.018877377733588219,
  "angular_velocity" : 3.4028234663852886e+38,
  "t_03" : 2.0541813373565674,
  "center_depth" : 3.2384774684906006,
  "t_23" : 11.161415100097656,
  "t_12" : 0.12843120098114014,
  "t_01" : -0.25985327363014221,
  "timestamp" : 6404779094,
  "blur_score" : 141.16304016113281,
  "t_21" : 0.96409916877746582,
  "t_10" : -0.99021023511886597,
  "width" : 1024,
  "height" : 768,
  "manual_keyframe" : true,
  "cx" : 516.6448974609375,
  "fx" : 713.92236328125
}