{
  "t_02" : -0.95586919784545898,
  "t_13" : -0.23965577781200409,
  "cy" : 382.59036254882812,
  "fy" : 713.91607666015625,
  "t_22" : 0.091871403157711029,
  "t_11" : 0.00030731278820894659,
  "t_00" : -0.27774807810783386,
  "t_20" : 0.027016684412956238,
  "angular_velocity" : 3.4028234663852886e+38,
  "t_03" : 1.8969054222106934,
  "t_23" : 11.308393478393555,
  "t_12" : 0.27905875444412231,
  "t_01" : 0.09576096385717392,
  "timestamp" : 6404379065,
  "blur_score" : 243.31570434570312,
  "t_21" : 0.99540436267852783,
  "t_10" : -0.96027398109436035,
  "width" : 1024,
  "height" : 768,
  "manual_keyframe" : true,
  "cx" : 516.7498779296875,
  "fx" : 713.91607666015625
}