{
  "t_02" : -0.97567641735076904,
  "t_13" : -0.22964155673980713,
  "cy" : 382.63525390625,
  "fy" : 713.92236328125,
  "t_22" : -0.087737888097763062,
  "t_11" : 0.031222673133015633,
  "t_00" : -0.20283761620521545,
  "t_20" : 0.013760845176875591,
  "angular_velocity" : 3.4028234663852886e+38,
  "t_03" : 1.9622808694839478,
  "t_23" : 11.244378089904785,
  "t_12" : 0.20089200139045715,
  "t_01" : -0.083141103386878967,
  "timestamp" : 6404579079,
  "blur_score" : 144.51504516601562,
  "t_21" : 0.99604851007461548,
  "t_10" : -0.97911572456359863,
  "width" : 1024,
  "height" : 768,
  "manual_keyframe" : true,
  "cx" : 516.68194580078125,
  "fx" : 713.92236328125
}