{
  "t_02" : -0.89745944738388062,
  "t_13" : -0.23475709557533264,
  "cy" : 382.67892456054688,
  "fy" : 713.5888671875,
  "t_22" : -0.4268956184387207,
  "t_11" : 0.07137838751077652,
  "t_00" : -0.13085344433784485,
  "t_20" : 0.017290625721216202,
  "angular_velocity" : 3.4028234663852886e+38,
  "t_03" : 2.2554442882537842,
  "center_depth" : 2.7969892024993896,
  "t_23" : 10.726668357849121,
  "t_12" : 0.11102572828531265,
  "t_01" : -0.42124098539352417,
  "timestamp" : 6405479144,
  "blur_score" : 155.34584045410156,
  "t_21" : 0.90413564443588257,
  "t_10" : -0.99125093221664429,
  "width" : 1024,
  "height" : 768,
  "manual_keyframe" : true,
  "cx" : 516.75958251953125,
  "fx" : 713.5888671875
}