{
  "t_02" : -0.90330237150192261,
  "t_13" : -0.23402519524097443,
  "cy" : 382.47097778320312,
  "fy" : 712.72637939453125,
  "t_22" : -0.4198823869228363,
  "t_11" : 0.060939107090234756,
  "t_00" : -0.1054355576634407,
  "t_20" : 0.018452940508723259,
  "angular_velocity" : 3.4028234663852886e+38,
  "t_03" : 2.217700719833374,
  "t_23" : 10.940093994140625,
  "t_12" : 0.087997674942016602,
  "t_01" : -0.41584628820419312,
  "timestamp" : 6405162454,
  "blur_score" : 115.41880035400391,
  "t_21" : 0.90739083290100098,
  "t_10" : -0.99425488710403442,
  "width" : 1024,
  "height" : 768,
  "manual_keyframe" : true,
  "cx" : 516.71087646484375,
  "fx" : 712.72637939453125
}