{
  "t_02" : -0.81084746122360229,
  "t_13" : -0.19062496721744537,
  "cy" : 382.95834350585938,
  "fy" : 714.8197021484375,
  "t_22" : -0.58133858442306519,
  "t_11" : 0.063825458288192749,
  "t_00" : -0.092113770544528961,
  "t_20" : 0.012673360295593739,
  "angular_velocity" : 3.4028234663852886e+38,
  "t_03" : 2.2944300174713135,
  "center_depth" : 3.3809142112731934,
  "t_23" : 10.497078895568848,
  "t_12" : 0.067615613341331482,
  "t_01" : -0.57796329259872437,
  "timestamp" : 6405945844,
  "blur_score" : 134.60421752929688,
  "t_21" : 0.81356292963027954,
  "t_10" : -0.99566781520843506,
  "width" : 1024,
  "height" : 768,
  "manual_keyframe" : true,
  "cx" : 516.92449951171875,
  "fx" : 714.8197021484375
}