{
  "t_02" : -0.55822885036468506,
  "t_13" : -0.14929917454719543,
  "cy" : 382.83523559570312,
  "fy" : 712.88360595703125,
  "t_22" : -0.82310831546783447,
  "t_11" : 0.054657883942127228,
  "t_00" : 0.012956022284924984,
  "t_20" : 0.11701669543981552,
  "angular_velocity" : 3.4028234663852886e+38,
  "t_03" : 2.4300045967102051,
  "t_23" : 10.276726722717285,
  "t_12" : -0.10427501797676086,
  "t_01" : -0.82958590984344482,
  "timestamp" : 6406612558,
  "blur_score" : 122.76081085205078,
  "t_21" : 0.55569767951965332,
  "t_10" : -0.99304544925689697,
  "width" : 1024,
  "height" : 768,
  "manual_keyframe" : true,
  "cx" : 516.83172607421875,
  "fx" : 712.88360595703125
}