{
  "t_02" : -0.40959435701370239,
  "t_13" : -0.12520307302474976,
  "cy" : 382.79183959960938,
  "fy" : 711.86248779296875,
  "t_22" : -0.89899420738220215,
  "t_11" : 0.06892818957567215,
  "t_00" : 0.00063769094413146377,
  "t_20" : 0.16968366503715515,
  "angular_velocity" : 3.4028234663852886e+38,
  "t_03" : 2.4570856094360352,
  "t_23" : 10.146163940429688,
  "t_12" : -0.15505436062812805,
  "t_01" : -0.91226756572723389,
  "timestamp" : 6406945915,
  "blur_score" : 97.292327880859375,
  "t_21" : 0.40375345945358276,
  "t_10" : -0.98549836874008179,
  "width" : 1024,
  "height" : 768,
  "manual_keyframe" : true,
  "cx" : 516.8348388671875,
  "fx" : 711.86248779296875
}