{
  "t_02" : -0.7069593071937561,
  "t_13" : -0.17985695600509644,
  "cy" : 382.85134887695312,
  "fy" : 714.975341796875,
  "t_22" : -0.70713579654693604,
  "t_11" : 0.086804062128067017,
  "t_00" : -0.052282523363828659,
  "t_20" : 0.070489518344402313,
  "angular_velocity" : 3.4028234663852886e+38,
  "t_03" : 2.3535087108612061,
  "t_23" : 10.405801773071289,
  "t_12" : -0.012933948077261448,
  "t_01" : -0.70531898736953735,
  "timestamp" : 6406212530,
  "blur_score" : 138.68070983886719,
  "t_21" : 0.70355522632598877,
  "t_10" : -0.99614137411117554,
  "width" : 1024,
  "height" : 768,
  "manual_keyframe" : true,
  "cx" : 516.82452392578125,
  "fx" : 714.975341796875
}