{
  "t_02" : 0.1786162406206131,
  "t_13" : -0.093952760100364685,
  "cy" : 382.63192749023438,
  "fy" : 712.108642578125,
  "t_22" : -0.95674020051956177,
  "t_11" : 0.053503420203924179,
  "t_00" : -0.096123307943344116,
  "t_20" : 0.21533100306987762,
  "angular_velocity" : 3.4028234663852886e+38,
  "t_03" : 2.6776211261749268,
  "t_23" : 10.16988468170166,
  "t_12" : -0.2296617180109024,
  "t_01" : -0.97921222448348999,
  "timestamp" : 6407779308,
  "blur_score" : 89.664665222167969,
  "t_21" : -0.19565489888191223,
  "t_10" : -0.97179877758026123,
  "width" : 1024,
  "height" : 768,
  "manual_keyframe" : true,
  "cx" : 516.65374755859375,
  "fx" : 712.108642578125
}