{
  "t_02" : -0.25652608275413513,
  "t_13" : -0.1155327633023262,
  "cy" : 382.78192138671875,
  "fy" : 711.53057861328125,
  "t_22" : -0.94754952192306519,
  "t_11" : 0.068917661905288696,
  "t_00" : -0.01807050034403801,
  "t_20" : 0.20190918445587158,
  "angular_velocity" : 3.4028234663852886e+38,
  "t_03" : 2.4822647571563721,
  "t_23" : 10.093360900878906,
  "t_12" : -0.19064158201217651,
  "t_01" : -0.96636825799942017,
  "timestamp" : 6407145929,
  "blur_score" : 72.599967956542969,
  "t_21" : 0.24775500595569611,
  "t_10" : -0.97923755645751953,
  "width" : 1024,
  "height" : 768,
  "manual_keyframe" : true,
  "cx" : 516.8079833984375,
  "fx" : 711.53057861328125
}