{
  "t_02" : 0.0016095710452646017,
  "t_13" : -0.10749560594558716,
  "cy" : 382.6993408203125,
  "fy" : 711.5511474609375,
  "t_22" : -0.97548431158065796,
  "t_11" : 0.070735909044742584,
  "t_00" : -0.072875604033470154,
  "t_20" : 0.21936392784118652,
  "angular_velocity" : 3.4028234663852886e+38,
  "t_03" : 2.5608572959899902,
  "center_depth" : 2.8933475017547607,
  "t_23" : 10.094736099243164,
  "t_12" : -0.22006317973136902,
  "t_01" : -0.99733972549438477,
  "timestamp" : 6407445951,
  "blur_score" : 62.773769378662109,
  "t_21" : -0.017603214830160141,
  "t_10" : -0.97291761636734009,
  "width" : 1024,
  "height" : 768,
  "manual_keyframe" : true,
  "cx" : 516.7044677734375,
  "fx" : 711.5511474609375
}