{
  "t_02" : 0.4574069082736969,
  "t_13" : -0.095941722393035889,
  "cy" : 382.74493408203125,
  "fy" : 711.825927734375,
  "t_22" : -0.87944930791854858,
  "t_11" : -0.029561370611190796,
  "t_00" : -0.034291177988052368,
  "t_20" : 0.13055931031703949,
  "angular_velocity" : 3.4028234663852886e+38,
  "t_03" : 2.8321452140808105,
  "center_depth" : 2.6146001815795898,
  "t_23" : 10.34425163269043,
  "t_12" : -0.13171081244945526,
  "t_01" : -0.88859611749649048,
  "timestamp" : 6408712708,
  "blur_score" : 101.29668426513672,
  "t_21" : -0.45773696899414062,
  "t_10" : -0.99084734916687012,
  "width" : 1024,
  "height" : 768,
  "manual_keyframe" : true,
  "cx" : 516.67401123046875,
  "fx" : 711.825927734375
}