{
  "t_02" : 0.34266000986099243,
  "t_13" : -0.079489156603813171,
  "cy" : 382.70330810546875,
  "fy" : 712.08477783203125,
  "t_22" : -0.91725021600723267,
  "t_11" : 0.010499837808310986,
  "t_00" : -0.081104598939418793,
  "t_20" : 0.1864628791809082,
  "angular_velocity" : 3.4028234663852886e+38,
  "t_03" : 2.8041360378265381,
  "t_23" : 10.268772125244141,
  "t_12" : -0.20306673645973206,
  "t_01" : -0.93595200777053833,
  "timestamp" : 6408212672,
  "blur_score" : 76.826492309570312,
  "t_21" : -0.35197103023529053,
  "t_10" : -0.97910857200622559,
  "width" : 1024,
  "height" : 768,
  "manual_keyframe" : true,
  "cx" : 516.70977783203125,
  "fx" : 712.08477783203125
}