{
  "t_02" : 0.030643647536635399,
  "t_13" : -0.19137881696224213,
  "cy" : 382.2989501953125,
  "fy" : 712.7423095703125,
  "t_22" : -0.98984688520431519,
  "t_11" : -0.0086585907265543938,
  "t_00" : 0.013033619150519371,
  "t_20" : -0.13845270872116089,
  "angular_velocity" : 3.4028234663852886e+38,
  "t_03" : 2.5934791564941406,
  "center_depth" : 2.0508220195770264,
  "t_23" : 10.586907386779785,
  "t_12" : 0.13879498839378357,
  "t_01" : -0.99944531917572021,
  "timestamp" : 6409546101,
  "blur_score" : 109.93103790283203,
  "t_21" : -0.032154891639947891,
  "t_10" : -0.9902833104133606,
  "width" : 1024,
  "height" : 768,
  "manual_keyframe" : true,
  "cx" : 516.7747802734375,
  "fx" : 712.7423095703125
}