{
  "t_02" : -0.081532478332519531,
  "t_13" : -0.19191239774227142,
  "cy" : 382.24771118164062,
  "fy" : 712.73907470703125,
  "t_22" : -0.98111802339553833,
  "t_11" : -0.013257441110908985,
  "t_00" : -0.0011035054922103882,
  "t_20" : -0.17588220536708832,
  "angular_velocity" : 3.4028234663852886e+38,
  "t_03" : 2.5595612525939941,
  "center_depth" : 1.9678666591644287,
  "t_23" : 10.655063629150391,
  "t_12" : 0.17538529634475708,
  "t_01" : -0.99667006731033325,
  "timestamp" : 6409712780,
  "blur_score" : 184.07464599609375,
  "t_21" : 0.080454982817173004,
  "t_10" : -0.98441064357757568,
  "width" : 1024,
  "height" : 768,
  "manual_keyframe" : true,
  "cx" : 516.8792724609375,
  "fx" : 712.73907470703125
}