{
  "t_02" : 0.14895892143249512,
  "t_13" : -0.17480127513408661,
  "cy" : 382.49713134765625,
  "fy" : 712.18170166015625,
  "t_22" : -0.98610466718673706,
  "t_11" : -0.019857263192534447,
  "t_00" : 0.030670465901494026,
  "t_20" : -0.069730803370475769,
  "angular_velocity" : 3.4028234663852886e+38,
  "t_03" : 2.6375505924224854,
  "center_depth" : 2.298410177230835,
  "t_23" : 10.512872695922852,
  "t_12" : 0.073544204235076904,
  "t_01" : -0.98836755752563477,
  "timestamp" : 6409346087,
  "blur_score" : 74.524932861328125,
  "t_21" : -0.15078172087669373,
  "t_10" : -0.99709421396255493,
  "width" : 1024,
  "height" : 768,
  "manual_keyframe" : true,
  "cx" : 516.70941162109375,
  "fx" : 712.18170166015625
}