{
  "t_02" : 0.29439303278923035,
  "t_13" : -0.1402849555015564,
  "cy" : 382.6502685546875,
  "fy" : 712.08953857421875,
  "t_22" : -0.95541894435882568,
  "t_11" : -0.039673913270235062,
  "t_00" : 0.031295806169509888,
  "t_20" : 0.033198170363903046,
  "angular_velocity" : 3.4028234663852886e+38,
  "t_03" : 2.7105264663696289,
  "t_23" : 10.437850952148438,
  "t_12" : -0.022528348490595818,
  "t_01" : -0.95517194271087646,
  "timestamp" : 6409112737,
  "blur_score" : 58.669689178466797,
  "t_21" : -0.2933814525604248,
  "t_10" : -0.99895870685577393,
  "width" : 1024,
  "height" : 768,
  "manual_keyframe" : true,
  "cx" : 516.659423828125,
  "fx" : 712.08953857421875
}