{
  "t_02" : -0.50348740816116333,
  "t_13" : -0.25323784351348877,
  "cy" : 382.39501953125,
  "fy" : 712.44537353515625,
  "t_22" : -0.83626937866210938,
  "t_11" : -0.037037219852209091,
  "t_00" : -0.079418085515499115,
  "t_20" : -0.20547115802764893,
  "angular_velocity" : 3.4028234663852886e+38,
  "t_03" : 2.2692992687225342,
  "center_depth" : 2.1488487720489502,
  "t_23" : 10.958840370178223,
  "t_12" : 0.21714940667152405,
  "t_01" : -0.86034470796585083,
  "timestamp" : 6410746189,
  "blur_score" : 219.63555908203125,
  "t_21" : 0.50836503505706787,
  "t_10" : -0.97543537616729736,
  "width" : 1024,
  "height" : 768,
  "manual_keyframe" : true,
  "cx" : 516.59844970703125,
  "fx" : 712.44537353515625
}