{
  "t_02" : -0.39775258302688599,
  "t_13" : -0.2017054408788681,
  "cy" : 382.57177734375,
  "fy" : 712.7327880859375,
  "t_22" : -0.89767873287200928,
  "t_11" : -0.027260962873697281,
  "t_00" : -0.051412474364042282,
  "t_20" : -0.1845691055059433,
  "angular_velocity" : 3.4028234663852886e+38,
  "t_03" : 2.3545067310333252,
  "t_23" : 10.896384239196777,
  "t_12" : 0.18964660167694092,
  "t_01" : -0.91605108976364136,
  "timestamp" : 6410412831,
  "blur_score" : 228.31285095214844,
  "t_21" : 0.40013396739959717,
  "t_10" : -0.98147386312484741,
  "width" : 1024,
  "height" : 768,
  "manual_keyframe" : true,
  "cx" : 516.700927734375,
  "fx" : 712.7327880859375
}