{
  "t_02" : -0.25920924544334412,
  "t_13" : -0.18165907263755798,
  "cy" : 382.38418579101562,
  "fy" : 712.72802734375,
  "t_22" : -0.94683009386062622,
  "t_11" : -0.025237036868929863,
  "t_00" : -0.025511667132377625,
  "t_20" : -0.19054976105690002,
  "angular_velocity" : 3.4028234663852886e+38,
  "t_03" : 2.4901525974273682,
  "t_23" : 10.766868591308594,
  "t_12" : 0.19058629870414734,
  "t_01" : -0.96548408269882202,
  "timestamp" : 6410012802,
  "blur_score" : 293.5035400390625,
  "t_21" : 0.25923612713813782,
  "t_10" : -0.98134595155715942,
  "width" : 1024,
  "height" : 768,
  "manual_keyframe" : true,
  "cx" : 516.9217529296875,
  "fx" : 712.72802734375
}