{
  "t_02" : -0.33815726637840271,
  "t_13" : -0.21934378147125244,
  "cy" : 382.24667358398438,
  "fy" : 712.50567626953125,
  "t_22" : -0.87808424234390259,
  "t_11" : -0.019828429445624352,
  "t_00" : -0.10197684168815613,
  "t_20" : -0.32343730330467224,
  "angular_velocity" : 3.4028234663852886e+38,
  "t_03" : 2.4798026084899902,
  "t_23" : 10.949782371520996,
  "t_12" : 0.33855247497558594,
  "t_01" : -0.93554818630218506,
  "timestamp" : 6412346306,
  "blur_score" : 283.03390502929688,
  "t_21" : 0.35264208912849426,
  "t_10" : -0.94073861837387085,
  "width" : 1024,
  "height" : 768,
  "manual_keyframe" : true,
  "cx" : 516.88299560546875,
  "fx" : 712.50567626953125
}