{
  "t_02" : -0.34977436065673828,
  "t_13" : -0.012136131525039673,
  "cy" : 382.75115966796875,
  "fy" : 713.04248046875,
  "t_22" : -0.87830621004104614,
  "t_11" : 0.034094829112291336,
  "t_00" : -0.15401700139045715,
  "t_20" : -0.28927010297775269,
  "angular_velocity" : 3.4028234663852886e+38,
  "t_03" : 2.631134033203125,
  "t_23" : 11.165304183959961,
  "t_12" : 0.32593855261802673,
  "t_01" : -0.9240868091583252,
  "timestamp" : 6412979685,
  "blur_score" : 315.79757690429688,
  "t_21" : 0.38065847754478455,
  "t_10" : -0.94477581977844238,
  "width" : 1024,
  "height" : 768,
  "manual_keyframe" : true,
  "cx" : 516.55987548828125,
  "fx" : 713.04248046875
}