{
  "t_02" : -0.050606239587068558,
  "t_13" : -0.22441641986370087,
  "cy" : 382.59555053710938,
  "fy" : 713.3458251953125,
  "t_22" : -0.96129524707794189,
  "t_11" : -0.0038860833737999201,
  "t_00" : -0.010206457227468491,
  "t_20" : -0.27066826820373535,
  "angular_velocity" : 3.4028234663852886e+38,
  "t_03" : 2.5782675743103027,
  "t_23" : 10.951019287109375,
  "t_12" : 0.27083271741867065,
  "t_01" : -0.99866658449172974,
  "timestamp" : 6413946424,
  "blur_score" : 187.47602844238281,
  "t_21" : 0.05147874727845192,
  "t_10" : -0.96261858940124512,
  "width" : 1024,
  "height" : 768,
  "manual_keyframe" : true,
  "cx" : 516.49066162109375,
  "fx" : 713.3458251953125
}