{
  "t_02" : -0.2166980654001236,
  "t_13" : -0.19836154580116272,
  "cy" : 382.62808227539062,
  "fy" : 713.334716796875,
  "t_22" : -0.94106930494308472,
  "t_11" : 0.0041902549564838409,
  "t_00" : -0.062497492879629135,
  "t_20" : -0.2520751953125,
  "angular_velocity" : 3.4028234663852886e+38,
  "t_03" : 2.5887689590454102,
  "t_23" : 11.002887725830078,
  "t_12" : 0.25967341661453247,
  "t_01" : -0.97423601150512695,
  "timestamp" : 6413813081,
  "blur_score" : 270.17294311523438,
  "t_21" : 0.22549153864383698,
  "t_10" : -0.96568727493286133,
  "width" : 1024,
  "height" : 768,
  "manual_keyframe" : true,
  "cx" : 516.24169921875,
  "fx" : 713.334716796875
}