{
  "t_02" : 0.29992124438285828,
  "t_13" : -0.25705406069755554,
  "cy" : 382.43121337890625,
  "fy" : 713.2266845703125,
  "t_22" : -0.90033280849456787,
  "t_11" : 0.042863491922616959,
  "t_00" : 0.056712094694375992,
  "t_20" : -0.31315973401069641,
  "angular_velocity" : 3.4028234663852886e+38,
  "t_03" : 2.5767924785614014,
  "center_depth" : 2.1438210010528564,
  "t_23" : 10.795616149902344,
  "t_12" : 0.31535372138023376,
  "t_01" : -0.95227670669555664,
  "timestamp" : 6414346454,
  "blur_score" : 123.67888641357422,
  "t_21" : -0.30221140384674072,
  "t_10" : -0.94800561666488647,
  "width" : 1024,
  "height" : 768,
  "manual_keyframe" : true,
  "cx" : 516.9466552734375,
  "fx" : 713.2266845703125
}