{
  "t_02" : 0.14413262903690338,
  "t_13" : -0.23930566012859344,
  "cy" : 382.5096435546875,
  "fy" : 713.3521728515625,
  "t_22" : -0.94589328765869141,
  "t_11" : 0.010329615324735641,
  "t_00" : 0.03311673179268837,
  "t_20" : -0.28900125622749329,
  "angular_velocity" : 3.4028234663852886e+38,
  "t_03" : 2.5750951766967773,
  "t_23" : 10.884355545043945,
  "t_12" : 0.29070901870727539,
  "t_01" : -0.98900401592254639,
  "timestamp" : 6414113103,
  "blur_score" : 144.75103759765625,
  "t_21" : -0.14752703905105591,
  "t_10" : -0.95675575733184814,
  "width" : 1024,
  "height" : 768,
  "manual_keyframe" : true,
  "cx" : 516.7791748046875,
  "fx" : 713.3521728515625
}