{
  "t_02" : 0.35122025012969971,
  "t_13" : -0.27869057655334473,
  "cy" : 382.46795654296875,
  "fy" : 713.039306640625,
  "t_22" : -0.87676316499710083,
  "t_11" : 0.046080537140369415,
  "t_00" : 0.076731175184249878,
  "t_20" : -0.32274791598320007,
  "angular_velocity" : 3.4028234663852886e+38,
  "t_03" : 2.5813601016998291,
  "center_depth" : 2.2192184925079346,
  "t_23" : 10.728813171386719,
  "t_12" : 0.32852768898010254,
  "t_01" : -0.93314331769943237,
  "timestamp" : 6414546469,
  "blur_score" : 153.98561096191406,
  "t_21" : -0.3565388023853302,
  "t_10" : -0.94336944818496704,
  "width" : 1024,
  "height" : 768,
  "manual_keyframe" : true,
  "cx" : 516.834716796875,
  "fx" : 713.039306640625
}