{
  "t_02" : 0.53588777780532837,
  "t_13" : -0.29774698615074158,
  "cy" : 382.54708862304688,
  "fy" : 712.7470703125,
  "t_22" : -0.75781375169754028,
  "t_11" : -0.0027461312711238861,
  "t_00" : 0.21732072532176971,
  "t_20" : -0.302194744348526,
  "angular_velocity" : 3.4028234663852886e+38,
  "t_03" : 2.5966095924377441,
  "center_depth" : 2.1122252941131592,
  "t_23" : 10.616859436035156,
  "t_12" : 0.37221285700798035,
  "t_01" : -0.81584048271179199,
  "timestamp" : 6415279857,
  "blur_score" : 342.74172973632812,
  "t_21" : -0.57827025651931763,
  "t_10" : -0.92814326286315918,
  "width" : 1024,
  "height" : 768,
  "manual_keyframe" : true,
  "cx" : 516.75421142578125,
  "fx" : 712.7470703125
}