{
  "t_02" : 0.51077121496200562,
  "t_13" : -0.30283111333847046,
  "cy" : 382.652099609375,
  "fy" : 712.7518310546875,
  "t_22" : -0.775928795337677,
  "t_11" : 0.0038570370525121689,
  "t_00" : 0.20007872581481934,
  "t_20" : -0.31149733066558838,
  "angular_velocity" : 3.4028234663852886e+38,
  "t_03" : 2.5818259716033936,
  "center_depth" : 2.1927056312561035,
  "t_23" : 10.613998413085938,
  "t_12" : 0.37019884586334229,
  "t_01" : -0.83611077070236206,
  "timestamp" : 6415146513,
  "blur_score" : 264.47552490234375,
  "t_21" : -0.54854708909988403,
  "t_10" : -0.92894452810287476,
  "width" : 1024,
  "height" : 768,
  "manual_keyframe" : true,
  "cx" : 516.68292236328125,
  "fx" : 712.7518310546875
}