{
  "t_02" : 0.74888300895690918,
  "t_13" : -0.18745386600494385,
  "cy" : 382.54531860351562,
  "fy" : 713.0313720703125,
  "t_22" : -0.62702208757400513,
  "t_11" : -0.015356912277638912,
  "t_00" : 0.17454995214939117,
  "t_20" : -0.1256401389837265,
  "angular_velocity" : 3.4028234663852886e+38,
  "t_03" : 2.7133731842041016,
  "center_depth" : 2.1118245124816895,
  "t_23" : 10.547031402587891,
  "t_12" : 0.21451640129089355,
  "t_01" : -0.63930147886276245,
  "timestamp" : 6416546618,
  "blur_score" : 150.18789672851562,
  "t_21" : -0.76880264282226562,
  "t_10" : -0.97659957408905029,
  "width" : 1024,
  "height" : 768,
  "manual_keyframe" : true,
  "cx" : 516.63726806640625,
  "fx" : 713.0313720703125
}