{
  "t_02" : 0.82994997501373291,
  "t_13" : -0.07685968279838562,
  "cy" : 382.56427001953125,
  "fy" : 712.1292724609375,
  "t_22" : -0.53963690996170044,
  "t_11" : -0.0035651319194585085,
  "t_00" : -0.11652480810880661,
  "t_20" : 0.080060511827468872,
  "angular_velocity" : 3.4028234663852886e+38,
  "t_03" : 2.8292152881622314,
  "t_23" : 10.386123657226562,
  "t_12" : -0.14133293926715851,
  "t_01" : -0.54553186893463135,
  "timestamp" : 6417346678,
  "blur_score" : 107.94635772705078,
  "t_21" : -0.83808249235153198,
  "t_10" : -0.98995566368103027,
  "width" : 1024,
  "height" : 768,
  "manual_keyframe" : true,
  "cx" : 516.81005859375,
  "fx" : 712.1292724609375
}