{
  "t_02" : 0.81463289260864258,
  "t_13" : -0.05677371472120285,
  "cy" : 382.54742431640625,
  "fy" : 712.108642578125,
  "t_22" : -0.53820216655731201,
  "t_11" : -0.007679725531488657,
  "t_00" : -0.1759861558675766,
  "t_20" : 0.12569572031497955,
  "angular_velocity" : 3.4028234663852886e+38,
  "t_03" : 2.850499153137207,
  "center_depth" : 2.4954361915588379,
  "t_23" : 10.339332580566406,
  "t_12" : -0.21612857282161713,
  "t_01" : -0.55263185501098633,
  "timestamp" : 6417580029,
  "blur_score" : 141.16165161132812,
  "t_21" : -0.8333899974822998,
  "t_10" : -0.97633463144302368,
  "width" : 1024,
  "height" : 768,
  "manual_keyframe" : true,
  "cx" : 516.7781982421875,
  "fx" : 712.108642578125
}