{
  "t_02" : 0.87453556060791016,
  "t_13" : -0.23222877085208893,
  "cy" : 382.55206298828125,
  "fy" : 712.45001220703125,
  "t_22" : -0.42818561196327209,
  "t_11" : -0.030751697719097137,
  "t_00" : 0.2182837575674057,
  "t_20" : -0.071711517870426178,
  "angular_velocity" : 3.4028234663852886e+38,
  "t_03" : 2.9986388683319092,
  "center_depth" : 2.1604773998260498,
  "t_23" : 10.278506278991699,
  "t_12" : 0.22769422829151154,
  "t_01" : -0.43305867910385132,
  "timestamp" : 6419880204,
  "blur_score" : 286.14401245117188,
  "t_21" : -0.90084105730056763,
  "t_10" : -0.97324693202972412,
  "width" : 1024,
  "height" : 768,
  "manual_keyframe" : true,
  "cx" : 516.966796875,
  "fx" : 712.45001220703125
}