{
  "t_02" : 0.87123924493789673,
  "t_13" : -0.23391814529895782,
  "cy" : 382.53878784179688,
  "fy" : 712.18170166015625,
  "t_22" : -0.44835075736045837,
  "t_11" : -0.022428866475820541,
  "t_00" : 0.18809239566326141,
  "t_20" : -0.071051105856895447,
  "angular_velocity" : 3.4028234663852886e+38,
  "t_03" : 2.9679780006408691,
  "center_depth" : 2.2219655513763428,
  "t_23" : 10.31136417388916,
  "t_12" : 0.19980980455875397,
  "t_01" : -0.45339119434356689,
  "timestamp" : 6419746860,
  "blur_score" : 248.07856750488281,
  "t_21" : -0.89102941751480103,
  "t_10" : -0.97957801818847656,
  "width" : 1024,
  "height" : 768,
  "manual_keyframe" : true,
  "cx" : 516.816650390625,
  "fx" : 712.18170166015625
}