{
  "t_02" : 0.96677613258361816,
  "t_13" : -0.22126318514347076,
  "cy" : 382.48324584960938,
  "fy" : 712.44854736328125,
  "t_22" : -0.15492762625217438,
  "t_11" : -0.011841990984976292,
  "t_00" : 0.20266342163085938,
  "t_20" : -0.02022823691368103,
  "angular_velocity" : 3.4028234663852886e+38,
  "t_03" : 3.1314377784729004,
  "t_23" : 10.109628677368164,
  "t_12" : 0.20332586765289307,
  "t_01" : -0.15579317510128021,
  "timestamp" : 6420413578,
  "blur_score" : 171.50727844238281,
  "t_21" : -0.98771864175796509,
  "t_10" : -0.97903954982757568,
  "width" : 1024,
  "height" : 768,
  "manual_keyframe" : true,
  "cx" : 516.79315185546875,
  "fx" : 712.44854736328125
}