{
  "t_02" : 0.97125351428985596,
  "t_13" : -0.23342552781105042,
  "cy" : 382.27667236328125,
  "fy" : 712.47705078125,
  "t_22" : 0.070971421897411346,
  "t_11" : -0.0055012009106576443,
  "t_00" : 0.22620190680027008,
  "t_20" : 0.022193044424057007,
  "angular_velocity" : 3.4028234663852886e+38,
  "t_03" : 3.1834089756011963,
  "t_23" : 10.088650703430176,
  "t_12" : 0.22722141444683075,
  "t_01" : 0.074156664311885834,
  "timestamp" : 6420713601,
  "blur_score" : 134.05218505859375,
  "t_21" : -0.99723130464553833,
  "t_10" : -0.97382748126983643,
  "width" : 1024,
  "height" : 768,
  "manual_keyframe" : true,
  "cx" : 516.66094970703125,
  "fx" : 712.47705078125
}