{
  "t_02" : 0.89460611343383789,
  "t_13" : -0.28233984112739563,
  "cy" : 382.2520751953125,
  "fy" : 712.7327880859375,
  "t_22" : 0.31071406602859497,
  "t_11" : -0.0093771582469344139,
  "t_00" : 0.3001081645488739,
  "t_20" : 0.11471527069807053,
  "angular_velocity" : 3.4028234663852886e+38,
  "t_03" : 3.2191593647003174,
  "center_depth" : 1.8010528087615967,
  "t_23" : 10.111092567443848,
  "t_12" : 0.32114878296852112,
  "t_01" : 0.33108139038085938,
  "timestamp" : 6421080296,
  "blur_score" : 126.42716979980469,
  "t_21" : -0.94355553388595581,
  "t_10" : -0.94698220491409302,
  "width" : 1024,
  "height" : 768,
  "manual_keyframe" : true,
  "cx" : 516.607177734375,
  "fx" : 712.7327880859375
}