{
  "t_02" : 0.61349248886108398,
  "t_13" : -0.26897081732749939,
  "cy" : 382.754150390625,
  "fy" : 712.44854736328125,
  "t_22" : 0.68867182731628418,
  "t_11" : 0.01897214911878109,
  "t_00" : 0.27237442135810852,
  "t_20" : 0.27482721209526062,
  "angular_velocity" : 3.4028234663852886e+38,
  "t_03" : 3.4089407920837402,
  "center_depth" : 2.3481028079986572,
  "t_23" : 10.033775329589844,
  "t_12" : 0.38646844029426575,
  "t_01" : 0.741241455078125,
  "timestamp" : 6421713677,
  "blur_score" : 234.58560180664062,
  "t_21" : -0.67097014188766479,
  "t_10" : -0.92210733890533447,
  "width" : 1024,
  "height" : 768,
  "manual_keyframe" : true,
  "cx" : 516.66015625,
  "fx" : 712.44854736328125
}