{
  "t_02" : 0.76160711050033569,
  "t_13" : -0.2904435396194458,
  "cy" : 382.62234497070312,
  "fy" : 712.731201171875,
  "t_22" : 0.51206231117248535,
  "t_11" : 0.0050355573184788227,
  "t_00" : 0.3326583206653595,
  "t_20" : 0.21704922616481781,
  "angular_velocity" : 3.4028234663852886e+38,
  "t_03" : 3.3002321720123291,
  "center_depth" : 2.0248456001281738,
  "t_23" : 10.078577041625977,
  "t_12" : 0.3971731960773468,
  "t_01" : 0.5561409592628479,
  "timestamp" : 6421413655,
  "blur_score" : 169.97085571289062,
  "t_21" : -0.83107262849807739,
  "t_10" : -0.91772973537445068,
  "width" : 1024,
  "height" : 768,
  "manual_keyframe" : true,
  "cx" : 516.6644287109375,
  "fx" : 712.731201171875
}