{
  "t_02" : 0.6959083080291748,
  "t_13" : -0.2816595733165741,
  "cy" : 382.73126220703125,
  "fy" : 712.6326904296875,
  "t_22" : 0.59533685445785522,
  "t_11" : 0.011116801761090755,
  "t_00" : 0.31303909420967102,
  "t_20" : 0.25182467699050903,
  "angular_velocity" : 3.4028234663852886e+38,
  "t_03" : 3.3464829921722412,
  "center_depth" : 2.1199991703033447,
  "t_23" : 10.059445381164551,
  "t_12" : 0.40160372853279114,
  "t_01" : 0.64631110429763794,
  "timestamp" : 6421546998,
  "blur_score" : 215.03829956054688,
  "t_21" : -0.76299291849136353,
  "t_10" : -0.91574603319168091,
  "width" : 1024,
  "height" : 768,
  "manual_keyframe" : true,
  "cx" : 516.68927001953125,
  "fx" : 712.6326904296875
}