{
  "t_02" : 0.31948047876358032,
  "t_13" : -0.1247265413403511,
  "cy" : 382.444580078125,
  "fy" : 711.492431640625,
  "t_22" : 0.94164478778839111,
  "t_11" : 0.011960596777498722,
  "t_00" : 0.045447167009115219,
  "t_20" : 0.096514448523521423,
  "angular_velocity" : 3.4028234663852886e+38,
  "t_03" : 3.7305793762207031,
  "center_depth" : 3.9009695053100586,
  "t_23" : 9.9968280792236328,
  "t_12" : 0.10600672662258148,
  "t_01" : 0.94650238752365112,
  "timestamp" : 6422713755,
  "blur_score" : 116.38150024414062,
  "t_21" : -0.32247507572174072,
  "t_10" : -0.9942934513092041,
  "width" : 1024,
  "height" : 768,
  "manual_keyframe" : true,
  "cx" : 516.65673828125,
  "fx" : 711.492431640625
}