{
  "t_02" : 0.31619018316268921,
  "t_13" : -0.048144448548555374,
  "cy" : 382.38433837890625,
  "fy" : 710.94122314453125,
  "t_22" : 0.94257622957229614,
  "t_11" : 0.0098239528015255928,
  "t_00" : -0.024844549596309662,
  "t_20" : -0.10513240098953247,
  "angular_velocity" : 3.4028234663852886e+38,
  "t_03" : 3.7308053970336914,
  "center_depth" : 4.3680963516235352,
  "t_23" : 10.009551048278809,
  "t_12" : -0.10758048295974731,
  "t_01" : 0.94837027788162231,
  "timestamp" : 6423447144,
  "blur_score" : 161.11289978027344,
  "t_21" : -0.31701260805130005,
  "t_10" : -0.99414777755737305,
  "width" : 1024,
  "height" : 768,
  "manual_keyframe" : true,
  "cx" : 516.824951171875,
  "fx" : 710.94122314453125
}