{
  "t_02" : 0.30125156044960022,
  "t_13" : -0.027615986764431,
  "cy" : 382.44082641601562,
  "fy" : 710.93963623046875,
  "t_22" : 0.93664145469665527,
  "t_11" : 0.0063547790050506592,
  "t_00" : -0.048579219728708267,
  "t_20" : -0.17213548719882965,
  "angular_velocity" : 3.4028234663852886e+38,
  "t_03" : 3.6822123527526855,
  "center_depth" : 4.374112606048584,
  "t_23" : 9.9987726211547852,
  "t_12" : -0.17874611914157867,
  "t_01" : 0.95230638980865479,
  "timestamp" : 6423747167,
  "blur_score" : 213.04635620117188,
  "t_21" : -0.30507716536521912,
  "t_10" : -0.98387467861175537,
  "width" : 1024,
  "height" : 768,
  "manual_keyframe" : true,
  "cx" : 516.77813720703125,
  "fx" : 710.93963623046875
}