{
  "t_02" : 0.24386399984359741,
  "t_13" : -0.056600235402584076,
  "cy" : 382.62631225585938,
  "fy" : 711.52886962890625,
  "t_22" : 0.94548147916793823,
  "t_11" : -0.0022482138592749834,
  "t_00" : -0.056140650063753128,
  "t_20" : -0.20844292640686035,
  "angular_velocity" : 3.4028234663852886e+38,
  "t_03" : 3.5377261638641357,
  "t_23" : 9.747065544128418,
  "t_12" : -0.21585913002490997,
  "t_01" : 0.96818310022354126,
  "timestamp" : 6424547229,
  "blur_score" : 205.45051574707031,
  "t_21" : -0.25023263692855835,
  "t_10" : -0.97642195224761963,
  "width" : 1024,
  "height" : 768,
  "manual_keyframe" : true,
  "cx" : 516.599853515625,
  "fx" : 711.52886962890625
}