{
  "t_02" : 0.1473725289106369,
  "t_13" : -0.070568926632404327,
  "cy" : 382.35977172851562,
  "fy" : 711.7989501953125,
  "t_22" : 0.96055227518081665,
  "t_11" : -0.0091446815058588982,
  "t_00" : -0.045064963400363922,
  "t_20" : -0.23167525231838226,
  "angular_velocity" : 3.4028234663852886e+38,
  "t_03" : 3.1745147705078125,
  "t_23" : 8.8896036148071289,
  "t_12" : -0.23584027588367462,
  "t_01" : 0.98805379867553711,
  "timestamp" : 6425947337,
  "blur_score" : 155.68173217773438,
  "t_21" : -0.15383720397949219,
  "t_10" : -0.97174882888793945,
  "width" : 1024,
  "height" : 768,
  "manual_keyframe" : true,
  "cx" : 516.7276611328125,
  "fx" : 711.7989501953125
}