{
  "t_02" : 0.22082594037055969,
  "t_13" : -0.043244998902082443,
  "cy" : 382.57449340820312,
  "fy" : 711.279541015625,
  "t_22" : 0.95535826683044434,
  "t_11" : -0.0065719890408217907,
  "t_00" : -0.050732973963022232,
  "t_20" : -0.18972489237785339,
  "angular_velocity" : 3.4028234663852886e+38,
  "t_03" : 3.4759831428527832,
  "center_depth" : 3.7590668201446533,
  "t_23" : 9.3958091735839844,
  "t_12" : -0.196280837059021,
  "t_01" : 0.97399270534515381,
  "timestamp" : 6425047268,
  "blur_score" : 212.53912353515625,
  "t_21" : -0.22648343443870544,
  "t_10" : -0.98052561283111572,
  "width" : 1024,
  "height" : 768,
  "manual_keyframe" : true,
  "cx" : 516.7891845703125,
  "fx" : 711.279541015625
}