{
  "t_02" : 0.20633302628993988,
  "t_13" : -0.056715618818998337,
  "cy" : 382.30294799804688,
  "fy" : 711.273193359375,
  "t_22" : 0.95936292409896851,
  "t_11" : -0.00030354320188052952,
  "t_00" : -0.040774509310722351,
  "t_20" : -0.18811343610286713,
  "angular_velocity" : 3.4028234663852886e+38,
  "t_03" : 3.3468306064605713,
  "t_23" : 9.1268720626831055,
  "t_12" : -0.19248148798942566,
  "t_01" : 0.97763180732727051,
  "timestamp" : 6425513970,
  "blur_score" : 222.19908142089844,
  "t_21" : -0.21032305061817169,
  "t_10" : -0.9813004732131958,
  "width" : 1024,
  "height" : 768,
  "manual_keyframe" : true,
  "cx" : 516.68487548828125,
  "fx" : 711.273193359375
}