{
  "t_02" : 0.013122358359396458,
  "t_13" : -0.07869981974363327,
  "cy" : 382.42022705078125,
  "fy" : 711.8433837890625,
  "t_22" : 0.94564563035964966,
  "t_11" : -0.035251617431640625,
  "t_00" : -0.041776075959205627,
  "t_20" : -0.32415980100631714,
  "angular_velocity" : 3.4028234663852886e+38,
  "t_03" : 2.943354606628418,
  "t_23" : 8.6344747543334961,
  "t_12" : -0.32493403553962708,
  "t_01" : 0.99904078245162964,
  "timestamp" : 6426480712,
  "blur_score" : 145.58879089355469,
  "t_21" : -0.025976141914725304,
  "t_10" : -0.94507944583892822,
  "width" : 1024,
  "height" : 768,
  "manual_keyframe" : true,
  "cx" : 516.7269287109375,
  "fx" : 711.8433837890625
}