{
  "t_02" : -0.055206738412380219,
  "t_13" : -0.026056874543428421,
  "cy" : 382.41891479492188,
  "fy" : 712.4151611328125,
  "t_22" : 0.93261831998825073,
  "t_11" : -0.032910890877246857,
  "t_00" : -0.014105388894677162,
  "t_20" : -0.35785397887229919,
  "angular_velocity" : 3.4028234663852886e+38,
  "t_03" : 2.5802218914031982,
  "center_depth" : 2.6943798065185547,
  "t_23" : 8.3509979248046875,
  "t_12" : -0.35661640763282776,
  "t_01" : 0.9983752965927124,
  "timestamp" : 6427347446,
  "blur_score" : 147.53956604003906,
  "t_21" : 0.046514715999364853,
  "t_10" : -0.93367099761962891,
  "width" : 1024,
  "height" : 768,
  "manual_keyframe" : true,
  "cx" : 516.60333251953125,
  "fx" : 712.4151611328125
}