{
  "t_02" : -0.02260487899184227,
  "t_13" : -0.037247080355882645,
  "cy" : 382.284423828125,
  "fy" : 712.4310302734375,
  "t_22" : 0.94312256574630737,
  "t_11" : -0.043294135481119156,
  "t_00" : -0.037939757108688354,
  "t_20" : -0.33233076333999634,
  "angular_velocity" : 3.4028234663852886e+38,
  "t_03" : 2.6631920337677002,
  "t_23" : 8.4421052932739258,
  "t_12" : -0.33167564868927002,
  "t_01" : 0.99902427196502686,
  "timestamp" : 6427080759,
  "blur_score" : 153.825439453125,
  "t_21" : 0.0087191294878721237,
  "t_10" : -0.94239950180053711,
  "width" : 1024,
  "height" : 768,
  "manual_keyframe" : true,
  "cx" : 516.7607421875,
  "fx" : 712.4310302734375
}