{
  "t_02" : -0.08173273503780365,
  "t_13" : -0.028591079637408257,
  "cy" : 382.52163696289062,
  "fy" : 712.70574951171875,
  "t_22" : 0.91658884286880493,
  "t_11" : -0.01366009097546339,
  "t_00" : 0.019972952082753181,
  "t_20" : -0.3911171555519104,
  "angular_velocity" : 3.4028234663852886e+38,
  "t_03" : 2.4898684024810791,
  "t_23" : 8.0241794586181641,
  "t_12" : -0.39138847589492798,
  "t_01" : 0.99645423889160156,
  "timestamp" : 6428114173,
  "blur_score" : 99.260414123535156,
  "t_21" : 0.083021447062492371,
  "t_10" : -0.92012423276901245,
  "width" : 1024,
  "height" : 768,
  "manual_keyframe" : true,
  "cx" : 516.45806884765625,
  "fx" : 712.70574951171875
}