{
  "t_02" : -0.081979550421237946,
  "t_13" : -0.068891294300556183,
  "cy" : 382.436279296875,
  "fy" : 712.7470703125,
  "t_22" : 0.9585149884223938,
  "t_11" : -0.002383111510425806,
  "t_00" : 0.020795749500393867,
  "t_20" : -0.27221602201461792,
  "angular_velocity" : 3.4028234663852886e+38,
  "t_03" : 2.4406051635742188,
  "center_depth" : 2.2458434104919434,
  "t_23" : 7.9554171562194824,
  "t_12" : -0.27299878001213074,
  "t_01" : 0.99641686677932739,
  "timestamp" : 6428714220,
  "blur_score" : 121.78549194335938,
  "t_21" : 0.084542475640773773,
  "t_10" : -0.96201133728027344,
  "width" : 1024,
  "height" : 768,
  "manual_keyframe" : true,
  "cx" : 516.58441162109375,
  "fx" : 712.7470703125
}