{
  "t_02" : -0.035904381424188614,
  "t_13" : -0.025254808366298676,
  "cy" : 382.58172607421875,
  "fy" : 712.67877197265625,
  "t_22" : 0.92784219980239868,
  "t_11" : -0.01976650208234787,
  "t_00" : -0.0069201048463582993,
  "t_20" : -0.37170231342315674,
  "angular_velocity" : 3.4028234663852886e+38,
  "t_03" : 2.5414798259735107,
  "t_23" : 8.2256984710693359,
  "t_12" : -0.37124082446098328,
  "t_01" : 0.99933123588562012,
  "timestamp" : 6429647626,
  "blur_score" : 65.573272705078125,
  "t_21" : 0.030761947855353355,
  "t_10" : -0.92832612991333008,
  "width" : 1024,
  "height" : 768,
  "manual_keyframe" : true,
  "cx" : 516.7095947265625,
  "fx" : 712.67877197265625
}