{
  "t_02" : -0.027523752301931381,
  "t_13" : -0.073286987841129303,
  "cy" : 382.33712768554688,
  "fy" : 712.686767578125,
  "t_22" : 0.90962320566177368,
  "t_11" : -0.017546582967042923,
  "t_00" : -0.0067376089282333851,
  "t_20" : -0.41483807563781738,
  "angular_velocity" : 3.4028234663852886e+38,
  "t_03" : 2.5911390781402588,
  "t_23" : 8.5355939865112305,
  "t_12" : -0.41452157497406006,
  "t_01" : 0.99959850311279297,
  "timestamp" : 6430181001,
  "blur_score" : 91.486381530761719,
  "t_21" : 0.022250160574913025,
  "t_10" : -0.90987038612365723,
  "width" : 1024,
  "height" : 768,
  "manual_keyframe" : true,
  "cx" : 516.3841552734375,
  "fx" : 712.686767578125
}