{
  "t_02" : 0.16731710731983185,
  "t_13" : -0.15540981292724609,
  "cy" : 382.73797607421875,
  "fy" : 712.435791015625,
  "t_22" : 0.97759807109832764,
  "t_11" : -0.10324899107217789,
  "t_00" : -0.12403485178947449,
  "t_20" : -0.10762332379817963,
  "angular_velocity" : 3.4028234663852886e+38,
  "t_03" : 2.8649592399597168,
  "center_depth" : 2.9471580982208252,
  "t_23" : 8.7403364181518555,
  "t_12" : -0.1276991069316864,
  "t_01" : 0.9780697226524353,
  "timestamp" : 6430781048,
  "blur_score" : 73.208541870117188,
  "t_21" : -0.18088476359844208,
  "t_10" : -0.98642414808273315,
  "width" : 1024,
  "height" : 768,
  "manual_keyframe" : true,
  "cx" : 516.3983154296875,
  "fx" : 712.435791015625
}