{
  "t_02" : 0.12388447672128677,
  "t_13" : -0.16496412456035614,
  "cy" : 381.76141357421875,
  "fy" : 711.5098876953125,
  "t_22" : 0.99228179454803467,
  "t_11" : -0.11858271062374115,
  "t_00" : -0.11700337380170822,
  "t_20" : 0.020038094371557236,
  "angular_velocity" : 3.4028234663852886e+38,
  "t_03" : 3.0833530426025391,
  "center_depth" : 3.2188401222229004,
  "t_23" : 9.0245819091796875,
  "t_12" : 0.0054269037209451199,
  "t_01" : 0.98537445068359375,
  "timestamp" : 6431447767,
  "blur_score" : 135.56486511230469,
  "t_21" : -0.12237358838319778,
  "t_10" : -0.99292933940887451,
  "width" : 1024,
  "height" : 768,
  "manual_keyframe" : true,
  "cx" : 516.84210205078125,
  "fx" : 711.5098876953125
}