{
  "t_02" : 0.2692950963973999,
  "t_13" : -0.14772841334342957,
  "cy" : 382.27078247070312,
  "fy" : 710.89044189453125,
  "t_22" : 0.96182209253311157,
  "t_11" : -0.057033762335777283,
  "t_00" : -0.041859667748212814,
  "t_20" : 0.062281887978315353,
  "angular_velocity" : 3.4028234663852886e+38,
  "t_03" : 3.522118091583252,
  "t_23" : 9.1247034072875977,
  "t_12" : 0.048769000917673111,
  "t_01" : 0.96214759349822998,
  "timestamp" : 6432514517,
  "blur_score" : 145.42184448242188,
  "t_21" : -0.26649433374404907,
  "t_10" : -0.99718040227890015,
  "width" : 1024,
  "height" : 768,
  "manual_keyframe" : true,
  "cx" : 516.822265625,
  "fx" : 710.89044189453125
}