{
  "t_02" : 0.11497757583856583,
  "t_13" : -0.1516605019569397,
  "cy" : 382.1851806640625,
  "fy" : 711.21295166015625,
  "t_22" : 0.99316561222076416,
  "t_11" : -0.093881018459796906,
  "t_00" : -0.090980865061283112,
  "t_20" : 0.030631527304649353,
  "angular_velocity" : 3.4028234663852886e+38,
  "t_03" : 3.279559850692749,
  "center_depth" : 3.3599491119384766,
  "t_23" : 9.1077537536621094,
  "t_12" : 0.020054040476679802,
  "t_01" : 0.9891929030418396,
  "timestamp" : 6432014478,
  "blur_score" : 302.82867431640625,
  "t_21" : -0.11262200027704239,
  "t_10" : -0.99538147449493408,
  "width" : 1024,
  "height" : 768,
  "manual_keyframe" : true,
  "cx" : 516.816162109375,
  "fx" : 711.21295166015625
}