{
  "t_02" : 0.52734559774398804,
  "t_13" : -0.120085209608078,
  "cy" : 382.49020385742188,
  "fy" : 711.21124267578125,
  "t_22" : 0.84909600019454956,
  "t_11" : -0.0097345365211367607,
  "t_00" : -0.024468204006552696,
  "t_20" : -0.020937534049153328,
  "angular_velocity" : 3.4028234663852886e+38,
  "t_03" : 4.1914801597595215,
  "center_depth" : 3.6757199764251709,
  "t_23" : 9.16943359375,
  "t_12" : -0.03069709986448288,
  "t_01" : 0.84929835796356201,
  "timestamp" : 6433781284,
  "blur_score" : 174.11538696289062,
  "t_21" : -0.52782320976257324,
  "t_10" : -0.99948126077651978,
  "width" : 1024,
  "height" : 768,
  "manual_keyframe" : true,
  "cx" : 516.83331298828125,
  "fx" : 711.21124267578125
}