{
  "t_02" : 0.3827987015247345,
  "t_13" : -0.11238342523574829,
  "cy" : 382.28536987304688,
  "fy" : 711.20648193359375,
  "t_22" : 0.92190521955490112,
  "t_11" : -0.051914308220148087,
  "t_00" : -0.025194287300109863,
  "t_20" : 0.074941642582416534,
  "angular_velocity" : 3.4028234663852886e+38,
  "t_03" : 3.8361859321594238,
  "t_23" : 9.2436428070068359,
  "t_12" : 0.059631422162055969,
  "t_01" : 0.92348819971084595,
  "timestamp" : 6433147901,
  "blur_score" : 199.86819458007812,
  "t_21" : -0.38009795546531677,
  "t_10" : -0.99686956405639648,
  "width" : 1024,
  "height" : 768,
  "manual_keyframe" : true,
  "cx" : 516.91290283203125,
  "fx" : 711.20648193359375
}