{
  "t_02" : 0.59929227828979492,
  "t_13" : -0.12312798947095871,
  "cy" : 382.40777587890625,
  "fy" : 710.89678955078125,
  "t_22" : 0.79996651411056519,
  "t_11" : -0.03229212760925293,
  "t_00" : -0.043856099247932434,
  "t_20" : -0.0046576298773288727,
  "angular_velocity" : 3.4028234663852886e+38,
  "t_03" : 4.6236710548400879,
  "center_depth" : 3.9614391326904297,
  "t_23" : 9.1878776550292969,
  "t_12" : -0.030037792399525642,
  "t_01" : 0.79932796955108643,
  "timestamp" : 6434481339,
  "blur_score" : 212.85147094726562,
  "t_21" : -0.60002648830413818,
  "t_10" : -0.99902689456939697,
  "width" : 1024,
  "height" : 768,
  "manual_keyframe" : true,
  "cx" : 516.84649658203125,
  "fx" : 710.89678955078125
}