{
  "t_02" : 0.59029269218444824,
  "t_13" : -0.1339133232831955,
  "cy" : 382.40972900390625,
  "fy" : 710.90313720703125,
  "t_22" : 0.80635225772857666,
  "t_11" : -0.029257547110319138,
  "t_00" : -0.04532197117805481,
  "t_20" : -0.012346290983259678,
  "angular_velocity" : 3.4028234663852886e+38,
  "t_03" : 4.5505127906799316,
  "center_depth" : 3.9183685779571533,
  "t_23" : 9.1944379806518555,
  "t_12" : -0.036749251186847687,
  "t_01" : 0.80591589212417603,
  "timestamp" : 6434347995,
  "blur_score" : 210.68017578125,
  "t_21" : -0.59130668640136719,
  "t_10" : -0.99889612197875977,
  "width" : 1024,
  "height" : 768,
  "manual_keyframe" : true,
  "cx" : 516.80389404296875,
  "fx" : 710.90313720703125
}