{
  "t_02" : 0.76633542776107788,
  "t_13" : -0.13562862575054169,
  "cy" : 382.39682006835938,
  "fy" : 710.67919921875,
  "t_22" : 0.6400795578956604,
  "t_11" : -0.024931741878390312,
  "t_00" : 0.026214662939310074,
  "t_20" : 0.054429445415735245,
  "angular_velocity" : 3.4028234663852886e+38,
  "t_03" : 5.1861972808837891,
  "center_depth" : 3.7379143238067627,
  "t_23" : 8.7842006683349609,
  "t_12" : 0.055028911679983139,
  "t_01" : 0.64190560579299927,
  "timestamp" : 6435681434,
  "blur_score" : 140.78901672363281,
  "t_21" : -0.76637816429138184,
  "t_10" : -0.99817341566085815,
  "width" : 1024,
  "height" : 768,
  "manual_keyframe" : true,
  "cx" : 516.76593017578125,
  "fx" : 710.67919921875
}