{
  "t_02" : 0.70656841993331909,
  "t_13" : -0.1141415536403656,
  "cy" : 382.48260498046875,
  "fy" : 710.895263671875,
  "t_22" : 0.707611083984375,
  "t_11" : -0.049232795834541321,
  "t_00" : -0.039698041975498199,
  "t_20" : 0.029922112822532654,
  "angular_velocity" : 3.4028234663852886e+38,
  "t_03" : 4.961367130279541,
  "center_depth" : 3.8909206390380859,
  "t_23" : 9.0640459060668945,
  "t_12" : -0.0068846778012812138,
  "t_01" : 0.70653021335601807,
  "timestamp" : 6435081386,
  "blur_score" : 147.9091796875,
  "t_21" : -0.70596814155578613,
  "t_10" : -0.99876350164413452,
  "width" : 1024,
  "height" : 768,
  "manual_keyframe" : true,
  "cx" : 516.8199462890625,
  "fx" : 710.895263671875
}