{
  "t_02" : 0.77994382381439209,
  "t_13" : -0.15617617964744568,
  "cy" : 382.6353759765625,
  "fy" : 711.492431640625,
  "t_22" : 0.59076148271560669,
  "t_11" : 0.0028389112558215857,
  "t_00" : 0.16645041108131409,
  "t_20" : 0.12243648618459702,
  "angular_velocity" : 3.4028234663852886e+38,
  "t_03" : 5.4314041137695312,
  "t_23" : 8.2269554138183594,
  "t_12" : 0.20661161839962006,
  "t_01" : 0.6033090353012085,
  "timestamp" : 6436514833,
  "blur_score" : 179.68269348144531,
  "t_21" : -0.79750239849090576,
  "t_10" : -0.97841888666152954,
  "width" : 1024,
  "height" : 768,
  "manual_keyframe" : true,
  "cx" : 516.8311767578125,
  "fx" : 711.492431640625
}