{
  "t_02" : 0.79513251781463623,
  "t_13" : -0.15532167255878448,
  "cy" : 382.53387451171875,
  "fy" : 711.87353515625,
  "t_22" : 0.53862631320953369,
  "t_11" : 0.04671797901391983,
  "t_00" : 0.25770968198776245,
  "t_20" : 0.11581873148679733,
  "angular_velocity" : 3.4028234663852886e+38,
  "t_03" : 5.5318942070007324,
  "center_depth" : 2.7269744873046875,
  "t_23" : 7.873176097869873,
  "t_12" : 0.27864974737167358,
  "t_01" : 0.5489533543586731,
  "timestamp" : 6436981536,
  "blur_score" : 123.57552337646484,
  "t_21" : -0.83454626798629761,
  "t_10" : -0.95925575494766235,
  "width" : 1024,
  "height" : 768,
  "manual_keyframe" : true,
  "cx" : 516.7923583984375,
  "fx" : 711.87353515625
}