{
  "t_02" : 0.76589709520339966,
  "t_13" : -0.16067734360694885,
  "cy" : 382.48696899414062,
  "fy" : 710.87139892578125,
  "t_22" : 0.62546223402023315,
  "t_11" : 0.0015591795090585947,
  "t_00" : 0.11639808863401413,
  "t_20" : 0.093019582331180573,
  "angular_velocity" : 3.4028234663852886e+38,
  "t_03" : 5.3017425537109375,
  "t_23" : 8.4578323364257812,
  "t_12" : 0.14899234473705292,
  "t_01" : 0.63233941793441772,
  "timestamp" : 6436181473,
  "blur_score" : 114.37973785400391,
  "t_21" : -0.77468997240066528,
  "t_10" : -0.98883712291717529,
  "width" : 1024,
  "height" : 768,
  "manual_keyframe" : true,
  "cx" : 516.83819580078125,
  "fx" : 710.87139892578125
}