{
  "t_02" : 0.82750111818313599,
  "t_13" : -0.13572412729263306,
  "cy" : 382.69497680664062,
  "fy" : 712.4659423828125,
  "t_22" : 0.44614121317863464,
  "t_11" : 0.055993754416704178,
  "t_00" : 0.32778343558311462,
  "t_20" : 0.10905598104000092,
  "angular_velocity" : 3.4028234663852886e+38,
  "t_03" : 5.6101832389831543,
  "t_23" : 7.4727964401245117,
  "t_12" : 0.34088101983070374,
  "t_01" : 0.45585072040557861,
  "timestamp" : 6437481576,
  "blur_score" : 174.24496459960938,
  "t_21" : -0.88829308748245239,
  "t_10" : -0.93843740224838257,
  "width" : 1024,
  "height" : 768,
  "manual_keyframe" : true,
  "cx" : 516.7183837890625,
  "fx" : 712.4659423828125
}