{
  "t_02" : 0.83884716033935547,
  "t_13" : -0.12103522568941116,
  "cy" : 382.74783325195312,
  "fy" : 712.442138671875,
  "t_22" : 0.40663745999336243,
  "t_11" : 0.052804421633481979,
  "t_00" : 0.3498522937297821,
  "t_20" : 0.10664471983909607,
  "angular_velocity" : 3.4028234663852886e+38,
  "t_03" : 5.6581392288208008,
  "center_depth" : 2.7495687007904053,
  "t_23" : 7.2724323272705078,
  "t_12" : 0.36191350221633911,
  "t_01" : 0.41705965995788574,
  "timestamp" : 6437748264,
  "blur_score" : 259.03787231445312,
  "t_21" : -0.90734380483627319,
  "t_10" : -0.93071490526199341,
  "width" : 1024,
  "height" : 768,
  "manual_keyframe" : true,
  "cx" : 516.5882568359375,
  "fx" : 712.442138671875
}