{
  "t_02" : 0.80533617734909058,
  "t_13" : -0.15117081999778748,
  "cy" : 382.51776123046875,
  "fy" : 711.9720458984375,
  "t_22" : 0.50621962547302246,
  "t_11" : 0.055995937436819077,
  "t_00" : 0.29206538200378418,
  "t_20" : 0.11405584961175919,
  "angular_velocity" : 3.4028234663852886e+38,
  "t_03" : 5.5509185791015625,
  "center_depth" : 2.6238198280334473,
  "t_23" : 7.7459425926208496,
  "t_12" : 0.30850505828857422,
  "t_01" : 0.51587933301925659,
  "timestamp" : 6437148216,
  "blur_score" : 183.45277404785156,
  "t_21" : -0.85482925176620483,
  "t_10" : -0.94957315921783447,
  "width" : 1024,
  "height" : 768,
  "manual_keyframe" : true,
  "cx" : 516.69464111328125,
  "fx" : 711.9720458984375
}