{
  "t_02" : 0.88495403528213501,
  "t_13" : -0.12115243077278137,
  "cy" : 382.51580810546875,
  "fy" : 712.492919921875,
  "t_22" : 0.25619536638259888,
  "t_11" : 0.046754267066717148,
  "t_00" : 0.38716328144073486,
  "t_20" : 0.05925186350941658,
  "angular_velocity" : 3.4028234663852886e+38,
  "t_03" : 5.5962915420532227,
  "t_23" : 6.9413418769836426,
  "t_12" : 0.38887044787406921,
  "t_01" : 0.25876802206039429,
  "timestamp" : 6438281640,
  "blur_score" : 221.97319030761719,
  "t_21" : -0.96480727195739746,
  "t_10" : -0.9201052188873291,
  "width" : 1024,
  "height" : 768,
  "manual_keyframe" : true,
  "cx" : 516.56207275390625,
  "fx" : 712.492919921875
}