{
  "t_02" : 0.90517818927764893,
  "t_13" : -0.099132820963859558,
  "cy" : 382.62466430664062,
  "fy" : 712.46429443359375,
  "t_22" : 0.1585538387298584,
  "t_11" : 0.034856513142585754,
  "t_00" : 0.39470234513282776,
  "t_20" : 0.030629387125372887,
  "angular_velocity" : 3.4028234663852886e+38,
  "t_03" : 5.4407968521118164,
  "t_23" : 6.667320728302002,
  "t_12" : 0.39435148239135742,
  "t_01" : 0.15767847001552582,
  "timestamp" : 6438748343,
  "blur_score" : 277.8394775390625,
  "t_21" : -0.98687505722045898,
  "t_10" : -0.91829836368560791,
  "width" : 1024,
  "height" : 768,
  "manual_keyframe" : true,
  "cx" : 516.585205078125,
  "fx" : 712.46429443359375
}