{
  "t_02" : 0.91087514162063599,
  "t_13" : -0.091600373387336731,
  "cy" : 382.75216674804688,
  "fy" : 712.46429443359375,
  "t_22" : 0.11730309575796127,
  "t_11" : 0.012003808282315731,
  "t_00" : 0.39405488967895508,
  "t_20" : 0.037568323314189911,
  "angular_velocity" : 3.4028234663852886e+38,
  "t_03" : 5.3809480667114258,
  "center_depth" : 2.6750383377075195,
  "t_23" : 6.458094596862793,
  "t_12" : 0.39565959572792053,
  "t_01" : 0.12258590012788773,
  "timestamp" : 6439115039,
  "blur_score" : 291.17501831054688,
  "t_21" : -0.99238532781600952,
  "t_10" : -0.91831874847412109,
  "width" : 1024,
  "height" : 768,
  "manual_keyframe" : true,
  "cx" : 516.445556640625,
  "fx" : 712.46429443359375
}