{
  "t_02" : 0.84400254487991333,
  "t_13" : -0.18939658999443054,
  "cy" : 382.720947265625,
  "fy" : 713.31402587890625,
  "t_22" : 0.15457159280776978,
  "t_11" : -0.010851512663066387,
  "t_00" : 0.50286179780960083,
  "t_20" : 0.10495190322399139,
  "angular_velocity" : 3.4028234663852886e+38,
  "t_03" : 5.3695206642150879,
  "t_23" : 6.7729144096374512,
  "t_12" : 0.51358258724212646,
  "t_01" : 0.18651950359344482,
  "timestamp" : 6440748502,
  "blur_score" : 184.96206665039062,
  "t_21" : -0.98239123821258545,
  "t_10" : -0.8579714298248291,
  "width" : 1024,
  "height" : 768,
  "manual_keyframe" : true,
  "cx" : 516.1142578125,
  "fx" : 713.31402587890625
}