{
  "t_02" : 0.82481980323791504,
  "t_13" : -0.22251461446285248,
  "cy" : 382.71444702148438,
  "fy" : 713.28863525390625,
  "t_22" : 0.18479578197002411,
  "t_11" : 0.01187880989164114,
  "t_00" : 0.52443814277648926,
  "t_20" : 0.1030953973531723,
  "angular_velocity" : 3.4028234663852886e+38,
  "t_03" : 5.6876397132873535,
  "t_23" : 6.8507461547851562,
  "t_12" : 0.53434330224990845,
  "t_01" : 0.21127478778362274,
  "timestamp" : 6441281877,
  "blur_score" : 286.57379150390625,
  "t_21" : -0.97735464572906494,
  "t_10" : -0.8451840877532959,
  "width" : 1024,
  "height" : 768,
  "manual_keyframe" : true,
  "cx" : 516.1058349609375,
  "fx" : 713.28863525390625
}