{
  "t_02" : 0.78204387426376343,
  "t_13" : -0.2281465083360672,
  "cy" : 382.60092163085938,
  "fy" : 713.3077392578125,
  "t_22" : 0.2734622061252594,
  "t_11" : 0.037537500262260437,
  "t_00" : 0.54304856061935425,
  "t_20" : 0.14189198613166809,
  "angular_velocity" : 3.4028234663852886e+38,
  "t_03" : 6.0084466934204102,
  "center_depth" : 1.8138878345489502,
  "t_23" : 7.0907979011535645,
  "t_12" : 0.56002312898635864,
  "t_01" : 0.30578723549842834,
  "timestamp" : 6442148612,
  "blur_score" : 356.84768676757812,
  "t_21" : -0.95135957002639771,
  "t_10" : -0.82762610912322998,
  "width" : 1024,
  "height" : 768,
  "manual_keyframe" : true,
  "cx" : 516.1497802734375,
  "fx" : 713.3077392578125
}