{
  "t_02" : 0.78632324934005737,
  "t_13" : -0.22921954095363617,
  "cy" : 382.49517822265625,
  "fy" : 713.30609130859375,
  "t_22" : 0.26060014963150024,
  "t_11" : 0.035911157727241516,
  "t_00" : 0.54486072063446045,
  "t_20" : 0.13490587472915649,
  "angular_velocity" : 3.4028234663852886e+38,
  "t_03" : 5.9804525375366211,
  "center_depth" : 1.8784744739532471,
  "t_23" : 7.0622363090515137,
  "t_12" : 0.56016349792480469,
  "t_01" : 0.29124283790588379,
  "timestamp" : 6442015269,
  "blur_score" : 315.1787109375,
  "t_21" : -0.9559747576713562,
  "t_10" : -0.82760316133499146,
  "width" : 1024,
  "height" : 768,
  "manual_keyframe" : true,
  "cx" : 516.12579345703125,
  "fx" : 713.30609130859375
}