{
  "t_02" : 0.82979661226272583,
  "t_13" : -0.15968212485313416,
  "cy" : 382.85302734375,
  "fy" : 712.92974853515625,
  "t_22" : 0.21948866546154022,
  "t_11" : -0.018227469176054001,
  "t_00" : 0.49048954248428345,
  "t_20" : 0.1517050713300705,
  "angular_velocity" : 3.4028234663852886e+38,
  "t_03" : 6.088503360748291,
  "center_depth" : 3.1135857105255127,
  "t_23" : 6.7422990798950195,
  "t_12" : 0.51309072971343994,
  "t_01" : 0.26619064807891846,
  "timestamp" : 6443515388,
  "blur_score" : 250.20835876464844,
  "t_21" : -0.96374785900115967,
  "t_10" : -0.85814064741134644,
  "width" : 1024,
  "height" : 768,
  "manual_keyframe" : true,
  "cx" : 516.13861083984375,
  "fx" : 712.92974853515625
}