{
  "t_02" : 0.90421628952026367,
  "t_13" : -0.083662852644920349,
  "cy" : 382.21759033203125,
  "fy" : 712.1292724609375,
  "t_22" : 0.14492140710353851,
  "t_11" : -0.052789207547903061,
  "t_00" : 0.38689005374908447,
  "t_20" : 0.1203891858458519,
  "angular_velocity" : 3.4028234663852886e+38,
  "t_03" : 5.8804435729980469,
  "t_23" : 6.4949522018432617,
  "t_12" : 0.40173465013504028,
  "t_01" : 0.18085646629333496,
  "timestamp" : 6444482132,
  "blur_score" : 258.84262084960938,
  "t_21" : -0.98209184408187866,
  "t_10" : -0.91423332691192627,
  "width" : 1024,
  "height" : 768,
  "manual_keyframe" : true,
  "cx" : 516.42578125,
  "fx" : 712.1292724609375
}