{
  "t_02" : 0.91115516424179077,
  "t_13" : -0.062662534415721893,
  "cy" : 382.2725830078125,
  "fy" : 711.8671875,
  "t_22" : -0.054083459079265594,
  "t_11" : -0.033113397657871246,
  "t_00" : 0.40966218709945679,
  "t_20" : 0.012025893665850163,
  "angular_velocity" : 3.4028234663852886e+38,
  "t_03" : 5.7833347320556641,
  "t_23" : 6.4680323600769043,
  "t_12" : 0.40849873423576355,
  "t_01" : -0.044420108199119568,
  "timestamp" : 6445115515,
  "blur_score" : 136.83151245117188,
  "t_21" : -0.99846392869949341,
  "t_10" : -0.91215807199478149,
  "width" : 1024,
  "height" : 768,
  "manual_keyframe" : true,
  "cx" : 516.2781982421875,
  "fx" : 711.8671875
}