{
  "t_02" : 0.74885839223861694,
  "t_13" : -0.090163782238960266,
  "cy" : 382.45147705078125,
  "fy" : 712.4786376953125,
  "t_22" : -0.46837678551673889,
  "t_11" : -0.029727200046181679,
  "t_00" : 0.41513714194297791,
  "t_20" : -0.21995262801647186,
  "angular_velocity" : 3.4028234663852886e+38,
  "t_03" : 5.87493896484375,
  "center_depth" : 2.0784077644348145,
  "t_23" : 6.4165554046630859,
  "t_12" : 0.46886488795280457,
  "t_01" : -0.51659673452377319,
  "timestamp" : 6445715563,
  "blur_score" : 130.3878173828125,
  "t_21" : -0.85571259260177612,
  "t_10" : -0.88276952505111694,
  "width" : 1024,
  "height" : 768,
  "manual_keyframe" : true,
  "cx" : 516.28778076171875,
  "fx" : 712.4786376953125
}