{
  "t_02" : 0.71537894010543823,
  "t_13" : -0.094813905656337738,
  "cy" : 382.4814453125,
  "fy" : 712.7200927734375,
  "t_22" : -0.5264514684677124,
  "t_11" : -0.036864500492811203,
  "t_00" : 0.39431846141815186,
  "t_20" : -0.23864977061748505,
  "angular_velocity" : 3.4028234663852886e+38,
  "t_03" : 5.9324336051940918,
  "center_depth" : 2.0937540531158447,
  "t_23" : 6.3967432975769043,
  "t_12" : 0.45943635702133179,
  "t_01" : -0.57684123516082764,
  "timestamp" : 6445882243,
  "blur_score" : 237.47975158691406,
  "t_21" : -0.81602394580841064,
  "t_10" : -0.88744533061981201,
  "width" : 1024,
  "height" : 768,
  "manual_keyframe" : true,
  "cx" : 516.270263671875,
  "fx" : 712.7200927734375
}