{
  "t_02" : 0.87275153398513794,
  "t_13" : -0.072950497269630432,
  "cy" : 382.3731689453125,
  "fy" : 712.1356201171875,
  "t_22" : -0.22472566366195679,
  "t_11" : -0.015710122883319855,
  "t_00" : 0.42395633459091187,
  "t_20" : -0.091164238750934601,
  "angular_velocity" : 3.4028234663852886e+38,
  "t_03" : 5.7990002632141113,
  "t_23" : 6.4514250755310059,
  "t_12" : 0.43336248397827148,
  "t_01" : -0.24200356006622314,
  "timestamp" : 6445348867,
  "blur_score" : 124.58450317382812,
  "t_21" : -0.97014820575714111,
  "t_10" : -0.90108275413513184,
  "width" : 1024,
  "height" : 768,
  "manual_keyframe" : true,
  "cx" : 516.28570556640625,
  "fx" : 712.1356201171875
}