{
  "t_02" : 0.69554829597473145,
  "t_13" : -0.10881035029888153,
  "cy" : 382.42080688476562,
  "fy" : 712.77880859375,
  "t_22" : -0.55192667245864868,
  "t_11" : -0.041135445237159729,
  "t_00" : 0.38873806595802307,
  "t_20" : -0.24932771921157837,
  "angular_velocity" : 3.4028234663852886e+38,
  "t_03" : 5.977384090423584,
  "center_depth" : 2.057300329208374,
  "t_23" : 6.3786153793334961,
  "t_12" : 0.45998853445053101,
  "t_01" : -0.60423117876052856,
  "timestamp" : 6446015587,
  "blur_score" : 253.620849609375,
  "t_21" : -0.79574650526046753,
  "t_10" : -0.88697147369384766,
  "width" : 1024,
  "height" : 768,
  "manual_keyframe" : true,
  "cx" : 516.27117919921875,
  "fx" : 712.77880859375
}