{
  "t_02" : 0.55672228336334229,
  "t_13" : -0.22381904721260071,
  "cy" : 382.2637939453125,
  "fy" : 713.3204345703125,
  "t_22" : -0.55514347553253174,
  "t_11" : -0.048198942095041275,
  "t_00" : 0.48004952073097229,
  "t_20" : -0.39211189746856689,
  "angular_velocity" : 3.4028234663852886e+38,
  "t_03" : 6.1217041015625,
  "center_depth" : 1.7468174695968628,
  "t_23" : 6.089057445526123,
  "t_12" : 0.61796116828918457,
  "t_01" : -0.67794746160507202,
  "timestamp" : 6447649051,
  "blur_score" : 468.02676391601562,
  "t_21" : -0.7335284948348999,
  "t_10" : -0.7847297191619873,
  "width" : 1024,
  "height" : 768,
  "manual_keyframe" : true,
  "cx" : 516.17523193359375,
  "fx" : 713.3204345703125
}