{
  "t_02" : 0.5676952600479126,
  "t_13" : -0.22183118760585785,
  "cy" : 382.31668090820312,
  "fy" : 713.2950439453125,
  "t_22" : -0.55910807847976685,
  "t_11" : -0.047480817884206772,
  "t_00" : 0.47156322002410889,
  "t_20" : -0.38079231977462769,
  "angular_velocity" : 3.4028234663852886e+38,
  "t_03" : 6.1207418441772461,
  "center_depth" : 1.6291333436965942,
  "t_23" : 6.094329833984375,
  "t_12" : 0.60425174236297607,
  "t_01" : -0.67479640245437622,
  "timestamp" : 6447482371,
  "blur_score" : 503.03533935546875,
  "t_21" : -0.73647493124008179,
  "t_10" : -0.79537755250930786,
  "width" : 1024,
  "height" : 768,
  "manual_keyframe" : true,
  "cx" : 516.17596435546875,
  "fx" : 713.2950439453125
}