{
  "t_02" : 0.61860889196395874,
  "t_13" : -0.24725718796253204,
  "cy" : 382.23846435546875,
  "fy" : 713.59356689453125,
  "t_22" : -0.44996532797813416,
  "t_11" : -0.055991724133491516,
  "t_00" : 0.56253236532211304,
  "t_20" : -0.31866389513015747,
  "angular_velocity" : 3.4028234663852886e+38,
  "t_03" : 6.1939764022827148,
  "t_23" : 6.239619255065918,
  "t_12" : 0.64409172534942627,
  "t_01" : -0.54852557182312012,
  "timestamp" : 6448549123,
  "blur_score" : 236.92390441894531,
  "t_21" : -0.83425694704055786,
  "t_10" : -0.76289623975753784,
  "width" : 1024,
  "height" : 768,
  "manual_keyframe" : true,
  "cx" : 515.849365234375,
  "fx" : 713.59356689453125
}