{
  "t_02" : 0.67440229654312134,
  "t_13" : -0.26252561807632446,
  "cy" : 382.35354614257812,
  "fy" : 713.5968017578125,
  "t_22" : -0.33359333872795105,
  "t_11" : -0.057419959455728531,
  "t_00" : 0.6225394606590271,
  "t_20" : -0.22279739379882812,
  "angular_velocity" : 3.4028234663852886e+38,
  "t_03" : 6.2110719680786133,
  "center_depth" : 1.6625851392745972,
  "t_23" : 6.2782950401306152,
  "t_12" : 0.65870857238769531,
  "t_01" : -0.39702156186103821,
  "timestamp" : 6448782475,
  "blur_score" : 233.21749877929688,
  "t_21" : -0.91601139307022095,
  "t_10" : -0.75020396709442139,
  "width" : 1024,
  "height" : 768,
  "manual_keyframe" : true,
  "cx" : 515.7620849609375,
  "fx" : 713.5968017578125
}