{
  "t_02" : 0.6933523416519165,
  "t_13" : -0.26879388093948364,
  "cy" : 382.40936279296875,
  "fy" : 713.6126708984375,
  "t_22" : -0.27540704607963562,
  "t_11" : -0.046716958284378052,
  "t_00" : 0.64076137542724609,
  "t_20" : -0.18713895976543427,
  "angular_velocity" : 3.4028234663852886e+38,
  "t_03" : 6.2073626518249512,
  "center_depth" : 1.6992977857589722,
  "t_23" : 6.2968273162841797,
  "t_12" : 0.66589301824569702,
  "t_01" : -0.32967796921730042,
  "timestamp" : 6448915819,
  "blur_score" : 257.54559326171875,
  "t_21" : -0.94293689727783203,
  "t_10" : -0.74458301067352295,
  "width" : 1024,
  "height" : 768,
  "manual_keyframe" : true,
  "cx" : 515.785888671875,
  "fx" : 713.6126708984375
}