{
  "t_02" : 0.74311721324920654,
  "t_13" : -0.21338196098804474,
  "cy" : 382.33651733398438,
  "fy" : 713.59515380859375,
  "t_22" : -0.14732171595096588,
  "t_11" : -0.028387954458594322,
  "t_00" : 0.64711880683898926,
  "t_20" : -0.090089023113250732,
  "angular_velocity" : 3.4028234663852886e+38,
  "t_03" : 6.0895709991455078,
  "t_23" : 6.5118088722229004,
  "t_12" : 0.65274256467819214,
  "t_01" : -0.17033451795578003,
  "timestamp" : 6449949235,
  "blur_score" : 215.72108459472656,
  "t_21" : -0.984977126121521,
  "t_10" : -0.75704759359359741,
  "width" : 1024,
  "height" : 768,
  "manual_keyframe" : true,
  "cx" : 515.73858642578125,
  "fx" : 713.59515380859375
}