{
  "t_02" : 0.85357099771499634,
  "t_13" : -0.069843292236328125,
  "cy" : 382.74392700195312,
  "fy" : 713.22198486328125,
  "t_22" : 0.017938518896698952,
  "t_11" : -0.025677647441625595,
  "t_00" : 0.51968514919281006,
  "t_20" : 0.041004236787557602,
  "angular_velocity" : 3.4028234663852886e+38,
  "t_03" : 5.770472526550293,
  "center_depth" : 1.9560093879699707,
  "t_23" : 6.5497913360595703,
  "t_12" : 0.5206674337387085,
  "t_01" : 0.036657828837633133,
  "timestamp" : 6450715963,
  "blur_score" : 228.07923889160156,
  "t_21" : -0.99899792671203613,
  "t_10" : -0.85337328910827637,
  "width" : 1024,
  "height" : 768,
  "manual_keyframe" : true,
  "cx" : 516.029541015625,
  "fx" : 713.22198486328125
}