{
  "t_02" : 0.83821696043014526,
  "t_13" : -0.082123391330242157,
  "cy" : 382.2696533203125,
  "fy" : 712.7073974609375,
  "t_22" : 0.12522591650485992,
  "t_11" : -0.039566807448863983,
  "t_00" : 0.5174681544303894,
  "t_20" : 0.12451101094484329,
  "angular_velocity" : 3.4028234663852886e+38,
  "t_03" : 5.4282984733581543,
  "t_23" : 6.608149528503418,
  "t_12" : 0.53076422214508057,
  "t_01" : 0.17210166156291962,
  "timestamp" : 6451449355,
  "blur_score" : 268.55532836914062,
  "t_21" : -0.98428428173065186,
  "t_10" : -0.8465954065322876,
  "width" : 1024,
  "height" : 768,
  "manual_keyframe" : true,
  "cx" : 516.150146484375,
  "fx" : 712.7073974609375
}