{
  "t_02" : 0.82201337814331055,
  "t_13" : -0.12801384925842285,
  "cy" : 382.20278930664062,
  "fy" : 712.98687744140625,
  "t_22" : 0.16844584047794342,
  "t_11" : -0.042741134762763977,
  "t_00" : 0.52199417352676392,
  "t_20" : 0.15896199643611908,
  "angular_velocity" : 3.4028234663852886e+38,
  "t_03" : 5.4311676025390625,
  "t_23" : 6.9007468223571777,
  "t_12" : 0.54398530721664429,
  "t_01" : 0.22763150930404663,
  "timestamp" : 6452416099,
  "blur_score" : 178.35688781738281,
  "t_21" : -0.972808837890625,
  "t_10" : -0.83800548315048218,
  "width" : 1024,
  "height" : 768,
  "manual_keyframe" : true,
  "cx" : 515.90008544921875,
  "fx" : 712.98687744140625
}