{
  "t_02" : 0.78362375497817993,
  "t_13" : -0.11345610767602921,
  "cy" : 382.37252807617188,
  "fy" : 713.5904541015625,
  "t_22" : 0.24562540650367737,
  "t_11" : -0.043115612119436264,
  "t_00" : 0.52803945541381836,
  "t_20" : 0.22053378820419312,
  "angular_velocity" : 3.4028234663852886e+38,
  "t_03" : 5.4819531440734863,
  "t_23" : 7.1854152679443359,
  "t_12" : 0.57061523199081421,
  "t_01" : 0.32727360725402832,
  "timestamp" : 6452982811,
  "blur_score" : 213.22744750976562,
  "t_21" : -0.94394528865814209,
  "t_10" : -0.82008475065231323,
  "width" : 1024,
  "height" : 768,
  "manual_keyframe" : true,
  "cx" : 516.225830078125,
  "fx" : 713.5904541015625
}