{
  "t_02" : 0.77678501605987549,
  "t_13" : -0.076244078576564789,
  "cy" : 382.30401611328125,
  "fy" : 713.6253662109375,
  "t_22" : 0.32670891284942627,
  "t_11" : -0.062269303947687149,
  "t_00" : 0.46627834439277649,
  "t_20" : 0.2762753963470459,
  "angular_velocity" : 3.4028234663852886e+38,
  "t_03" : 5.3707833290100098,
  "center_depth" : 1.7877721786499023,
  "t_23" : 7.4807648658752441,
  "t_12" : 0.53839206695556641,
  "t_01" : 0.42330759763717651,
  "timestamp" : 6453549523,
  "blur_score" : 244.00154113769531,
  "t_21" : -0.90384358167648315,
  "t_10" : -0.84039056301116943,
  "width" : 1024,
  "height" : 768,
  "manual_keyframe" : true,
  "cx" : 516.1773681640625,
  "fx" : 713.6253662109375
}