{
  "t_02" : 0.77609717845916748,
  "t_13" : -0.073818519711494446,
  "cy" : 382.2403564453125,
  "fy" : 713.3204345703125,
  "t_22" : 0.36293897032737732,
  "t_11" : -0.052610781043767929,
  "t_00" : 0.44025063514709473,
  "t_20" : 0.27367043495178223,
  "angular_velocity" : 3.4028234663852886e+38,
  "t_03" : 5.3426647186279297,
  "center_depth" : 1.8403991460800171,
  "t_23" : 7.5671772956848145,
  "t_12" : 0.51570165157318115,
  "t_01" : 0.45150002837181091,
  "timestamp" : 6453682867,
  "blur_score" : 187.18955993652344,
  "t_21" : -0.89071857929229736,
  "t_10" : -0.85515129566192627,
  "width" : 1024,
  "height" : 768,
  "manual_keyframe" : true,
  "cx" : 516.1136474609375,
  "fx" : 713.3204345703125
}