{
  "t_02" : 0.72064739465713501,
  "t_13" : -0.066131576895713806,
  "cy" : 382.3170166015625,
  "fy" : 712.50408935546875,
  "t_22" : 0.57854515314102173,
  "t_11" : -0.031651228666305542,
  "t_00" : 0.27629625797271729,
  "t_20" : 0.26573482155799866,
  "angular_velocity" : 3.4028234663852886e+38,
  "t_03" : 5.0432658195495605,
  "center_depth" : 2.2740445137023926,
  "t_23" : 8.0835647583007812,
  "t_12" : 0.38203766942024231,
  "t_01" : 0.63586759567260742,
  "timestamp" : 6454616275,
  "blur_score" : 261.79208374023438,
  "t_21" : -0.77114886045455933,
  "t_10" : -0.92360460758209229,
  "width" : 1024,
  "height" : 768,
  "manual_keyframe" : true,
  "cx" : 516.36126708984375,
  "fx" : 712.50408935546875
}