{
  "t_02" : 0.76078665256500244,
  "t_13" : -0.052574276924133301,
  "cy" : 382.30642700195312,
  "fy" : 712.99163818359375,
  "t_22" : 0.46665999293327332,
  "t_11" : -0.037142235785722733,
  "t_00" : 0.36237660050392151,
  "t_20" : 0.27109953761100769,
  "angular_velocity" : 3.4028234663852886e+38,
  "t_03" : 5.2374234199523926,
  "t_23" : 7.8188014030456543,
  "t_12" : 0.45103457570075989,
  "t_01" : 0.53841149806976318,
  "timestamp" : 6454149571,
  "blur_score" : 183.40216064453125,
  "t_21" : -0.84186315536499023,
  "t_10" : -0.89173328876495361,
  "width" : 1024,
  "height" : 768,
  "manual_keyframe" : true,
  "cx" : 516.17138671875,
  "fx" : 712.99163818359375
}