{
  "t_02" : 0.67392885684967041,
  "t_13" : -0.11198966950178146,
  "cy" : 382.21817016601562,
  "fy" : 712.48345947265625,
  "t_22" : 0.63924020528793335,
  "t_11" : -0.023155611008405685,
  "t_00" : 0.25149369239807129,
  "t_20" : 0.27290782332420349,
  "angular_velocity" : 3.4028234663852886e+38,
  "t_03" : 4.904334545135498,
  "t_23" : 8.3512125015258789,
  "t_12" : 0.37039375305175781,
  "t_01" : 0.69467294216156006,
  "timestamp" : 6454949636,
  "blur_score" : 182.0101318359375,
  "t_21" : -0.71895265579223633,
  "t_10" : -0.92858606576919556,
  "width" : 1024,
  "height" : 768,
  "manual_keyframe" : true,
  "cx" : 516.2982177734375,
  "fx" : 712.48345947265625
}