{
  "t_02" : 0.64267867803573608,
  "t_13" : -0.15394920110702515,
  "cy" : 382.411865234375,
  "fy" : 712.467529296875,
  "t_22" : 0.65246546268463135,
  "t_11" : -0.0324232317507267,
  "t_00" : 0.25639542937278748,
  "t_20" : 0.31075000762939453,
  "angular_velocity" : 3.4028234663852886e+38,
  "t_03" : 4.7399654388427734,
  "center_depth" : 2.2799499034881592,
  "t_23" : 8.6620464324951172,
  "t_12" : 0.40156307816505432,
  "t_01" : 0.72195947170257568,
  "timestamp" : 6455349668,
  "blur_score" : 175.16812133789062,
  "t_21" : -0.69117522239685059,
  "t_10" : -0.91525727510452271,
  "width" : 1024,
  "height" : 768,
  "manual_keyframe" : true,
  "cx" : 516.48956298828125,
  "fx" : 712.467529296875
}