{
  "t_02" : 0.61808973550796509,
  "t_13" : -0.16858883202075958,
  "cy" : 382.46783447265625,
  "fy" : 712.7470703125,
  "t_22" : 0.65645760297775269,
  "t_11" : -0.040722403675317764,
  "t_00" : 0.26327610015869141,
  "t_20" : 0.34550321102142334,
  "angular_velocity" : 3.4028234663852886e+38,
  "t_03" : 4.5472016334533691,
  "t_23" : 8.8965568542480469,
  "t_12" : 0.43246784806251526,
  "t_01" : 0.74070966243743896,
  "timestamp" : 6455716364,
  "blur_score" : 176.537353515625,
  "t_21" : -0.67058992385864258,
  "t_10" : -0.90072923898696899,
  "width" : 1024,
  "height" : 768,
  "manual_keyframe" : true,
  "cx" : 516.67376708984375,
  "fx" : 712.7470703125
}