{
  "t_02" : 0.61402022838592529,
  "t_13" : -0.16537784039974213,
  "cy" : 382.40310668945312,
  "fy" : 712.71533203125,
  "t_22" : 0.65796446800231934,
  "t_11" : -0.048452664166688919,
  "t_00" : 0.2576507031917572,
  "t_20" : 0.35500076413154602,
  "angular_velocity" : 3.4028234663852886e+38,
  "t_03" : 4.4160690307617188,
  "center_depth" : 2.0766522884368896,
  "t_23" : 9.0111303329467773,
  "t_12" : 0.43596073985099792,
  "t_01" : 0.74605304002761841,
  "timestamp" : 6455916380,
  "blur_score" : 157.71340942382812,
  "t_21" : -0.66412127017974854,
  "t_10" : -0.89866042137145996,
  "width" : 1024,
  "height" : 768,
  "manual_keyframe" : true,
  "cx" : 516.6417236328125,
  "fx" : 712.71533203125
}