{
  "t_02" : 0.60631394386291504,
  "t_13" : -0.1921847015619278,
  "cy" : 382.4140625,
  "fy" : 713.0059814453125,
  "t_22" : 0.65016216039657593,
  "t_11" : -0.059146109968423843,
  "t_00" : 0.26294630765914917,
  "t_20" : 0.37951275706291199,
  "angular_velocity" : 3.4028234663852886e+38,
  "t_03" : 4.1258602142333984,
  "center_depth" : 1.9476100206375122,
  "t_23" : 9.2293376922607422,
  "t_12" : 0.45789998769760132,
  "t_01" : 0.75049483776092529,
  "timestamp" : 6456383084,
  "blur_score" : 170.80937194824219,
  "t_21" : -0.65822422504425049,
  "t_10" : -0.88703399896621704,
  "width" : 1024,
  "height" : 768,
  "manual_keyframe" : true,
  "cx" : 516.40264892578125,
  "fx" : 713.0059814453125
}