{
  "t_02" : 0.50835984945297241,
  "t_13" : -0.23383772373199463,
  "cy" : 382.46908569335938,
  "fy" : 713.0869140625,
  "t_22" : 0.69156855344772339,
  "t_11" : -0.085483528673648834,
  "t_00" : 0.22215881943702698,
  "t_20" : 0.47037863731384277,
  "angular_velocity" : 3.4028234663852886e+38,
  "t_03" : 3.8103756904602051,
  "t_23" : 9.3347034454345703,
  "t_12" : 0.51313072443008423,
  "t_01" : 0.83199506998062134,
  "timestamp" : 6456849789,
  "blur_score" : 210.17913818359375,
  "t_21" : -0.54815769195556641,
  "t_10" : -0.85404300689697266,
  "width" : 1024,
  "height" : 768,
  "manual_keyframe" : true,
  "cx" : 516.44024658203125,
  "fx" : 713.0869140625
}