{
  "t_02" : 0.28184923529624939,
  "t_13" : -0.23396849632263184,
  "cy" : 382.24755859375,
  "fy" : 713.334716796875,
  "t_22" : 0.81086379289627075,
  "t_11" : -0.11334341019392014,
  "t_00" : 0.042207527905702591,
  "t_20" : 0.52357059717178345,
  "angular_velocity" : 3.4028234663852886e+38,
  "t_03" : 3.2345948219299316,
  "t_23" : 9.39788818359375,
  "t_12" : 0.51289457082748413,
  "t_01" : 0.95852982997894287,
  "timestamp" : 6457683189,
  "blur_score" : 249.42755126953125,
  "t_21" : -0.26148372888565063,
  "t_10" : -0.85093623399734497,
  "width" : 1024,
  "height" : 768,
  "manual_keyframe" : true,
  "cx" : 516.12982177734375,
  "fx" : 713.334716796875
}