{
  "t_02" : 0.2288697212934494,
  "t_13" : -0.24287575483322144,
  "cy" : 382.224853515625,
  "fy" : 713.29656982421875,
  "t_22" : 0.8226134181022644,
  "t_11" : -0.11565615236759186,
  "t_00" : 0.0077366260811686516,
  "t_20" : 0.53314340114593506,
  "angular_velocity" : 3.4028234663852886e+38,
  "t_03" : 3.1338369846343994,
  "center_depth" : 1.8960872888565063,
  "t_23" : 9.37786865234375,
  "t_12" : 0.52050495147705078,
  "t_01" : 0.9734262228012085,
  "timestamp" : 6457849869,
  "blur_score" : 259.32196044921875,
  "t_21" : -0.19764833152294159,
  "t_10" : -0.8459894061088562,
  "width" : 1024,
  "height" : 768,
  "manual_keyframe" : true,
  "cx" : 516.1700439453125,
  "fx" : 713.29656982421875
}