{
  "t_02" : 0.39975559711456299,
  "t_13" : -0.21560965478420258,
  "cy" : 382.28829956054688,
  "fy" : 713.2982177734375,
  "t_22" : 0.75333833694458008,
  "t_11" : -0.10623901337385178,
  "t_00" : 0.13282252848148346,
  "t_20" : 0.51606369018554688,
  "angular_velocity" : 3.4028234663852886e+38,
  "t_03" : 3.518059253692627,
  "center_depth" : 1.6658086776733398,
  "t_23" : 9.3763790130615234,
  "t_12" : 0.52218455076217651,
  "t_01" : 0.90694743394851685,
  "timestamp" : 6457249821,
  "blur_score" : 284.13339233398438,
  "t_21" : -0.40762683749198914,
  "t_10" : -0.84618937969207764,
  "width" : 1024,
  "height" : 768,
  "manual_keyframe" : true,
  "cx" : 516.4422607421875,
  "fx" : 713.2982177734375
}