{
  "t_02" : 0.12425948679447174,
  "t_13" : -0.26683139801025391,
  "cy" : 382.2025146484375,
  "fy" : 713.01708984375,
  "t_22" : 0.82931560277938843,
  "t_11" : -0.12257982790470123,
  "t_00" : -0.064703412353992462,
  "t_20" : 0.55464810132980347,
  "angular_velocity" : 3.4028234663852886e+38,
  "t_03" : 2.9023029804229736,
  "center_depth" : 2.101670503616333,
  "t_23" : 9.274993896484375,
  "t_12" : 0.54478907585144043,
  "t_01" : 0.99013787508010864,
  "timestamp" : 6458216565,
  "blur_score" : 330.70217895507812,
  "t_21" : -0.067831680178642273,
  "t_10" : -0.82956558465957642,
  "width" : 1024,
  "height" : 768,
  "manual_keyframe" : true,
  "cx" : 516.30078125,
  "fx" : 713.01708984375
}