{
  "t_02" : 0.0075728688389062881,
  "t_13" : -0.30023711919784546,
  "cy" : 382.2178955078125,
  "fy" : 713.31402587890625,
  "t_22" : 0.80380403995513916,
  "t_11" : -0.11059389263391495,
  "t_00" : -0.13202525675296783,
  "t_20" : 0.59045922756195068,
  "angular_velocity" : 3.4028234663852886e+38,
  "t_03" : 2.6113574504852295,
  "t_23" : 9.181065559387207,
  "t_12" : 0.59484601020812988,
  "t_01" : 0.99121743440628052,
  "timestamp" : 6458849949,
  "blur_score" : 380.51995849609375,
  "t_21" : 0.072505220770835876,
  "t_10" : -0.79619544744491577,
  "width" : 1024,
  "height" : 768,
  "manual_keyframe" : true,
  "cx" : 516.000732421875,
  "fx" : 713.31402587890625
}