{
  "t_02" : -0.081311099231243134,
  "t_13" : -0.42179915308952332,
  "cy" : 382.34078979492188,
  "fy" : 713.6094970703125,
  "t_22" : 0.76914572715759277,
  "t_11" : -0.077427029609680176,
  "t_00" : -0.16585882008075714,
  "t_20" : 0.61667567491531372,
  "angular_velocity" : 3.4028234663852886e+38,
  "t_03" : 2.5377810001373291,
  "center_depth" : 2.1562612056732178,
  "t_23" : 8.8488359451293945,
  "t_12" : 0.63387930393218994,
  "t_01" : 0.9827914834022522,
  "timestamp" : 6459716685,
  "blur_score" : 379.87957763671875,
  "t_21" : 0.167707160115242,
  "t_10" : -0.7695465087890625,
  "width" : 1024,
  "height" : 768,
  "manual_keyframe" : true,
  "cx" : 515.98223876953125,
  "fx" : 713.6094970703125
}