{
  "t_02" : -0.075167886912822723,
  "t_13" : -0.50421565771102905,
  "cy" : 382.30584716796875,
  "fy" : 713.98114013671875,
  "t_22" : 0.75062656402587891,
  "t_11" : -0.077242806553840637,
  "t_00" : -0.16694754362106323,
  "t_20" : 0.63953453302383423,
  "angular_velocity" : 3.4028234663852886e+38,
  "t_03" : 2.5851261615753174,
  "t_23" : 8.5545282363891602,
  "t_12" : 0.65643680095672607,
  "t_01" : 0.98309624195098877,
  "timestamp" : 6460283397,
  "blur_score" : 257.296630859375,
  "t_21" : 0.165997713804245,
  "t_10" : -0.7504158616065979,
  "width" : 1024,
  "height" : 768,
  "manual_keyframe" : true,
  "cx" : 515.87713623046875,
  "fx" : 713.98114013671875
}