{
  "t_02" : -0.081936739385128021,
  "t_13" : -0.44816190004348755,
  "cy" : 382.26809692382812,
  "fy" : 713.617431640625,
  "t_22" : 0.74169129133224487,
  "t_11" : -0.065205149352550507,
  "t_00" : -0.15967363119125366,
  "t_20" : 0.64956653118133545,
  "angular_velocity" : 3.4028234663852886e+38,
  "t_03" : 2.6447539329528809,
  "t_23" : 8.2629947662353516,
  "t_12" : 0.66571801900863647,
  "t_01" : 0.98376357555389404,
  "timestamp" : 6460883446,
  "blur_score" : 213.70252990722656,
  "t_21" : 0.16720519959926605,
  "t_10" : -0.74334895610809326,
  "width" : 1024,
  "height" : 768,
  "manual_keyframe" : true,
  "cx" : 515.87646484375,
  "fx" : 713.617431640625
}