{
  "t_02" : 0.094434164464473724,
  "t_13" : -0.19788847863674164,
  "cy" : 382.416015625,
  "fy" : 713.3299560546875,
  "t_22" : 0.92541313171386719,
  "t_11" : -0.0082665849477052689,
  "t_00" : 0.028415434062480927,
  "t_20" : 0.36599680781364441,
  "angular_velocity" : 3.4028234663852886e+38,
  "t_03" : 2.7858521938323975,
  "t_23" : 8.1347684860229492,
  "t_12" : 0.36700507998466492,
  "t_01" : 0.99512553215026855,
  "timestamp" : 6461750182,
  "blur_score" : 246.11178588867188,
  "t_21" : -0.09826958179473877,
  "t_10" : -0.93018221855163574,
  "width" : 1024,
  "height" : 768,
  "manual_keyframe" : true,
  "cx" : 515.7508544921875,
  "fx" : 713.3299560546875
}