{
  "t_02" : 0.13489505648612976,
  "t_13" : -0.22764894366264343,
  "cy" : 382.4036865234375,
  "fy" : 712.977294921875,
  "t_22" : 0.90260237455368042,
  "t_11" : -0.03877030685544014,
  "t_00" : 0.018353620544075966,
  "t_20" : 0.41021770238876343,
  "angular_velocity" : 3.4028234663852886e+38,
  "t_03" : 2.966055154800415,
  "t_23" : 8.4095878601074219,
  "t_12" : 0.40879365801811218,
  "t_01" : 0.99068987369537354,
  "timestamp" : 6463850351,
  "blur_score" : 348.05569458007812,
  "t_21" : -0.13050056993961334,
  "t_10" : -0.91180300712585449,
  "width" : 1024,
  "height" : 768,
  "manual_keyframe" : true,
  "cx" : 516.36541748046875,
  "fx" : 712.977294921875
}