{
  "t_02" : 0.21350011229515076,
  "t_13" : -0.23197118937969208,
  "cy" : 382.748291015625,
  "fy" : 712.6453857421875,
  "t_22" : 0.91678571701049805,
  "t_11" : -0.051004435867071152,
  "t_00" : 0.023669015616178513,
  "t_20" : 0.34053307771682739,
  "angular_velocity" : 3.4028234663852886e+38,
  "t_03" : 3.200462818145752,
  "t_23" : 8.9368228912353516,
  "t_12" : 0.33752262592315674,
  "t_01" : 0.97665619850158691,
  "timestamp" : 6464783759,
  "blur_score" : 193.81492614746094,
  "t_21" : -0.20866496860980988,
  "t_10" : -0.93993461132049561,
  "width" : 1024,
  "height" : 768,
  "manual_keyframe" : true,
  "cx" : 516.32513427734375,
  "fx" : 712.6453857421875
}