{
  "t_02" : 0.14417308568954468,
  "t_13" : -0.18310205638408661,
  "cy" : 382.46844482421875,
  "fy" : 712.74383544921875,
  "t_22" : 0.91317230463027954,
  "t_11" : -0.034895859658718109,
  "t_00" : 0.022124690935015678,
  "t_20" : 0.38217622041702271,
  "angular_velocity" : 3.4028234663852886e+38,
  "t_03" : 3.0102875232696533,
  "t_23" : 8.7268438339233398,
  "t_12" : 0.38122221827507019,
  "t_01" : 0.98930507898330688,
  "timestamp" : 6464383727,
  "blur_score" : 316.26275634765625,
  "t_21" : -0.1416250616312027,
  "t_10" : -0.92382460832595825,
  "width" : 1024,
  "height" : 768,
  "manual_keyframe" : true,
  "cx" : 516.489501953125,
  "fx" : 712.74383544921875
}