{
  "t_02" : 0.074044317007064819,
  "t_13" : -0.33303755521774292,
  "cy" : 382.50640869140625,
  "fy" : 714.660888671875,
  "t_22" : 0.83336299657821655,
  "t_11" : -0.10788468271493912,
  "t_00" : -0.080371655523777008,
  "t_20" : 0.55245202779769897,
  "angular_velocity" : 3.4028234663852886e+38,
  "t_03" : 3.7733404636383057,
  "center_depth" : 1.2981481552124023,
  "t_23" : 9.1502609252929688,
  "t_12" : 0.54774415493011475,
  "t_01" : 0.99401092529296875,
  "timestamp" : 6465517151,
  "blur_score" : 80.235115051269531,
  "t_21" : -0.017408560961484909,
  "t_10" : -0.82966095209121704,
  "width" : 1024,
  "height" : 768,
  "manual_keyframe" : true,
  "cx" : 516.61163330078125,
  "fx" : 714.660888671875
}