{
  "t_02" : 0.20951053500175476,
  "t_13" : -0.28555309772491455,
  "cy" : 382.74069213867188,
  "fy" : 712.5628662109375,
  "t_22" : 0.89649099111557007,
  "t_11" : -0.061462864279747009,
  "t_00" : 0.023634929209947586,
  "t_20" : 0.39449745416641235,
  "angular_velocity" : 3.4028234663852886e+38,
  "t_03" : 3.4354648590087891,
  "t_23" : 9.0655851364135742,
  "t_12" : 0.39039617776870728,
  "t_01" : 0.97752070426940918,
  "timestamp" : 6465117119,
  "blur_score" : 90.764656066894531,
  "t_21" : -0.20168189704418182,
  "t_10" : -0.91859304904937744,
  "width" : 1024,
  "height" : 768,
  "manual_keyframe" : true,
  "cx" : 516.46240234375,
  "fx" : 712.5628662109375
}