{
  "t_02" : -0.043155178427696228,
  "t_13" : -0.31866365671157837,
  "cy" : 382.26239013671875,
  "fy" : 715.4248046875,
  "t_22" : 0.80959779024124146,
  "t_11" : -0.089717403054237366,
  "t_00" : -0.14147192239761353,
  "t_20" : 0.57508611679077148,
  "angular_velocity" : 3.4028234663852886e+38,
  "t_03" : 4.0327787399291992,
  "t_23" : 9.2372760772705078,
  "t_12" : 0.58539646863937378,
  "t_01" : 0.98900121450424194,
  "timestamp" : 6465817176,
  "blur_score" : 221.32565307617188,
  "t_21" : 0.11759023368358612,
  "t_10" : -0.80576777458190918,
  "width" : 1024,
  "height" : 768,
  "manual_keyframe" : true,
  "cx" : 516.44415283203125,
  "fx" : 715.4248046875
}