{
  "t_02" : -0.087991803884506226,
  "t_13" : -0.3216436505317688,
  "cy" : 382.15048217773438,
  "fy" : 715.60748291015625,
  "t_22" : 0.8008265495300293,
  "t_11" : -0.0891757532954216,
  "t_00" : -0.17432974278926849,
  "t_20" : 0.57314562797546387,
  "angular_velocity" : 3.4028234663852886e+38,
  "t_03" : 4.1685771942138672,
  "t_23" : 9.3075122833251953,
  "t_12" : 0.59239709377288818,
  "t_01" : 0.98074793815612793,
  "timestamp" : 6465983856,
  "blur_score" : 209.17776489257812,
  "t_21" : 0.17372706532478333,
  "t_10" : -0.80069547891616821,
  "width" : 1024,
  "height" : 768,
  "manual_keyframe" : true,
  "cx" : 516.19158935546875,
  "fx" : 715.60748291015625
}