{
  "t_02" : 0.022591087967157364,
  "t_13" : -0.32762449979782104,
  "cy" : 382.41555786132812,
  "fy" : 715.221435546875,
  "t_22" : 0.81849372386932373,
  "t_11" : -0.10272621363401413,
  "t_00" : -0.10969724506139755,
  "t_20" : 0.57278001308441162,
  "angular_velocity" : 3.4028234663852886e+38,
  "t_03" : 3.8908655643463135,
  "center_depth" : 1.2451926469802856,
  "t_23" : 9.185603141784668,
  "t_12" : 0.57407116889953613,
  "t_01" : 0.99370825290679932,
  "timestamp" : 6465650496,
  "blur_score" : 196.00633239746094,
  "t_21" : 0.044622473418712616,
  "t_10" : -0.81233584880828857,
  "width" : 1024,
  "height" : 768,
  "manual_keyframe" : true,
  "cx" : 516.59576416015625,
  "fx" : 715.221435546875
}