{
  "t_02" : -0.12537172436714172,
  "t_13" : -0.30437898635864258,
  "cy" : 382.06692504882812,
  "fy" : 715.63916015625,
  "t_22" : 0.79684579372406006,
  "t_11" : -0.073489978909492493,
  "t_00" : -0.18147625029087067,
  "t_20" : 0.56726175546646118,
  "angular_velocity" : 3.4028234663852886e+38,
  "t_03" : 4.3201236724853516,
  "t_23" : 9.4082460403442383,
  "t_12" : 0.59103196859359741,
  "t_01" : 0.97537088394165039,
  "timestamp" : 6466217208,
  "blur_score" : 216.71971130371094,
  "t_21" : 0.20796856284141541,
  "t_10" : -0.80329346656799316,
  "width" : 1024,
  "height" : 768,
  "manual_keyframe" : true,
  "cx" : 515.88482666015625,
  "fx" : 715.63916015625
}