{
  "t_02" : -0.12313012033700943,
  "t_13" : -0.26022231578826904,
  "cy" : 382.27188110351562,
  "fy" : 715.9473876953125,
  "t_22" : 0.79048603773117065,
  "t_11" : 0.054297592490911484,
  "t_00" : -0.025067027658224106,
  "t_20" : 0.60190576314926147,
  "angular_velocity" : 3.4028234663852886e+38,
  "t_03" : 4.6869487762451172,
  "t_23" : 9.4502420425415039,
  "t_12" : 0.59997546672821045,
  "t_01" : 0.99207377433776855,
  "timestamp" : 6466783920,
  "blur_score" : 246.80158996582031,
  "t_21" : 0.11331880837678909,
  "t_10" : -0.79817348718643188,
  "width" : 1024,
  "height" : 768,
  "manual_keyframe" : true,
  "cx" : 516.16436767578125,
  "fx" : 715.9473876953125
}