{
  "t_02" : -0.14928631484508514,
  "t_13" : -0.27908715605735779,
  "cy" : 381.96249389648438,
  "fy" : 715.66619873046875,
  "t_22" : 0.77891343832015991,
  "t_11" : -0.0045599965378642082,
  "t_00" : -0.12029882520437241,
  "t_20" : 0.59712350368499756,
  "angular_velocity" : 3.4028234663852886e+38,
  "t_03" : 4.4762516021728516,
  "t_23" : 9.4608345031738281,
  "t_12" : 0.60910385847091675,
  "t_01" : 0.98144882917404175,
  "timestamp" : 6466483896,
  "blur_score" : 277.75082397460938,
  "t_21" : 0.19167006015777588,
  "t_10" : -0.79307734966278076,
  "width" : 1024,
  "height" : 768,
  "manual_keyframe" : true,
  "cx" : 516.0079345703125,
  "fx" : 715.66619873046875
}