{
  "t_02" : 0.18406368792057037,
  "t_13" : -0.21937119960784912,
  "cy" : 382.7996826171875,
  "fy" : 713.9334716796875,
  "t_22" : 0.82144284248352051,
  "t_11" : 0.10831550508737564,
  "t_00" : 0.24259668588638306,
  "t_20" : 0.49419757723808289,
  "angular_velocity" : 3.4028234663852886e+38,
  "t_03" : 5.3102049827575684,
  "t_23" : 9.2343435287475586,
  "t_12" : 0.53977042436599731,
  "t_01" : 0.95250582695007324,
  "timestamp" : 6467683993,
  "blur_score" : 277.064697265625,
  "t_21" : -0.28460556268692017,
  "t_10" : -0.83481466770172119,
  "width" : 1024,
  "height" : 768,
  "manual_keyframe" : true,
  "cx" : 516.1959228515625,
  "fx" : 713.9334716796875
}