{
  "t_02" : 0.057109251618385315,
  "t_13" : -0.23996216058731079,
  "cy" : 382.8570556640625,
  "fy" : 714.560791015625,
  "t_22" : 0.84234350919723511,
  "t_11" : 0.090615727007389069,
  "t_00" : 0.14312437176704407,
  "t_20" : 0.52433055639266968,
  "angular_velocity" : 3.4028234663852886e+38,
  "t_03" : 5.1297388076782227,
  "t_23" : 9.3381738662719727,
  "t_12" : 0.53590661287307739,
  "t_01" : 0.98805564641952515,
  "timestamp" : 6467383969,
  "blur_score" : 340.85205078125,
  "t_21" : -0.12463881820440292,
  "t_10" : -0.83940035104751587,
  "width" : 1024,
  "height" : 768,
  "manual_keyframe" : true,
  "cx" : 515.98773193359375,
  "fx" : 714.560791015625
}