{
  "t_02" : -0.02447952888906002,
  "t_13" : -0.24024799466133118,
  "cy" : 382.74490356445312,
  "fy" : 715.2913818359375,
  "t_22" : 0.82969832420349121,
  "t_11" : 0.085806146264076233,
  "t_00" : 0.086970090866088867,
  "t_20" : 0.5574946403503418,
  "angular_velocity" : 3.4028234663852886e+38,
  "t_03" : 4.9583868980407715,
  "center_depth" : 1.4526249170303345,
  "t_23" : 9.3892688751220703,
  "t_12" : 0.5576748251914978,
  "t_01" : 0.9959099292755127,
  "timestamp" : 6467150617,
  "blur_score" : 290.07962036132812,
  "t_21" : -0.028290443122386932,
  "t_10" : -0.82561242580413818,
  "width" : 1024,
  "height" : 768,
  "manual_keyframe" : true,
  "cx" : 516.13641357421875,
  "fx" : 715.2913818359375
}