{
  "t_02" : 0.29200223088264465,
  "t_13" : -0.22075460851192474,
  "cy" : 382.78628540039062,
  "fy" : 713.94464111328125,
  "t_22" : 0.77690935134887695,
  "t_11" : 0.12467268854379654,
  "t_00" : 0.33463087677955627,
  "t_20" : 0.46337029337882996,
  "angular_velocity" : 3.4028234663852886e+38,
  "t_03" : 5.5189447402954102,
  "center_depth" : 1.4819509983062744,
  "t_23" : 9.0274763107299805,
  "t_12" : 0.55780512094497681,
  "t_01" : 0.89596700668334961,
  "timestamp" : 6468117361,
  "blur_score" : 317.18307495117188,
  "t_21" : -0.42626267671585083,
  "t_10" : -0.82055485248565674,
  "width" : 1024,
  "height" : 768,
  "manual_keyframe" : true,
  "cx" : 516.22528076171875,
  "fx" : 713.94464111328125
}