{
  "t_02" : 0.45493724942207336,
  "t_13" : -0.17786723375320435,
  "cy" : 382.955078125,
  "fy" : 713.9556884765625,
  "t_22" : 0.69484513998031616,
  "t_11" : 0.10676819086074829,
  "t_00" : 0.41011485457420349,
  "t_20" : 0.39169824123382568,
  "angular_velocity" : 3.4028234663852886e+38,
  "t_03" : 5.8120856285095215,
  "t_23" : 8.5570459365844727,
  "t_12" : 0.55697590112686157,
  "t_01" : 0.79046684503555298,
  "timestamp" : 6468884090,
  "blur_score" : 274.01882934570312,
  "t_21" : -0.60312736034393311,
  "t_10" : -0.82363712787628174,
  "width" : 1024,
  "height" : 768,
  "manual_keyframe" : true,
  "cx" : 516.18212890625,
  "fx" : 713.9556884765625
}