{
  "t_02" : 0.36217620968818665,
  "t_13" : -0.21063254773616791,
  "cy" : 382.9993896484375,
  "fy" : 713.94140625,
  "t_22" : 0.73239487409591675,
  "t_11" : 0.11585374921560287,
  "t_00" : 0.38009548187255859,
  "t_20" : 0.44874903559684753,
  "angular_velocity" : 3.4028234663852886e+38,
  "t_03" : 5.7000870704650879,
  "t_23" : 8.7942285537719727,
  "t_12" : 0.57656407356262207,
  "t_01" : 0.85109096765518188,
  "timestamp" : 6468517393,
  "blur_score" : 287.94931030273438,
  "t_21" : -0.51207619905471802,
  "t_10" : -0.80879652500152588,
  "width" : 1024,
  "height" : 768,
  "manual_keyframe" : true,
  "cx" : 516.14251708984375,
  "fx" : 713.94140625
}