{
  "t_02" : 0.61118125915527344,
  "t_13" : -0.15440160036087036,
  "cy" : 383.05331420898438,
  "fy" : 713.57452392578125,
  "t_22" : 0.63067907094955444,
  "t_11" : 0.12429679185152054,
  "t_00" : 0.43109303712844849,
  "t_20" : 0.24147419631481171,
  "angular_velocity" : 3.4028234663852886e+38,
  "t_03" : 6.0136590003967285,
  "t_23" : 7.8109326362609863,
  "t_12" : 0.47822719812393188,
  "t_01" : 0.66378915309906006,
  "timestamp" : 6469817498,
  "blur_score" : 282.74099731445312,
  "t_21" : -0.73751884698867798,
  "t_10" : -0.86939573287963867,
  "width" : 1024,
  "height" : 768,
  "manual_keyframe" : true,
  "cx" : 516.14990234375,
  "fx" : 713.57452392578125
}