{
  "t_02" : 0.56511938571929932,
  "t_13" : -0.15762887895107269,
  "cy" : 382.89645385742188,
  "fy" : 713.6126708984375,
  "t_22" : 0.65242457389831543,
  "t_11" : 0.11862090975046158,
  "t_00" : 0.43134826421737671,
  "t_20" : 0.28808301687240601,
  "angular_velocity" : 3.4028234663852886e+38,
  "t_03" : 5.9233007431030273,
  "t_23" : 8.1310548782348633,
  "t_12" : 0.50495755672454834,
  "t_01" : 0.70326286554336548,
  "timestamp" : 6469450802,
  "blur_score" : 309.52798461914062,
  "t_21" : -0.70096385478973389,
  "t_10" : -0.85495436191558838,
  "width" : 1024,
  "height" : 768,
  "manual_keyframe" : true,
  "cx" : 516.181884765625,
  "fx" : 713.6126708984375
}