{
  "t_02" : 0.50826948881149292,
  "t_13" : -0.18180711567401886,
  "cy" : 382.88839721679688,
  "fy" : 713.976318359375,
  "t_22" : 0.67426460981369019,
  "t_11" : 0.10531815141439438,
  "t_00" : 0.41957589983940125,
  "t_20" : 0.34939539432525635,
  "angular_velocity" : 3.4028234663852886e+38,
  "t_03" : 5.8571252822875977,
  "center_depth" : 1.6095623970031738,
  "t_23" : 8.3858623504638672,
  "t_12" : 0.53575098514556885,
  "t_01" : 0.75207579135894775,
  "timestamp" : 6469117442,
  "blur_score" : 343.0189208984375,
  "t_21" : -0.65060734748840332,
  "t_10" : -0.83778202533721924,
  "width" : 1024,
  "height" : 768,
  "manual_keyframe" : true,
  "cx" : 516.0794677734375,
  "fx" : 713.976318359375
}