{
  "t_02" : 0.66485178470611572,
  "t_13" : -0.13273239135742188,
  "cy" : 383.01092529296875,
  "fy" : 713.31402587890625,
  "t_22" : 0.59704399108886719,
  "t_11" : 0.13032969832420349,
  "t_00" : 0.4278724193572998,
  "t_20" : 0.1882057785987854,
  "angular_velocity" : 3.4028234663852886e+38,
  "t_03" : 6.0572586059570312,
  "center_depth" : 2.7295348644256592,
  "t_23" : 7.594398021697998,
  "t_12" : 0.44889909029006958,
  "t_01" : 0.61228847503662109,
  "timestamp" : 6470084186,
  "blur_score" : 312.96371459960938,
  "t_21" : -0.77981859445571899,
  "t_10" : -0.88402706384658813,
  "width" : 1024,
  "height" : 768,
  "manual_keyframe" : true,
  "cx" : 516.2855224609375,
  "fx" : 713.31402587890625
}