{
  "t_02" : 0.7792898416519165,
  "t_13" : -0.15432070195674896,
  "cy" : 383.0245361328125,
  "fy" : 712.97894287109375,
  "t_22" : 0.46040850877761841,
  "t_11" : 0.20190888643264771,
  "t_00" : 0.47026312351226807,
  "t_20" : 0.018740424886345863,
  "angular_velocity" : 3.4028234663852886e+38,
  "t_03" : 5.9698987007141113,
  "t_23" : 6.9323954582214355,
  "t_12" : 0.42512515187263489,
  "t_01" : 0.41419798135757446,
  "timestamp" : 6470950923,
  "blur_score" : 398.74520874023438,
  "t_21" : -0.88750940561294556,
  "t_10" : -0.88232731819152832,
  "width" : 1024,
  "height" : 768,
  "manual_keyframe" : true,
  "cx" : 516.40850830078125,
  "fx" : 712.97894287109375
}