{
  "t_02" : 0.73293095827102661,
  "t_13" : -0.14340145885944366,
  "cy" : 382.84707641601562,
  "fy" : 712.9852294921875,
  "t_22" : 0.53375303745269775,
  "t_11" : 0.1655299961566925,
  "t_00" : 0.44271475076675415,
  "t_20" : 0.09655800461769104,
  "angular_velocity" : 3.4028234663852886e+38,
  "t_03" : 6.037196159362793,
  "t_23" : 7.2580900192260742,
  "t_12" : 0.42180514335632324,
  "t_01" : 0.51654195785522461,
  "timestamp" : 6470517554,
  "blur_score" : 509.97836303710938,
  "t_21" : -0.84010946750640869,
  "t_10" : -0.89144831895828247,
  "width" : 1024,
  "height" : 768,
  "manual_keyframe" : true,
  "cx" : 516.37274169921875,
  "fx" : 712.9852294921875
}