{
  "t_02" : 0.87998521327972412,
  "t_13" : -0.11563371866941452,
  "cy" : 383.30905151367188,
  "fy" : 712.99005126953125,
  "t_22" : 0.22813144326210022,
  "t_11" : 0.21745212376117706,
  "t_00" : 0.45161920785903931,
  "t_20" : -0.13002900779247284,
  "angular_velocity" : 3.4028234663852886e+38,
  "t_03" : 5.7287263870239258,
  "center_depth" : 3.2070026397705078,
  "t_23" : 6.4974460601806641,
  "t_12" : 0.41663172841072083,
  "t_01" : 0.14719395339488983,
  "timestamp" : 6471951003,
  "blur_score" : 314.58929443359375,
  "t_21" : -0.96490854024887085,
  "t_10" : -0.88268488645553589,
  "width" : 1024,
  "height" : 768,
  "manual_keyframe" : true,
  "cx" : 516.25787353515625,
  "fx" : 712.99005126953125
}