{
  "t_02" : 0.84585869312286377,
  "t_13" : -0.12984585762023926,
  "cy" : 383.10745239257812,
  "fy" : 713.33148193359375,
  "t_22" : 0.29395827651023865,
  "t_11" : 0.2337421327829361,
  "t_00" : 0.4915425181388855,
  "t_20" : -0.1055130735039711,
  "angular_velocity" : 3.4028234663852886e+38,
  "t_03" : 5.8170561790466309,
  "t_23" : 6.6336307525634766,
  "t_12" : 0.44509732723236084,
  "t_01" : 0.20714506506919861,
  "timestamp" : 6471550971,
  "blur_score" : 252.75190734863281,
  "t_21" : -0.94997668266296387,
  "t_10" : -0.86443793773651123,
  "width" : 1024,
  "height" : 768,
  "manual_keyframe" : true,
  "cx" : 516.38043212890625,
  "fx" : 713.33148193359375
}