{
  "t_02" : 0.86080777645111084,
  "t_13" : -0.12467873841524124,
  "cy" : 383.16110229492188,
  "fy" : 713.31878662109375,
  "t_22" : 0.26717314124107361,
  "t_11" : 0.23027633130550385,
  "t_00" : 0.475696861743927,
  "t_20" : -0.11986752599477768,
  "angular_velocity" : 3.4028234663852886e+38,
  "t_03" : 5.7735090255737305,
  "center_depth" : 3.2330341339111328,
  "t_23" : 6.5765361785888672,
  "t_12" : 0.43316105008125305,
  "t_01" : 0.18089368939399719,
  "timestamp" : 6471717651,
  "blur_score" : 246.82308959960938,
  "t_21" : -0.95616436004638672,
  "t_10" : -0.87140369415283203,
  "width" : 1024,
  "height" : 768,
  "manual_keyframe" : true,
  "cx" : 516.32708740234375,
  "fx" : 713.31878662109375
}