{
  "t_02" : 0.89745104312896729,
  "t_13" : -0.17098380625247955,
  "cy" : 383.05502319335938,
  "fy" : 712.99005126953125,
  "t_22" : 0.01338633056730032,
  "t_11" : 0.19321517646312714,
  "t_00" : 0.43373611569404602,
  "t_20" : -0.20882369577884674,
  "angular_velocity" : 3.4028234663852886e+38,
  "t_03" : 5.6346931457519531,
  "t_23" : 6.3903088569641113,
  "t_12" : 0.44091063737869263,
  "t_01" : -0.080339372158050537,
  "timestamp" : 6472851075,
  "blur_score" : 136.3402099609375,
  "t_21" : -0.97786164283752441,
  "t_10" : -0.87650752067565918,
  "width" : 1024,
  "height" : 768,
  "manual_keyframe" : true,
  "cx" : 516.2950439453125,
  "fx" : 712.99005126953125
}