{
  "t_02" : 0.85299336910247803,
  "t_13" : -0.19626961648464203,
  "cy" : 383.12371826171875,
  "fy" : 712.68511962890625,
  "t_22" : -0.20887628197669983,
  "t_11" : 0.15679411590099335,
  "t_00" : 0.41464585065841675,
  "t_20" : -0.28535252809524536,
  "angular_velocity" : 3.4028234663852886e+38,
  "t_03" : 5.6995453834533691,
  "t_23" : 6.4137473106384277,
  "t_12" : 0.478302001953125,
  "t_01" : -0.31697151064872742,
  "timestamp" : 6473151100,
  "blur_score" : 122.77109527587891,
  "t_21" : -0.93538457155227661,
  "t_10" : -0.86408483982086182,
  "width" : 1024,
  "height" : 768,
  "manual_keyframe" : true,
  "cx" : 516.24652099609375,
  "fx" : 712.68511962890625
}