{
  "t_02" : 0.74670648574829102,
  "t_13" : -0.19426968693733215,
  "cy" : 383.09112548828125,
  "fy" : 713.606201171875,
  "t_22" : -0.44144472479820251,
  "t_11" : 0.099366426467895508,
  "t_00" : 0.36718565225601196,
  "t_20" : -0.35014906525611877,
  "angular_velocity" : 3.4028234663852886e+38,
  "t_03" : 6.0449771881103516,
  "center_depth" : 1.7485530376434326,
  "t_23" : 6.322044849395752,
  "t_12" : 0.49755001068115234,
  "t_01" : -0.55462068319320679,
  "timestamp" : 6473984500,
  "blur_score" : 312.078857421875,
  "t_21" : -0.82614904642105103,
  "t_10" : -0.86172521114349365,
  "width" : 1024,
  "height" : 768,
  "manual_keyframe" : true,
  "cx" : 516.231201171875,
  "fx" : 713.606201171875
}