{
  "t_02" : 0.70527571439743042,
  "t_13" : -0.18884365260601044,
  "cy" : 383.06045532226562,
  "fy" : 712.9932861328125,
  "t_22" : -0.54465854167938232,
  "t_11" : 0.06369280070066452,
  "t_00" : 0.31455838680267334,
  "t_20" : -0.33323097229003906,
  "angular_velocity" : 3.4028234663852886e+38,
  "t_03" : 6.2652502059936523,
  "t_23" : 6.0648651123046875,
  "t_12" : 0.45379844307899475,
  "t_01" : -0.63532590866088867,
  "timestamp" : 6474784564,
  "blur_score" : 299.61285400390625,
  "t_21" : -0.76961290836334229,
  "t_10" : -0.88882505893707275,
  "width" : 1024,
  "height" : 768,
  "manual_keyframe" : true,
  "cx" : 516.2149658203125,
  "fx" : 712.9932861328125
}