{
  "t_02" : 0.58958572149276733,
  "t_13" : -0.28745549917221069,
  "cy" : 382.88037109375,
  "fy" : 712.1737060546875,
  "t_22" : -0.6623842716217041,
  "t_11" : -0.053224321454763412,
  "t_00" : 0.35158547759056091,
  "t_20" : -0.30472305417060852,
  "angular_velocity" : 3.4028234663852886e+38,
  "t_03" : 6.3380260467529297,
  "t_23" : 5.8389248847961426,
  "t_12" : 0.4622073769569397,
  "t_01" : -0.72716993093490601,
  "timestamp" : 6476951406,
  "blur_score" : 390.64373779296875,
  "t_21" : -0.6843908429145813,
  "t_10" : -0.88517314195632935,
  "width" : 1024,
  "height" : 768,
  "manual_keyframe" : true,
  "cx" : 516.51727294921875,
  "fx" : 712.1737060546875
}