{
  "t_02" : 0.45329245924949646,
  "t_13" : -0.26086488366127014,
  "cy" : 382.46197509765625,
  "fy" : 712.423095703125,
  "t_22" : -0.76312178373336792,
  "t_11" : -0.017977917566895485,
  "t_00" : 0.25260272622108459,
  "t_20" : -0.38559812307357788,
  "angular_velocity" : 3.4028234663852886e+38,
  "t_03" : 6.1309700012207031,
  "center_depth" : 1.7674740552902222,
  "t_23" : 5.7497048377990723,
  "t_12" : 0.46061998605728149,
  "t_01" : -0.8548201322555542,
  "timestamp" : 6477384775,
  "blur_score" : 302.886474609375,
  "t_21" : -0.5186125636100769,
  "t_10" : -0.88741523027420044,
  "width" : 1024,
  "height" : 768,
  "manual_keyframe" : true,
  "cx" : 516.46533203125,
  "fx" : 712.423095703125
}