{
  "t_02" : 0.29799187183380127,
  "t_13" : -0.21402473747730255,
  "cy" : 382.353759765625,
  "fy" : 712.41668701171875,
  "t_22" : -0.82386988401412964,
  "t_11" : -0.043955963104963303,
  "t_00" : 0.21095862984657288,
  "t_20" : -0.43573832511901855,
  "angular_velocity" : 3.4028234663852886e+38,
  "t_03" : 5.8442778587341309,
  "center_depth" : 1.8210272789001465,
  "t_23" : 5.7855725288391113,
  "t_12" : 0.48211956024169922,
  "t_01" : -0.9309658408164978,
  "timestamp" : 6477984823,
  "blur_score" : 457.63119506835938,
  "t_21" : -0.36245071887969971,
  "t_10" : -0.87500208616256714,
  "width" : 1024,
  "height" : 768,
  "manual_keyframe" : true,
  "cx" : 516.4576416015625,
  "fx" : 712.41668701171875
}