{
  "t_02" : 0.22406245768070221,
  "t_13" : -0.03688613697886467,
  "cy" : 382.38067626953125,
  "fy" : 712.699462890625,
  "t_22" : -0.79113715887069702,
  "t_11" : -0.016745408996939659,
  "t_00" : 0.17464645206928253,
  "t_20" : -0.5419197678565979,
  "angular_velocity" : 3.4028234663852886e+38,
  "t_03" : 5.5639195442199707,
  "t_23" : 5.8425455093383789,
  "t_12" : 0.56912034749984741,
  "t_01" : -0.95879858732223511,
  "timestamp" : 6478551536,
  "blur_score" : 325.85794067382812,
  "t_21" : -0.28359287977218628,
  "t_10" : -0.82208371162414551,
  "width" : 1024,
  "height" : 768,
  "manual_keyframe" : true,
  "cx" : 516.43170166015625,
  "fx" : 712.699462890625
}