{
  "t_02" : 0.24188922345638275,
  "t_13" : 0.19862745702266693,
  "cy" : 382.70562744140625,
  "fy" : 712.70574951171875,
  "t_22" : -0.78446334600448608,
  "t_11" : -0.0033465130254626274,
  "t_00" : 0.1721620112657547,
  "t_20" : -0.54449838399887085,
  "angular_velocity" : 3.4028234663852886e+38,
  "t_03" : 5.3559775352478027,
  "t_23" : 5.8937797546386719,
  "t_12" : 0.57105767726898193,
  "t_01" : -0.95490831136703491,
  "timestamp" : 6479751633,
  "blur_score" : 244.78646850585938,
  "t_21" : -0.2968820333480835,
  "t_10" : -0.82090312242507935,
  "width" : 1024,
  "height" : 768,
  "manual_keyframe" : true,
  "cx" : 515.9169921875,
  "fx" : 712.70574951171875
}