{
  "t_02" : 0.53174716234207153,
  "t_13" : 0.20697514712810516,
  "cy" : 382.5263671875,
  "fy" : 712.399169921875,
  "t_22" : -0.63420397043228149,
  "t_11" : 0.046854235231876373,
  "t_00" : 0.31665647029876709,
  "t_20" : -0.46578344702720642,
  "angular_velocity" : 3.4028234663852886e+38,
  "t_03" : 5.1896100044250488,
  "center_depth" : 2.2469639778137207,
  "t_23" : 5.7350211143493652,
  "t_12" : 0.56127548217773438,
  "t_01" : -0.7854766845703125,
  "timestamp" : 6480885058,
  "blur_score" : 217.47128295898438,
  "t_21" : -0.61711513996124268,
  "t_10" : -0.8263016939163208,
  "width" : 1024,
  "height" : 768,
  "manual_keyframe" : true,
  "cx" : 515.9755859375,
  "fx" : 712.399169921875
}