{
  "t_02" : 0.39529895782470703,
  "t_13" : -0.012873969972133636,
  "cy" : 382.603759765625,
  "fy" : 712.70098876953125,
  "t_22" : -0.82929021120071411,
  "t_11" : -0.022221731022000313,
  "t_00" : 0.19174401462078094,
  "t_20" : -0.34604120254516602,
  "angular_velocity" : 3.4028234663852886e+38,
  "t_03" : 5.4120831489562988,
  "t_23" : 5.6903162002563477,
  "t_12" : 0.39498919248580933,
  "t_01" : -0.89831674098968506,
  "timestamp" : 6481785132,
  "blur_score" : 161.5726318359375,
  "t_21" : -0.43878605961799622,
  "t_10" : -0.91841697692871094,
  "width" : 1024,
  "height" : 768,
  "manual_keyframe" : true,
  "cx" : 516.298095703125,
  "fx" : 712.70098876953125
}