{
  "t_02" : 0.2934509813785553,
  "t_13" : -0.071021050214767456,
  "cy" : 382.37039184570312,
  "fy" : 712.3214111328125,
  "t_22" : -0.91545248031616211,
  "t_11" : -0.010212132707238197,
  "t_00" : 0.094171211123466492,
  "t_20" : -0.25897729396820068,
  "angular_velocity" : 3.4028234663852886e+38,
  "t_03" : 5.6095943450927734,
  "center_depth" : 4.4873056411743164,
  "t_23" : 5.6459174156188965,
  "t_12" : 0.27537819743156433,
  "t_01" : -0.95132434368133545,
  "timestamp" : 6482318508,
  "blur_score" : 194.0377197265625,
  "t_21" : -0.30802175402641296,
  "t_10" : -0.96128165721893311,
  "width" : 1024,
  "height" : 768,
  "manual_keyframe" : true,
  "cx" : 516.60333251953125,
  "fx" : 712.3214111328125
}