{
  "t_02" : 0.30917510390281677,
  "t_13" : -0.057181902229785919,
  "cy" : 382.49545288085938,
  "fy" : 712.42938232421875,
  "t_22" : -0.90042716264724731,
  "t_11" : -0.021172504872083664,
  "t_00" : 0.12038716673851013,
  "t_20" : -0.28212928771972656,
  "angular_velocity" : 3.4028234663852886e+38,
  "t_03" : 5.533172607421875,
  "center_depth" : 3.8079378604888916,
  "t_23" : 5.6643385887145996,
  "t_12" : 0.30600932240486145,
  "t_01" : -0.94335442781448364,
  "timestamp" : 6482151828,
  "blur_score" : 161.95008850097656,
  "t_21" : -0.33111032843589783,
  "t_10" : -0.95179307460784912,
  "width" : 1024,
  "height" : 768,
  "manual_keyframe" : true,
  "cx" : 516.5494384765625,
  "fx" : 712.42938232421875
}