{
  "t_02" : 0.10619009286165237,
  "t_13" : -0.19335794448852539,
  "cy" : 382.57022094726562,
  "fy" : 710.920654296875,
  "t_22" : -0.97866010665893555,
  "t_11" : -0.055281978100538254,
  "t_00" : 0.074777089059352875,
  "t_20" : -0.16855977475643158,
  "angular_velocity" : 3.4028234663852886e+38,
  "t_03" : 5.9411616325378418,
  "t_23" : 6.0933656692504883,
  "t_12" : 0.17592015862464905,
  "t_01" : -0.99153000116348267,
  "timestamp" : 6483718622,
  "blur_score" : 305.01931762695312,
  "t_21" : -0.11752382665872574,
  "t_10" : -0.98285084962844849,
  "width" : 1024,
  "height" : 768,
  "manual_keyframe" : true,
  "cx" : 516.9725341796875,
  "fx" : 710.920654296875
}