{
  "t_02" : 0.16785445809364319,
  "t_13" : -0.15515631437301636,
  "cy" : 382.56027221679688,
  "fy" : 710.8887939453125,
  "t_22" : -0.97646260261535645,
  "t_11" : -0.016149565577507019,
  "t_00" : 0.039007887244224548,
  "t_20" : -0.13070951402187347,
  "angular_velocity" : 3.4028234663852886e+38,
  "t_03" : 5.929041862487793,
  "t_23" : 5.689720630645752,
  "t_12" : 0.13544660806655884,
  "t_01" : -0.98503977060317993,
  "timestamp" : 6483085237,
  "blur_score" : 131.68084716796875,
  "t_21" : -0.17156901955604553,
  "t_10" : -0.99065303802490234,
  "width" : 1024,
  "height" : 768,
  "manual_keyframe" : true,
  "cx" : 516.77685546875,
  "fx" : 710.8887939453125
}