{
  "t_02" : 0.12200802564620972,
  "t_13" : -0.1792738288640976,
  "cy" : 382.69912719726562,
  "fy" : 710.9222412109375,
  "t_22" : -0.98148000240325928,
  "t_11" : -0.031171943992376328,
  "t_00" : 0.049486339092254639,
  "t_20" : -0.14259643852710724,
  "angular_velocity" : 3.4028234663852886e+38,
  "t_03" : 5.9473285675048828,
  "center_depth" : 5.2858214378356934,
  "t_23" : 5.7918715476989746,
  "t_12" : 0.14768531918525696,
  "t_01" : -0.9912947416305542,
  "timestamp" : 6483285254,
  "blur_score" : 228.3594970703125,
  "t_21" : -0.12791860103607178,
  "t_10" : -0.98854309320449829,
  "width" : 1024,
  "height" : 768,
  "manual_keyframe" : true,
  "cx" : 516.86358642578125,
  "fx" : 710.9222412109375
}