{
  "t_02" : 0.26997435092926025,
  "t_13" : -0.21116214990615845,
  "cy" : 382.4794921875,
  "fy" : 710.90631103515625,
  "t_22" : -0.94283592700958252,
  "t_11" : -0.028418209403753281,
  "t_00" : 0.081619426608085632,
  "t_20" : -0.17977823317050934,
  "angular_velocity" : 3.4028234663852886e+38,
  "t_03" : 5.9394841194152832,
  "center_depth" : 4.6006379127502441,
  "t_23" : 6.893129825592041,
  "t_12" : 0.19538256525993347,
  "t_01" : -0.95940196514129639,
  "timestamp" : 6484718703,
  "blur_score" : 300.06964111328125,
  "t_21" : -0.28060701489448547,
  "t_10" : -0.98031526803970337,
  "width" : 1024,
  "height" : 768,
  "manual_keyframe" : true,
  "cx" : 516.6561279296875,
  "fx" : 710.90631103515625
}