{
  "t_02" : 0.22846965491771698,
  "t_13" : -0.20253965258598328,
  "cy" : 382.3504638671875,
  "fy" : 711.190673828125,
  "t_22" : -0.95444351434707642,
  "t_11" : -0.034625932574272156,
  "t_00" : 0.078966900706291199,
  "t_20" : -0.17833225429058075,
  "angular_velocity" : 3.4028234663852886e+38,
  "t_03" : 5.9697847366333008,
  "t_23" : 6.7070455551147461,
  "t_12" : 0.19193542003631592,
  "t_01" : -0.97034317255020142,
  "timestamp" : 6484518687,
  "blur_score" : 287.68276977539062,
  "t_21" : -0.23923879861831665,
  "t_10" : -0.98079657554626465,
  "width" : 1024,
  "height" : 768,
  "manual_keyframe" : true,
  "cx" : 516.75628662109375,
  "fx" : 711.190673828125
}