{
  "t_02" : 0.14278332889080048,
  "t_13" : -0.19373634457588196,
  "cy" : 382.25668334960938,
  "fy" : 710.91900634765625,
  "t_22" : -0.97072303295135498,
  "t_11" : -0.051555730402469635,
  "t_00" : 0.080055989325046539,
  "t_20" : -0.18318988382816315,
  "angular_velocity" : 3.4028234663852886e+38,
  "t_03" : 5.975496768951416,
  "t_23" : 6.406682014465332,
  "t_12" : 0.1931566596031189,
  "t_01" : -0.98651093244552612,
  "timestamp" : 6484151991,
  "blur_score" : 325.86700439453125,
  "t_21" : -0.1553642600774765,
  "t_10" : -0.9798123836517334,
  "width" : 1024,
  "height" : 768,
  "manual_keyframe" : true,
  "cx" : 516.7996826171875,
  "fx" : 710.91900634765625
}