{
  "t_02" : 0.35747542977333069,
  "t_13" : -0.17881806194782257,
  "cy" : 382.37289428710938,
  "fy" : 710.923828125,
  "t_22" : -0.91358751058578491,
  "t_11" : -0.047484368085861206,
  "t_00" : 0.1156197190284729,
  "t_20" : -0.16265274584293365,
  "angular_velocity" : 3.4028234663852886e+38,
  "t_03" : 5.7692337036132812,
  "t_23" : 7.7943549156188965,
  "t_12" : 0.19382742047309875,
  "t_01" : -0.92673802375793457,
  "timestamp" : 6485652113,
  "blur_score" : 275.77261352539062,
  "t_21" : -0.37269538640975952,
  "t_10" : -0.9798857569694519,
  "width" : 1024,
  "height" : 768,
  "manual_keyframe" : true,
  "cx" : 516.80810546875,
  "fx" : 710.923828125
}