{
  "t_02" : 0.2853027880191803,
  "t_13" : -0.1939513087272644,
  "cy" : 382.55963134765625,
  "fy" : 710.920654296875,
  "t_22" : -0.93844026327133179,
  "t_11" : -0.033699348568916321,
  "t_00" : 0.089489273726940155,
  "t_20" : -0.17623728513717651,
  "angular_velocity" : 3.4028234663852886e+38,
  "t_03" : 5.864600658416748,
  "t_23" : 7.213165283203125,
  "t_12" : 0.19476206600666046,
  "t_01" : -0.95425057411193848,
  "timestamp" : 6485052064,
  "blur_score" : 382.94461059570312,
  "t_21" : -0.29710325598716736,
  "t_10" : -0.98027139902114868,
  "width" : 1024,
  "height" : 768,
  "manual_keyframe" : true,
  "cx" : 516.85406494140625,
  "fx" : 710.920654296875
}