{
  "t_02" : 0.30268314480781555,
  "t_13" : -0.20058999955654144,
  "cy" : 382.41165161132812,
  "fy" : 710.920654296875,
  "t_22" : -0.93188315629959106,
  "t_11" : -0.044315695762634277,
  "t_00" : 0.10471977293491364,
  "t_20" : -0.17599555850028992,
  "angular_velocity" : 3.4028234663852886e+38,
  "t_03" : 5.8277568817138672,
  "t_23" : 7.4842033386230469,
  "t_12" : 0.19994193315505981,
  "t_01" : -0.94732075929641724,
  "timestamp" : 6485318752,
  "blur_score" : 284.35604858398438,
  "t_21" : -0.31720566749572754,
  "t_10" : -0.9788050651550293,
  "width" : 1024,
  "height" : 768,
  "manual_keyframe" : true,
  "cx" : 516.7301025390625,
  "fx" : 710.920654296875
}