{
  "t_02" : 0.46051272749900818,
  "t_13" : -0.068691745400428772,
  "cy" : 382.26535034179688,
  "fy" : 710.6173095703125,
  "t_22" : -0.87483352422714233,
  "t_11" : -0.01414007879793644,
  "t_00" : -0.057353641837835312,
  "t_20" : 0.13965949416160583,
  "angular_velocity" : 3.4028234663852886e+38,
  "t_03" : 5.6196794509887695,
  "t_23" : 8.4327421188354492,
  "t_12" : -0.15031388401985168,
  "t_01" : -0.88579833507537842,
  "timestamp" : 6486485514,
  "blur_score" : 87.103057861328125,
  "t_21" : -0.46385499835014343,
  "t_10" : -0.9885372519493103,
  "width" : 1024,
  "height" : 768,
  "manual_keyframe" : true,
  "cx" : 516.7939453125,
  "fx" : 710.6173095703125
}