{
  "t_02" : 0.43261390924453735,
  "t_13" : -0.12147290259599686,
  "cy" : 382.42605590820312,
  "fy" : 710.612548828125,
  "t_22" : -0.8979724645614624,
  "t_11" : -0.062890559434890747,
  "t_00" : 0.091740399599075317,
  "t_20" : -0.045051231980323792,
  "angular_velocity" : 3.4028234663852886e+38,
  "t_03" : 5.6741786003112793,
  "center_depth" : 4.4328322410583496,
  "t_23" : 8.1357831954956055,
  "t_12" : 0.080564811825752258,
  "t_01" : -0.89689964056015015,
  "timestamp" : 6486052145,
  "blur_score" : 162.45634460449219,
  "t_21" : -0.43773946166038513,
  "t_10" : -0.99476337432861328,
  "width" : 1024,
  "height" : 768,
  "manual_keyframe" : true,
  "cx" : 516.8773193359375,
  "fx" : 710.612548828125
}