{
  "t_02" : 0.46723693609237671,
  "t_13" : -0.022875765338540077,
  "cy" : 382.307373046875,
  "fy" : 711.3446044921875,
  "t_22" : -0.83110076189041138,
  "t_11" : 0.0038332028780132532,
  "t_00" : -0.15130312740802765,
  "t_20" : 0.2609274685382843,
  "angular_velocity" : 3.4028234663852886e+38,
  "t_03" : 5.5995116233825684,
  "center_depth" : 4.045811653137207,
  "t_23" : 8.5555038452148438,
  "t_12" : -0.30159753561019897,
  "t_01" : -0.87108951807022095,
  "timestamp" : 6486718866,
  "blur_score" : 95.938446044921875,
  "t_21" : -0.49110925197601318,
  "t_10" : -0.95342761278152466,
  "width" : 1024,
  "height" : 768,
  "manual_keyframe" : true,
  "cx" : 516.83807373046875,
  "fx" : 711.3446044921875
}