{
  "t_02" : 0.45282828807830811,
  "t_13" : 0.10361842811107635,
  "cy" : 382.59353637695312,
  "fy" : 712.998046875,
  "t_22" : -0.61464536190032959,
  "t_11" : 0.093307770788669586,
  "t_00" : -0.47862347960472107,
  "t_20" : 0.44360291957855225,
  "angular_velocity" : 3.4028234663852886e+38,
  "t_03" : 5.6138648986816406,
  "center_depth" : 1.7204078435897827,
  "t_23" : 8.6210956573486328,
  "t_12" : -0.64587730169296265,
  "t_01" : -0.75224071741104126,
  "timestamp" : 6487852291,
  "blur_score" : 76.497314453125,
  "t_21" : -0.65224802494049072,
  "t_10" : -0.75771766901016235,
  "width" : 1024,
  "height" : 768,
  "manual_keyframe" : true,
  "cx" : 516.3216552734375,
  "fx" : 712.998046875
}