{
  "t_02" : 0.64966064691543579,
  "t_13" : 0.11208164691925049,
  "cy" : 382.78652954101562,
  "fy" : 714.824462890625,
  "t_22" : -0.21237722039222717,
  "t_11" : 0.074136912822723389,
  "t_00" : -0.72343409061431885,
  "t_20" : 0.12237770855426788,
  "angular_velocity" : 3.4028234663852886e+38,
  "t_03" : 5.7502493858337402,
  "center_depth" : 1.5324653387069702,
  "t_23" : 8.5656452178955078,
  "t_12" : -0.72995668649673462,
  "t_01" : -0.23363238573074341,
  "timestamp" : 6488652356,
  "blur_score" : 181.61247253417969,
  "t_21" : -0.96949446201324463,
  "t_10" : -0.67946064472198486,
  "width" : 1024,
  "height" : 768,
  "manual_keyframe" : true,
  "cx" : 515.34619140625,
  "fx" : 714.824462890625
}