{
  "t_02" : 0.56804138422012329,
  "t_13" : 0.10907013714313507,
  "cy" : 382.63705444335938,
  "fy" : 713.92236328125,
  "t_22" : -0.39049363136291504,
  "t_11" : 0.081534802913665771,
  "t_00" : -0.65981930494308472,
  "t_20" : 0.31004852056503296,
  "angular_velocity" : 3.4028234663852886e+38,
  "t_03" : 5.7039289474487305,
  "center_depth" : 1.5443588495254517,
  "t_23" : 8.5883016586303711,
  "t_12" : -0.7244608998298645,
  "t_01" : -0.49190178513526917,
  "timestamp" : 6488252324,
  "blur_score" : 126.58526611328125,
  "t_21" : -0.86682450771331787,
  "t_10" : -0.68447667360305786,
  "width" : 1024,
  "height" : 768,
  "manual_keyframe" : true,
  "cx" : 515.859375,
  "fx" : 713.92236328125
}