{
  "t_02" : 0.61426466703414917,
  "t_13" : 0.1271032989025116,
  "cy" : 382.67559814453125,
  "fy" : 714.52423095703125,
  "t_22" : 0.34596511721611023,
  "t_11" : 0.085241705179214478,
  "t_00" : -0.55407583713531494,
  "t_20" : -0.45083606243133545,
  "angular_velocity" : 3.4028234663852886e+38,
  "t_03" : 5.8320822715759277,
  "t_23" : 8.4154253005981445,
  "t_12" : -0.70921576023101807,
  "t_01" : 0.56185305118560791,
  "timestamp" : 6489719110,
  "blur_score" : 266.89181518554688,
  "t_21" : -0.82283353805541992,
  "t_10" : -0.69981908798217773,
  "width" : 1024,
  "height" : 768,
  "manual_keyframe" : true,
  "cx" : 515.58270263671875,
  "fx" : 714.52423095703125
}