{
  "t_02" : 0.72215938568115234,
  "t_13" : 0.12568046152591705,
  "cy" : 382.78500366210938,
  "fy" : 714.81488037109375,
  "t_22" : 0.071407265961170197,
  "t_11" : 0.069552101194858551,
  "t_00" : -0.67210888862609863,
  "t_20" : -0.16276955604553223,
  "angular_velocity" : 3.4028234663852886e+38,
  "t_03" : 5.7712492942810059,
  "t_23" : 8.5027217864990234,
  "t_12" : -0.68803101778030396,
  "t_01" : 0.16357086598873138,
  "timestamp" : 6489152397,
  "blur_score" : 298.09133911132812,
  "t_21" : -0.98407679796218872,
  "t_10" : -0.72234040498733521,
  "width" : 1024,
  "height" : 768,
  "manual_keyframe" : true,
  "cx" : 515.38885498046875,
  "fx" : 714.81488037109375
}