{
  "t_02" : 0.26750713586807251,
  "t_13" : 0.12826074659824371,
  "cy" : 382.72579956054688,
  "fy" : 714.5401611328125,
  "t_22" : 0.58982771635055542,
  "t_11" : 0.13843755424022675,
  "t_00" : -0.11276849359273911,
  "t_20" : -0.76615363359451294,
  "angular_velocity" : 3.4028234663852886e+38,
  "t_03" : 5.7796602249145508,
  "center_depth" : 1.4648474454879761,
  "t_23" : 8.49493408203125,
  "t_12" : -0.76193380355834961,
  "t_01" : 0.95693427324295044,
  "timestamp" : 6490652519,
  "blur_score" : 112.44912719726562,
  "t_21" : -0.25517019629478455,
  "t_10" : -0.63268625736236572,
  "width" : 1024,
  "height" : 768,
  "manual_keyframe" : true,
  "cx" : 515.3397216796875,
  "fx" : 714.5401611328125
}