{
  "t_02" : 0.4674639105796814,
  "t_13" : 0.12967050075531006,
  "cy" : 382.51773071289062,
  "fy" : 714.54644775390625,
  "t_22" : 0.49587306380271912,
  "t_11" : 0.13084933161735535,
  "t_00" : -0.35295462608337402,
  "t_20" : -0.65431797504425049,
  "angular_velocity" : 3.4028234663852886e+38,
  "t_03" : 5.8305411338806152,
  "t_23" : 8.4361562728881836,
  "t_12" : -0.73183834552764893,
  "t_01" : 0.810494065284729,
  "timestamp" : 6490219150,
  "blur_score" : 146.02006530761719,
  "t_21" : -0.57094478607177734,
  "t_10" : -0.66879814863204956,
  "width" : 1024,
  "height" : 768,
  "manual_keyframe" : true,
  "cx" : 515.51715087890625,
  "fx" : 714.54644775390625
}