{
  "t_02" : -0.14699602127075195,
  "t_13" : 0.13648168742656708,
  "cy" : 383.00540161132812,
  "fy" : 715.43115234375,
  "t_22" : 0.51511877775192261,
  "t_11" : 0.17623220384120941,
  "t_00" : 0.5351758599281311,
  "t_20" : -0.67652755975723267,
  "angular_velocity" : 3.4028234663852886e+38,
  "t_03" : 5.6980628967285156,
  "center_depth" : 1.3183770179748535,
  "t_23" : 8.4639425277709961,
  "t_12" : -0.84441983699798584,
  "t_01" : 0.83185279369354248,
  "timestamp" : 6491885953,
  "blur_score" : 64.268730163574219,
  "t_21" : 0.52627295255661011,
  "t_10" : -0.50586295127868652,
  "width" : 1024,
  "height" : 768,
  "manual_keyframe" : true,
  "cx" : 515.015625,
  "fx" : 715.43115234375
}