{
  "t_02" : 0.053908407688140869,
  "t_13" : 0.12673735618591309,
  "cy" : 382.954345703125,
  "fy" : 714.26226806640625,
  "t_22" : 0.62934619188308716,
  "t_11" : 0.16482801735401154,
  "t_00" : 0.19612416625022888,
  "t_20" : -0.76793283224105835,
  "angular_velocity" : 3.4028234663852886e+38,
  "t_03" : 5.7339572906494141,
  "t_23" : 8.4938592910766602,
  "t_12" : -0.77525299787521362,
  "t_01" : 0.9790961742401123,
  "timestamp" : 6491185896,
  "blur_score" : 66.616226196289062,
  "t_21" : 0.11917433142662048,
  "t_10" : -0.60976594686508179,
  "width" : 1024,
  "height" : 768,
  "manual_keyframe" : true,
  "cx" : 515.09490966796875,
  "fx" : 714.26226806640625
}