{
  "t_02" : -0.26430082321166992,
  "t_13" : 0.14129295945167542,
  "cy" : 382.9384765625,
  "fy" : 715.528076171875,
  "t_22" : 0.41078993678092957,
  "t_11" : 0.14682014286518097,
  "t_00" : 0.70307481288909912,
  "t_20" : -0.5372510552406311,
  "angular_velocity" : 3.4028234663852886e+38,
  "t_03" : 5.648648738861084,
  "t_23" : 8.4586820602416992,
  "t_12" : -0.87258040904998779,
  "t_01" : 0.66017484664916992,
  "timestamp" : 6492119305,
  "blur_score" : 49.846981048583984,
  "t_21" : 0.73662275075912476,
  "t_10" : -0.46588319540023804,
  "width" : 1024,
  "height" : 768,
  "manual_keyframe" : true,
  "cx" : 514.92144775390625,
  "fx" : 715.528076171875
}