{
  "t_02" : -0.40079399943351746,
  "t_13" : 0.14421360194683075,
  "cy" : 382.98297119140625,
  "fy" : 716.0172119140625,
  "t_22" : 0.21269282698631287,
  "t_11" : 0.08857310563325882,
  "t_00" : 0.86352676153182983,
  "t_20" : -0.237261101603508,
  "angular_velocity" : 3.4028234663852886e+38,
  "t_03" : 5.5932130813598633,
  "t_23" : 8.4715194702148438,
  "t_12" : -0.89113742113113403,
  "t_01" : 0.30608144402503967,
  "timestamp" : 6492419329,
  "blur_score" : 42.170238494873047,
  "t_21" : 0.9478759765625,
  "t_10" : -0.44500431418418884,
  "width" : 1024,
  "height" : 768,
  "manual_keyframe" : true,
  "cx" : 514.73419189453125,
  "fx" : 716.0172119140625
}