{
  "t_02" : -0.44283133745193481,
  "t_13" : 0.13661813735961914,
  "cy" : 382.88998413085938,
  "fy" : 716.25067138671875,
  "t_22" : -0.04046228900551796,
  "t_11" : 0.039475817233324051,
  "t_00" : 0.88037621974945068,
  "t_20" : 0.1695856899023056,
  "angular_velocity" : 3.4028234663852886e+38,
  "t_03" : 5.5764284133911133,
  "t_23" : 8.5075149536132812,
  "t_12" : -0.8956913948059082,
  "t_01" : -0.16981802880764008,
  "timestamp" : 6492752690,
  "blur_score" : 30.585325241088867,
  "t_21" : 0.98468446731567383,
  "t_10" : -0.44292035698890686,
  "width" : 1024,
  "height" : 768,
  "manual_keyframe" : true,
  "cx" : 514.33929443359375,
  "fx" : 716.25067138671875
}