{
  "t_02" : -0.30780789256095886,
  "t_13" : 0.13924656808376312,
  "cy" : 382.48025512695312,
  "fy" : 716.57781982421875,
  "t_22" : -0.28257718682289124,
  "t_11" : 0.02315480075776577,
  "t_00" : 0.63075900077819824,
  "t_20" : 0.65428102016448975,
  "angular_velocity" : 3.4028234663852886e+38,
  "t_03" : 5.5924553871154785,
  "t_23" : 8.5439023971557617,
  "t_12" : -0.90851771831512451,
  "t_01" : -0.7123183012008667,
  "timestamp" : 6493252730,
  "blur_score" : 35.665584564208984,
  "t_21" : 0.70147442817687988,
  "t_10" : -0.41720429062843323,
  "width" : 1024,
  "height" : 768,
  "manual_keyframe" : true,
  "cx" : 514.27099609375,
  "fx" : 716.57781982421875
}