{
  "t_02" : -0.070440836250782013,
  "t_13" : 0.14224767684936523,
  "cy" : 382.42098999023438,
  "fy" : 716.00299072265625,
  "t_22" : -0.46456679701805115,
  "t_11" : -0.013195798732340336,
  "t_00" : 0.16004733741283417,
  "t_20" : 0.8682020902633667,
  "angular_velocity" : 3.4028234663852886e+38,
  "t_03" : 5.6102452278137207,
  "center_depth" : 1.2568669319152832,
  "t_23" : 8.5534629821777344,
  "t_12" : -0.88273191452026367,
  "t_01" : -0.9845927357673645,
  "timestamp" : 6493719435,
  "blur_score" : 49.4866943359375,
  "t_21" : 0.174364373087883,
  "t_10" : -0.46969148516654968,
  "width" : 1024,
  "height" : 768,
  "manual_keyframe" : true,
  "cx" : 514.3109130859375,
  "fx" : 716.00299072265625
}