{
  "t_02" : 0.19775880873203278,
  "t_13" : 0.12263461947441101,
  "cy" : 382.33917236328125,
  "fy" : 715.19769287109375,
  "t_22" : -0.57732599973678589,
  "t_11" : 0.0059089004062116146,
  "t_00" : -0.26586803793907166,
  "t_20" : 0.74628090858459473,
  "angular_velocity" : 3.4028234663852886e+38,
  "t_03" : 5.6285500526428223,
  "t_23" : 8.6023311614990234,
  "t_12" : -0.79220318794250488,
  "t_01" : -0.94350701570510864,
  "timestamp" : 6494086131,
  "blur_score" : 72.807830810546875,
  "t_21" : -0.33129966259002686,
  "t_10" : -0.61022859811782837,
  "width" : 1024,
  "height" : 768,
  "manual_keyframe" : true,
  "cx" : 514.36444091796875,
  "fx" : 715.19769287109375
}