{
  "t_02" : 0.43473720550537109,
  "t_13" : 0.06842339038848877,
  "cy" : 382.60760498046875,
  "fy" : 713.92236328125,
  "t_22" : -0.58117491006851196,
  "t_11" : 0.060697142034769058,
  "t_00" : -0.47758373618125916,
  "t_20" : 0.49883592128753662,
  "angular_velocity" : 3.4028234663852886e+38,
  "t_03" : 5.4900856018066406,
  "t_23" : 8.8147783279418945,
  "t_12" : -0.68792390823364258,
  "t_01" : -0.76349025964736938,
  "timestamp" : 6494786188,
  "blur_score" : 80.872337341308594,
  "t_21" : -0.64296066761016846,
  "t_10" : -0.72324025630950928,
  "width" : 1024,
  "height" : 768,
  "manual_keyframe" : true,
  "cx" : 515.05615234375,
  "fx" : 713.92236328125
}