{
  "t_02" : 0.68677061796188354,
  "t_13" : 0.030920704826712608,
  "cy" : 382.6888427734375,
  "fy" : 713.3251953125,
  "t_22" : -0.51958596706390381,
  "t_11" : 0.037664208561182022,
  "t_00" : -0.43136498332023621,
  "t_20" : 0.2715127170085907,
  "angular_velocity" : 3.4028234663852886e+38,
  "t_03" : 5.3199629783630371,
  "center_depth" : 2.3848030567169189,
  "t_23" : 9.1261987686157227,
  "t_12" : -0.50830721855163574,
  "t_01" : -0.58503854274749756,
  "timestamp" : 6495486245,
  "blur_score" : 32.141761779785156,
  "t_21" : -0.81013017892837524,
  "t_10" : -0.86035162210464478,
  "width" : 1024,
  "height" : 768,
  "manual_keyframe" : true,
  "cx" : 515.85595703125,
  "fx" : 713.3251953125
}