{
  "t_02" : 0.8812863826751709,
  "t_13" : 0.0025518722832202911,
  "cy" : 382.7218017578125,
  "fy" : 712.49615478515625,
  "t_22" : -0.25875121355056763,
  "t_11" : 0.046944446861743927,
  "t_00" : -0.39333796501159668,
  "t_20" : 0.062218397855758667,
  "angular_velocity" : 3.4028234663852886e+38,
  "t_03" : 4.8705234527587891,
  "center_depth" : 3.1461129188537598,
  "t_23" : 9.347926139831543,
  "t_12" : -0.39545172452926636,
  "t_01" : -0.26195332407951355,
  "timestamp" : 6496319646,
  "blur_score" : 65.890220642089844,
  "t_21" : -0.96393805742263794,
  "t_10" : -0.91728633642196655,
  "width" : 1024,
  "height" : 768,
  "manual_keyframe" : true,
  "cx" : 516.32330322265625,
  "fx" : 712.49615478515625
}