{
  "t_02" : 0.86128830909729004,
  "t_13" : 0.009180581197142601,
  "cy" : 382.81277465820312,
  "fy" : 712.6961669921875,
  "t_22" : -0.29430219531059265,
  "t_11" : 0.040241669863462448,
  "t_00" : -0.40587013959884644,
  "t_20" : 0.09196317195892334,
  "angular_velocity" : 3.4028234663852886e+38,
  "t_03" : 5.012784481048584,
  "center_depth" : 2.9774899482727051,
  "t_23" : 9.2910852432250977,
  "t_12" : -0.41420811414718628,
  "t_01" : -0.30569860339164734,
  "timestamp" : 6496086294,
  "blur_score" : 76.481071472167969,
  "t_21" : -0.95127737522125244,
  "t_10" : -0.90929204225540161,
  "width" : 1024,
  "height" : 768,
  "manual_keyframe" : true,
  "cx" : 516.2060546875,
  "fx" : 712.6961669921875
}