{
  "t_02" : 0.88296300172805786,
  "t_13" : 0.028701106086373329,
  "cy" : 382.56591796875,
  "fy" : 712.42938232421875,
  "t_22" : -0.086540006101131439,
  "t_11" : 0.081385813653469086,
  "t_00" : -0.46620863676071167,
  "t_20" : -0.046480003744363785,
  "angular_velocity" : 3.4028234663852886e+38,
  "t_03" : 4.6444525718688965,
  "t_23" : 9.4614686965942383,
  "t_12" : -0.46139699220657349,
  "t_01" : -0.055008292198181152,
  "timestamp" : 6496753015,
  "blur_score" : 38.614845275878906,
  "t_21" : -0.99516350030899048,
  "t_10" : -0.88345295190811157,
  "width" : 1024,
  "height" : 768,
  "manual_keyframe" : true,
  "cx" : 516.5667724609375,
  "fx" : 712.42938232421875
}