{
  "t_02" : 0.81063586473464966,
  "t_13" : 0.03615926206111908,
  "cy" : 382.727294921875,
  "fy" : 712.97894287109375,
  "t_22" : 0.11520002037286758,
  "t_11" : 0.080944016575813293,
  "t_00" : -0.55170226097106934,
  "t_20" : -0.17825531959533691,
  "angular_velocity" : 3.4028234663852886e+38,
  "t_03" : 4.3833022117614746,
  "center_depth" : 2.0782530307769775,
  "t_23" : 9.5800886154174805,
  "t_12" : -0.57410657405853271,
  "t_01" : 0.19619902968406677,
  "timestamp" : 6497219720,
  "blur_score" : 54.739971160888672,
  "t_21" : -0.97721743583679199,
  "t_10" : -0.81476974487304688,
  "width" : 1024,
  "height" : 768,
  "manual_keyframe" : true,
  "cx" : 516.19256591796875,
  "fx" : 712.97894287109375
}