{
  "t_02" : 0.72269523143768311,
  "t_13" : 0.046233039349317551,
  "cy" : 382.90469360351562,
  "fy" : 713.33148193359375,
  "t_22" : 0.2825368344783783,
  "t_11" : 0.061048462986946106,
  "t_00" : -0.55701357126235962,
  "t_20" : -0.30223706364631653,
  "angular_velocity" : 3.4028234663852886e+38,
  "t_03" : 4.1312475204467773,
  "t_23" : 9.637141227722168,
  "t_12" : -0.63078075647354126,
  "t_01" : 0.40920335054397583,
  "timestamp" : 6497686424,
  "blur_score" : 48.395862579345703,
  "t_21" : -0.91039866209030151,
  "t_10" : -0.77355581521987915,
  "width" : 1024,
  "height" : 768,
  "manual_keyframe" : true,
  "cx" : 515.94476318359375,
  "fx" : 713.33148193359375
}