{
  "t_02" : 0.59049385786056519,
  "t_13" : 0.028502389788627625,
  "cy" : 382.6605224609375,
  "fy" : 713.58563232421875,
  "t_22" : 0.44049727916717529,
  "t_11" : 0.046645421534776688,
  "t_00" : -0.50307601690292358,
  "t_20" : -0.45427912473678589,
  "angular_velocity" : 3.4028234663852886e+38,
  "t_03" : 3.9577863216400146,
  "center_depth" : 1.7693020105361938,
  "t_23" : 9.7253513336181641,
  "t_12" : -0.67622417211532593,
  "t_01" : 0.63105589151382446,
  "timestamp" : 6498086457,
  "blur_score" : 46.476551055908203,
  "t_21" : -0.77433371543884277,
  "t_10" : -0.7352176308631897,
  "width" : 1024,
  "height" : 768,
  "manual_keyframe" : true,
  "cx" : 515.89019775390625,
  "fx" : 713.58563232421875
}