{
  "t_02" : 0.49946498870849609,
  "t_13" : 0.028163671493530273,
  "cy" : 382.60650634765625,
  "fy" : 713.5888671875,
  "t_22" : 0.53314244747161865,
  "t_11" : 0.040909778326749802,
  "t_00" : -0.42525780200958252,
  "t_20" : -0.53583896160125732,
  "angular_velocity" : 3.4028234663852886e+38,
  "t_03" : 3.8710801601409912,
  "center_depth" : 1.7495019435882568,
  "t_23" : 9.7567548751831055,
  "t_12" : -0.68285715579986572,
  "t_01" : 0.75477850437164307,
  "timestamp" : 6498286473,
  "blur_score" : 70.790618896484375,
  "t_21" : -0.65470278263092041,
  "t_10" : -0.72940552234649658,
  "width" : 1024,
  "height" : 768,
  "manual_keyframe" : true,
  "cx" : 515.82171630859375,
  "fx" : 713.5888671875
}