{
  "t_02" : 0.34637501835823059,
  "t_13" : 0.023432094603776932,
  "cy" : 382.704833984375,
  "fy" : 713.57293701171875,
  "t_22" : 0.66114044189453125,
  "t_11" : 0.064656361937522888,
  "t_00" : -0.23095598816871643,
  "t_20" : -0.62750107049942017,
  "angular_velocity" : 3.4028234663852886e+38,
  "t_03" : 3.6855218410491943,
  "center_depth" : 1.8520945310592651,
  "t_23" : 9.7246255874633789,
  "t_12" : -0.66552060842514038,
  "t_01" : 0.90922147035598755,
  "timestamp" : 6498719841,
  "blur_score" : 176.99931335449219,
  "t_21" : -0.41126132011413574,
  "t_10" : -0.74357360601425171,
  "width" : 1024,
  "height" : 768,
  "manual_keyframe" : true,
  "cx" : 515.47845458984375,
  "fx" : 713.57293701171875
}