{
  "t_02" : 0.19233015179634094,
  "t_13" : 0.048729591071605682,
  "cy" : 382.74044799804688,
  "fy" : 713.94464111328125,
  "t_22" : 0.7283775806427002,
  "t_11" : 0.082143642008304596,
  "t_00" : -0.061467546969652176,
  "t_20" : -0.65988212823867798,
  "angular_velocity" : 3.4028234663852886e+38,
  "t_03" : 3.434098482131958,
  "t_23" : 9.6008052825927734,
  "t_12" : -0.65762835741043091,
  "t_01" : 0.97940337657928467,
  "timestamp" : 6499353226,
  "blur_score" : 212.61888122558594,
  "t_21" : -0.18444937467575073,
  "t_10" : -0.74885058403015137,
  "width" : 1024,
  "height" : 768,
  "manual_keyframe" : true,
  "cx" : 515.70379638671875,
  "fx" : 713.94464111328125
}