{
  "t_02" : 0.031296484172344208,
  "t_13" : 0.054621551185846329,
  "cy" : 382.6937255859375,
  "fy" : 713.90484619140625,
  "t_22" : 0.74715077877044678,
  "t_11" : 0.09621458500623703,
  "t_00" : 0.10099507123231888,
  "t_20" : -0.66320693492889404,
  "angular_velocity" : 3.4028234663852886e+38,
  "t_03" : 3.2638201713562012,
  "t_23" : 9.5597753524780273,
  "t_12" : -0.66391724348068237,
  "t_01" : 0.99439454078674316,
  "timestamp" : 6499786595,
  "blur_score" : 178.46835327148438,
  "t_21" : 0.043843194842338562,
  "t_10" : -0.74159049987792969,
  "width" : 1024,
  "height" : 768,
  "manual_keyframe" : true,
  "cx" : 515.7823486328125,
  "fx" : 713.90484619140625
}