{
  "t_02" : -0.28057721257209778,
  "t_13" : 0.056029245257377625,
  "cy" : 383.00070190429688,
  "fy" : 714.1636962890625,
  "t_22" : 0.63080793619155884,
  "t_11" : 0.092999592423439026,
  "t_00" : 0.41440534591674805,
  "t_20" : -0.60022902488708496,
  "angular_velocity" : 3.4028234663852886e+38,
  "t_03" : 3.1344118118286133,
  "t_23" : 9.4203739166259766,
  "t_12" : -0.72343462705612183,
  "t_01" : 0.86576247215270996,
  "timestamp" : 6500553323,
  "blur_score" : 91.517608642578125,
  "t_21" : 0.49173820018768311,
  "t_10" : -0.68410038948059082,
  "width" : 1024,
  "height" : 768,
  "manual_keyframe" : true,
  "cx" : 515.57452392578125,
  "fx" : 714.1636962890625
}