{
  "t_02" : -0.12264074385166168,
  "t_13" : 0.044568993151187897,
  "cy" : 382.91567993164062,
  "fy" : 714.19866943359375,
  "t_22" : 0.72301697731018066,
  "t_11" : 0.11160082370042801,
  "t_00" : 0.26240897178649902,
  "t_20" : -0.63702583312988281,
  "angular_velocity" : 3.4028234663852886e+38,
  "t_03" : 3.1645171642303467,
  "t_23" : 9.4862337112426758,
  "t_12" : -0.67985701560974121,
  "t_01" : 0.95713156461715698,
  "timestamp" : 6500186627,
  "blur_score" : 126.12134552001953,
  "t_21" : 0.26729100942611694,
  "t_10" : -0.72480309009552002,
  "width" : 1024,
  "height" : 768,
  "manual_keyframe" : true,
  "cx" : 515.59576416015625,
  "fx" : 714.19866943359375
}