{
  "t_02" : -0.42025592923164368,
  "t_13" : 0.059182249009609222,
  "cy" : 382.95767211914062,
  "fy" : 714.205078125,
  "t_22" : 0.52268964052200317,
  "t_11" : 0.058890119194984436,
  "t_00" : 0.53141498565673828,
  "t_20" : -0.52081352472305298,
  "angular_velocity" : 3.4028234663852886e+38,
  "t_03" : 3.1109066009521484,
  "t_23" : 9.3991508483886719,
  "t_12" : -0.74174147844314575,
  "t_01" : 0.7355155348777771,
  "timestamp" : 6500820012,
  "blur_score" : 56.164653778076172,
  "t_21" : 0.67494362592697144,
  "t_10" : -0.66809529066085815,
  "width" : 1024,
  "height" : 768,
  "manual_keyframe" : true,
  "cx" : 515.59222412109375,
  "fx" : 714.205078125
}