{
  "t_02" : -0.69099700450897217,
  "t_13" : 0.071884140372276306,
  "cy" : 382.70220947265625,
  "fy" : 714.5211181640625,
  "t_22" : -0.058589387685060501,
  "t_11" : 0.042841080576181412,
  "t_00" : 0.71131265163421631,
  "t_20" : 0.12231088429689407,
  "angular_velocity" : 3.4028234663852886e+38,
  "t_03" : 2.9450385570526123,
  "center_depth" : 1.6196588277816772,
  "t_23" : 9.4172868728637695,
  "t_12" : -0.72047913074493408,
  "t_01" : -0.12867520749568939,
  "timestamp" : 6501586741,
  "blur_score" : 48.975959777832031,
  "t_21" : 0.99076098203659058,
  "t_10" : -0.69215190410614014,
  "width" : 1024,
  "height" : 768,
  "manual_keyframe" : true,
  "cx" : 515.43743896484375,
  "fx" : 714.5211181640625
}