{
  "t_02" : -0.53365021944046021,
  "t_13" : 0.060854185372591019,
  "cy" : 382.79147338867188,
  "fy" : 714.5369873046875,
  "t_22" : 0.40450027585029602,
  "t_11" : 0.062391489744186401,
  "t_00" : 0.64558762311935425,
  "t_20" : -0.3724328875541687,
  "angular_velocity" : 3.4028234663852886e+38,
  "t_03" : 3.0737762451171875,
  "t_23" : 9.3904476165771484,
  "t_12" : -0.74269568920135498,
  "t_01" : 0.54629111289978027,
  "timestamp" : 6501020028,
  "blur_score" : 39.826328277587891,
  "t_21" : 0.83526837825775146,
  "t_10" : -0.66671603918075562,
  "width" : 1024,
  "height" : 768,
  "manual_keyframe" : true,
  "cx" : 515.537353515625,
  "fx" : 714.5369873046875
}