{
  "t_02" : -0.65251690149307251,
  "t_13" : 0.068552523851394653,
  "cy" : 382.639404296875,
  "fy" : 714.79425048828125,
  "t_22" : 0.17997147142887115,
  "t_11" : 0.066552899777889252,
  "t_00" : 0.73230099678039551,
  "t_20" : -0.099982671439647675,
  "angular_velocity" : 3.4028234663852886e+38,
  "t_03" : 3.0027451515197754,
  "center_depth" : 1.5898466110229492,
  "t_23" : 9.3855924606323242,
  "t_12" : -0.73609226942062378,
  "t_01" : 0.19482551515102386,
  "timestamp" : 6501286717,
  "blur_score" : 31.915185928344727,
  "t_21" : 0.9785773754119873,
  "t_10" : -0.67360126972198486,
  "width" : 1024,
  "height" : 768,
  "manual_keyframe" : true,
  "cx" : 515.510986328125,
  "fx" : 714.79425048828125
}