{
  "t_02" : -0.52899283170700073,
  "t_13" : 0.086783707141876221,
  "cy" : 382.607177734375,
  "fy" : 714.81329345703125,
  "t_22" : -0.35700905323028564,
  "t_11" : 0.06369762122631073,
  "t_00" : 0.57912522554397583,
  "t_20" : 0.51125568151473999,
  "angular_velocity" : 3.4028234663852886e+38,
  "t_03" : 2.9138667583465576,
  "center_depth" : 1.5029295682907104,
  "t_23" : 9.5309047698974609,
  "t_12" : -0.76987725496292114,
  "t_01" : -0.62030673027038574,
  "timestamp" : 6502286798,
  "blur_score" : 42.005428314208984,
  "t_21" : 0.7817685604095459,
  "t_10" : -0.63500511646270752,
  "width" : 1024,
  "height" : 768,
  "manual_keyframe" : true,
  "cx" : 515.30877685546875,
  "fx" : 714.81329345703125
}