{
  "t_02" : -0.27432721853256226,
  "t_13" : 0.084264039993286133,
  "cy" : 382.63092041015625,
  "fy" : 714.8165283203125,
  "t_22" : -0.5500342845916748,
  "t_11" : 0.08396495133638382,
  "t_00" : 0.22650791704654694,
  "t_20" : 0.76023095846176147,
  "angular_velocity" : 3.4028234663852886e+38,
  "t_03" : 2.8695716857910156,
  "center_depth" : 1.4801280498504639,
  "t_23" : 9.5999116897583008,
  "t_12" : -0.78880077600479126,
  "t_01" : -0.93457937240600586,
  "timestamp" : 6502886847,
  "blur_score" : 43.3997802734375,
  "t_21" : 0.34570381045341492,
  "t_10" : -0.60888659954071045,
  "width" : 1024,
  "height" : 768,
  "manual_keyframe" : true,
  "cx" : 515.2515869140625,
  "fx" : 714.8165283203125
}