{
  "t_02" : -0.02836914174258709,
  "t_13" : 0.089843273162841797,
  "cy" : 382.64700317382812,
  "fy" : 715.0928955078125,
  "t_22" : -0.67305487394332886,
  "t_11" : 0.083122022449970245,
  "t_00" : -0.092395327985286713,
  "t_20" : 0.73794621229171753,
  "angular_velocity" : 3.4028234663852886e+38,
  "t_03" : 2.8425192832946777,
  "t_23" : 9.5881929397583008,
  "t_12" : -0.7390480637550354,
  "t_01" : -0.99531811475753784,
  "timestamp" : 6503286879,
  "blur_score" : 29.094720840454102,
  "t_21" : -0.049319695681333542,
  "t_10" : -0.66850465536117554,
  "width" : 1024,
  "height" : 768,
  "manual_keyframe" : true,
  "cx" : 515.212646484375,
  "fx" : 715.0928955078125
}