{
  "t_02" : 0.30990958213806152,
  "t_13" : -0.16519764065742493,
  "cy" : 383.016357421875,
  "fy" : 712.43267822265625,
  "t_22" : -0.95072495937347412,
  "t_11" : 0.11180170625448227,
  "t_00" : -0.10357844829559326,
  "t_20" : -0.04300321638584137,
  "angular_velocity" : 3.4028234663852886e+38,
  "t_03" : 2.4809780120849609,
  "center_depth" : 2.9281268119812012,
  "t_23" : 9.8449716567993164,
  "t_12" : 0.0088400496169924736,
  "t_01" : -0.94510716199874878,
  "timestamp" : 6504853672,
  "blur_score" : 114.13428497314453,
  "t_21" : -0.30703878402709961,
  "t_10" : -0.99369120597839355,
  "width" : 1024,
  "height" : 768,
  "manual_keyframe" : true,
  "cx" : 516.29913330078125,
  "fx" : 712.43267822265625
}