{
  "t_02" : 0.32115858793258667,
  "t_13" : -0.048261508345603943,
  "cy" : 382.86679077148438,
  "fy" : 713.6126708984375,
  "t_22" : -0.8574683666229248,
  "t_11" : 0.1324627548456192,
  "t_00" : -0.2749941349029541,
  "t_20" : 0.32176011800765991,
  "angular_velocity" : 3.4028234663852886e+38,
  "t_03" : 2.6638257503509521,
  "center_depth" : 3.1766586303710938,
  "t_23" : 9.6842794418334961,
  "t_12" : -0.40200111269950867,
  "t_01" : -0.90622031688690186,
  "timestamp" : 6504386968,
  "blur_score" : 67.406997680664062,
  "t_21" : -0.40151989459991455,
  "t_10" : -0.90600693225860596,
  "width" : 1024,
  "height" : 768,
  "manual_keyframe" : true,
  "cx" : 515.275634765625,
  "fx" : 713.6126708984375
}