{
  "t_02" : 0.31280398368835449,
  "t_13" : -0.19343231618404388,
  "cy" : 382.92877197265625,
  "fy" : 712.10699462890625,
  "t_22" : -0.94583874940872192,
  "t_11" : 0.11289572715759277,
  "t_00" : -0.080498687922954559,
  "t_20" : -0.1175079345703125,
  "angular_velocity" : 3.4028234663852886e+38,
  "t_03" : 2.4448413848876953,
  "center_depth" : 2.8612880706787109,
  "t_23" : 9.8872871398925781,
  "t_12" : 0.086848758161067963,
  "t_01" : -0.94640034437179565,
  "timestamp" : 6504987017,
  "blur_score" : 126.64981842041016,
  "t_21" : -0.30262342095375061,
  "t_10" : -0.9898039698600769,
  "width" : 1024,
  "height" : 768,
  "manual_keyframe" : true,
  "cx" : 516.617919921875,
  "fx" : 712.10699462890625
}