{
  "t_02" : 0.32078447937965393,
  "t_13" : -0.22809654474258423,
  "cy" : 382.83132934570312,
  "fy" : 711.9561767578125,
  "t_22" : -0.93314683437347412,
  "t_11" : 0.11633764952421188,
  "t_00" : -0.059108581393957138,
  "t_20" : -0.19072204828262329,
  "angular_velocity" : 3.4028234663852886e+38,
  "t_03" : 2.4177777767181396,
  "center_depth" : 2.7603731155395508,
  "t_23" : 9.9424514770507812,
  "t_12" : 0.16227833926677704,
  "t_01" : -0.94530612230300903,
  "timestamp" : 6505120361,
  "blur_score" : 136.32632446289062,
  "t_21" : -0.30473276972770691,
  "t_10" : -0.97986286878585815,
  "width" : 1024,
  "height" : 768,
  "manual_keyframe" : true,
  "cx" : 516.816162109375,
  "fx" : 711.9561767578125
}