{
  "t_02" : 0.28341531753540039,
  "t_13" : -0.41560745239257812,
  "cy" : 383.08038330078125,
  "fy" : 713.00909423828125,
  "t_22" : -0.78340291976928711,
  "t_11" : 0.16201959550380707,
  "t_00" : 0.001701122266240418,
  "t_20" : -0.57637065649032593,
  "angular_velocity" : 3.4028234663852886e+38,
  "t_03" : 2.2812216281890869,
  "center_depth" : 2.3860137462615967,
  "t_23" : 10.345643997192383,
  "t_12" : 0.55313259363174438,
  "t_01" : -0.95899581909179688,
  "timestamp" : 6505853754,
  "blur_score" : 312.03323364257812,
  "t_21" : -0.23254415392875671,
  "t_10" : -0.81718659400939941,
  "width" : 1024,
  "height" : 768,
  "manual_keyframe" : true,
  "cx" : 516.601806640625,
  "fx" : 713.00909423828125
}