{
  "t_02" : 0.3055674135684967,
  "t_13" : -0.38069111108779907,
  "cy" : 382.88180541992188,
  "fy" : 712.53265380859375,
  "t_22" : -0.81582838296890259,
  "t_11" : 0.16327217221260071,
  "t_00" : -0.0063508255407214165,
  "t_20" : -0.51736867427825928,
  "angular_velocity" : 3.4028234663852886e+38,
  "t_03" : 2.3189759254455566,
  "center_depth" : 2.4700636863708496,
  "t_23" : 10.252685546875,
  "t_12" : 0.49097132682800293,
  "t_01" : -0.95214933156967163,
  "timestamp" : 6505687074,
  "blur_score" : 255.31025695800781,
  "t_21" : -0.25836789608001709,
  "t_10" : -0.85573911666870117,
  "width" : 1024,
  "height" : 768,
  "manual_keyframe" : true,
  "cx" : 516.7274169921875,
  "fx" : 712.53265380859375
}