{
  "t_02" : 0.12079975754022598,
  "t_13" : -0.47396081686019897,
  "cy" : 383.07955932617188,
  "fy" : 713.6015625,
  "t_22" : -0.71714323759078979,
  "t_11" : 0.17891645431518555,
  "t_00" : -0.13209445774555206,
  "t_20" : -0.69690382480621338,
  "angular_velocity" : 3.4028234663852886e+38,
  "t_03" : 2.2108955383300781,
  "center_depth" : 1.933782696723938,
  "t_23" : 10.685300827026367,
  "t_12" : 0.68637657165527344,
  "t_01" : -0.98384881019592285,
  "timestamp" : 6506420467,
  "blur_score" : 377.66445922851562,
  "t_21" : 0.0055154864676296711,
  "t_10" : -0.70489436388015747,
  "width" : 1024,
  "height" : 768,
  "manual_keyframe" : true,
  "cx" : 516.0936279296875,
  "fx" : 713.6015625
}