{
  "t_02" : -0.041375741362571716,
  "t_13" : -0.50438278913497925,
  "cy" : 382.8931884765625,
  "fy" : 713.9556884765625,
  "t_22" : -0.66048544645309448,
  "t_11" : 0.18898466229438782,
  "t_00" : -0.32993212342262268,
  "t_20" : -0.69921880960464478,
  "angular_velocity" : 3.4028234663852886e+38,
  "t_03" : 2.3096957206726074,
  "center_depth" : 1.72259521484375,
  "t_23" : 10.921813011169434,
  "t_12" : 0.74969792366027832,
  "t_01" : -0.94309747219085693,
  "timestamp" : 6506820499,
  "blur_score" : 387.2581787109375,
  "t_21" : 0.27359083294868469,
  "t_10" : -0.63422214984893799,
  "width" : 1024,
  "height" : 768,
  "manual_keyframe" : true,
  "cx" : 515.6962890625,
  "fx" : 713.9556884765625
}