{
  "t_02" : -0.45906376838684082,
  "t_13" : -0.47378170490264893,
  "cy" : 383.19406127929688,
  "fy" : 713.9366455078125,
  "t_22" : -0.45869079232215881,
  "t_11" : 0.09346076101064682,
  "t_00" : -0.634391188621521,
  "t_20" : -0.43028587102890015,
  "angular_velocity" : 3.4028234663852886e+38,
  "t_03" : 2.5578560829162598,
  "t_23" : 11.320224761962891,
  "t_12" : 0.76083052158355713,
  "t_01" : -0.62193906307220459,
  "timestamp" : 6507620564,
  "blur_score" : 347.59133911132812,
  "t_21" : 0.77746820449829102,
  "t_10" : -0.6421852707862854,
  "width" : 1024,
  "height" : 768,
  "manual_keyframe" : true,
  "cx" : 515.19012451171875,
  "fx" : 713.9366455078125
}