{
  "t_02" : -0.26971250772476196,
  "t_13" : -0.49987930059432983,
  "cy" : 383.1646728515625,
  "fy" : 714.2796630859375,
  "t_22" : -0.56987136602401733,
  "t_11" : 0.13262109458446503,
  "t_00" : -0.51475906372070312,
  "t_20" : -0.59591370820999146,
  "angular_velocity" : 3.4028234663852886e+38,
  "t_03" : 2.4610786437988281,
  "t_23" : 11.164210319519043,
  "t_12" : 0.77620983123779297,
  "t_01" : -0.81380480527877808,
  "timestamp" : 6507287204,
  "blur_score" : 406.95782470703125,
  "t_21" : 0.56580328941345215,
  "t_10" : -0.61636829376220703,
  "width" : 1024,
  "height" : 768,
  "manual_keyframe" : true,
  "cx" : 515.3262939453125,
  "fx" : 714.2796630859375
}