{
  "t_02" : -0.50517994165420532,
  "t_13" : -0.39444607496261597,
  "cy" : 382.7974853515625,
  "fy" : 713.9683837890625,
  "t_22" : -0.20972724258899689,
  "t_11" : 0.030427083373069763,
  "t_00" : -0.79329335689544678,
  "t_20" : -0.26910829544067383,
  "angular_velocity" : 3.4028234663852886e+38,
  "t_03" : 3.0355138778686523,
  "t_23" : 11.706161499023438,
  "t_12" : 0.83714258670806885,
  "t_01" : -0.33982199430465698,
  "timestamp" : 6508720653,
  "blur_score" : 312.77194213867188,
  "t_21" : 0.93999749422073364,
  "t_10" : -0.54613775014877319,
  "width" : 1024,
  "height" : 768,
  "manual_keyframe" : true,
  "cx" : 515.07183837890625,
  "fx" : 713.9683837890625
}