{
  "t_02" : -0.53071033954620361,
  "t_13" : -0.46148282289505005,
  "cy" : 382.74154663085938,
  "fy" : 713.63641357421875,
  "t_22" : -0.24616736173629761,
  "t_11" : 0.037941858172416687,
  "t_00" : -0.76146429777145386,
  "t_20" : -0.28170886635780334,
  "angular_velocity" : 3.4028234663852886e+38,
  "t_03" : 2.8491895198822021,
  "center_depth" : 1.551842212677002,
  "t_23" : 11.534786224365234,
  "t_12" : 0.8110167384147644,
  "t_01" : -0.37218093872070312,
  "timestamp" : 6508253948,
  "blur_score" : 428.4873046875,
  "t_21" : 0.92738437652587891,
  "t_10" : -0.58379131555557251,
  "width" : 1024,
  "height" : 768,
  "manual_keyframe" : true,
  "cx" : 515.3056640625,
  "fx" : 713.63641357421875
}