{
  "t_02" : -0.5100473165512085,
  "t_13" : -0.35640659928321838,
  "cy" : 382.82455444335938,
  "fy" : 713.9541015625,
  "t_22" : -0.20758019387722015,
  "t_11" : 0.030991829931735992,
  "t_00" : -0.79313522577285767,
  "t_20" : -0.2620292603969574,
  "angular_velocity" : 3.4028234663852886e+38,
  "t_03" : 3.1429829597473145,
  "center_depth" : 1.7339563369750977,
  "t_23" : 11.842673301696777,
  "t_12" : 0.83472275733947754,
  "t_01" : -0.33284884691238403,
  "timestamp" : 6509020677,
  "blur_score" : 376.6923828125,
  "t_21" : 0.94247078895568848,
  "t_10" : -0.54979747533798218,
  "width" : 1024,
  "height" : 768,
  "manual_keyframe" : true,
  "cx" : 514.89471435546875,
  "fx" : 713.9541015625
}