{
  "t_02" : -0.53056508302688599,
  "t_13" : -0.2799869179725647,
  "cy" : 382.64678955078125,
  "fy" : 713.630126953125,
  "t_22" : -0.22788397967815399,
  "t_11" : 0.051303081214427948,
  "t_00" : -0.78226494789123535,
  "t_20" : -0.23929683864116669,
  "angular_velocity" : 3.4028234663852886e+38,
  "t_03" : 3.3296148777008057,
  "t_23" : 12.072128295898438,
  "t_12" : 0.81643694639205933,
  "t_01" : -0.32643848657608032,
  "timestamp" : 6509654062,
  "blur_score" : 313.31918334960938,
  "t_21" : 0.94382500648498535,
  "t_10" : -0.57515078783035278,
  "width" : 1024,
  "height" : 768,
  "manual_keyframe" : true,
  "cx" : 514.81298828125,
  "fx" : 713.630126953125
}