{
  "t_02" : -0.41973090171813965,
  "t_13" : -0.23015643656253815,
  "cy" : 382.90957641601562,
  "fy" : 716.446044921875,
  "t_22" : -0.52952355146408081,
  "t_11" : 0.17415541410446167,
  "t_00" : -0.64443230628967285,
  "t_20" : -0.39808034896850586,
  "angular_velocity" : 3.4028234663852886e+38,
  "t_03" : 3.5152745246887207,
  "t_23" : 12.36381721496582,
  "t_12" : 0.73717755079269409,
  "t_01" : -0.63916581869125366,
  "timestamp" : 6510720815,
  "blur_score" : 313.906494140625,
  "t_21" : 0.74909073114395142,
  "t_10" : -0.6528698205947876,
  "width" : 1024,
  "height" : 768,
  "manual_keyframe" : true,
  "cx" : 515.2138671875,
  "fx" : 716.446044921875
}