{
  "t_02" : -0.42967027425765991,
  "t_13" : -0.24868299067020416,
  "cy" : 383.11221313476562,
  "fy" : 715.92193603515625,
  "t_22" : -0.5163804292678833,
  "t_11" : 0.15761330723762512,
  "t_00" : -0.64093601703643799,
  "t_20" : -0.40345698595046997,
  "angular_velocity" : 3.4028234663852886e+38,
  "t_03" : 3.7796444892883301,
  "t_23" : 12.407979011535645,
  "t_12" : 0.74076610803604126,
  "t_01" : -0.63606947660446167,
  "timestamp" : 6511520880,
  "blur_score" : 211.40353393554688,
  "t_21" : 0.75536316633224487,
  "t_10" : -0.65301096439361572,
  "width" : 1024,
  "height" : 768,
  "manual_keyframe" : true,
  "cx" : 515.33294677734375,
  "fx" : 715.92193603515625
}