{
  "t_02" : -0.44370430707931519,
  "t_13" : -0.29710918664932251,
  "cy" : 383.25216674804688,
  "fy" : 716.57147216796875,
  "t_22" : -0.39767009019851685,
  "t_11" : 0.11921816319227219,
  "t_00" : -0.71950876712799072,
  "t_20" : -0.37617149949073792,
  "angular_velocity" : 3.4028234663852886e+38,
  "t_03" : 4.0618529319763184,
  "t_23" : 12.602182388305664,
  "t_12" : 0.80310940742492676,
  "t_01" : -0.53425973653793335,
  "timestamp" : 6512287609,
  "blur_score" : 238.02984619140625,
  "t_21" : 0.83687108755111694,
  "t_10" : -0.58378255367279053,
  "width" : 1024,
  "height" : 768,
  "manual_keyframe" : true,
  "cx" : 515.10626220703125,
  "fx" : 716.57147216796875
}