{
  "t_02" : 0.15071883797645569,
  "t_13" : -0.33406782150268555,
  "cy" : 382.51535034179688,
  "fy" : 718.09454345703125,
  "t_22" : -0.47192975878715515,
  "t_11" : 0.023752983659505844,
  "t_00" : 0.21829363703727722,
  "t_20" : -0.84111732244491577,
  "angular_velocity" : 3.4028234663852886e+38,
  "t_03" : 4.0554189682006836,
  "center_depth" : 0.77655160427093506,
  "t_23" : 12.603121757507324,
  "t_12" : 0.86865764856338501,
  "t_01" : -0.96417415142059326,
  "timestamp" : 6513654386,
  "blur_score" : 100.80574035644531,
  "t_21" : -0.26420459151268005,
  "t_10" : -0.49484303593635559,
  "width" : 1024,
  "height" : 768,
  "manual_keyframe" : true,
  "cx" : 514.39141845703125,
  "fx" : 718.09454345703125
}