{
  "t_02" : -0.18975704908370972,
  "t_13" : -0.35207474231719971,
  "cy" : 382.97805786132812,
  "fy" : 717.17816162109375,
  "t_22" : -0.44715255498886108,
  "t_11" : 0.016063423827290535,
  "t_00" : -0.37171903252601624,
  "t_20" : -0.79128372669219971,
  "angular_velocity" : 3.4028234663852886e+38,
  "t_03" : 4.1173229217529297,
  "t_23" : 12.669821739196777,
  "t_12" : 0.87409770488739014,
  "t_01" : -0.90874481201171875,
  "timestamp" : 6513021002,
  "blur_score" : 106.37241363525391,
  "t_21" : 0.41704279184341431,
  "t_10" : -0.48548439145088196,
  "width" : 1024,
  "height" : 768,
  "manual_keyframe" : true,
  "cx" : 514.72674560546875,
  "fx" : 717.17816162109375
}