{
  "t_02" : 0.50010108947753906,
  "t_13" : -0.29424291849136353,
  "cy" : 382.65762329101562,
  "fy" : 717.729248046875,
  "t_22" : -0.19236637651920319,
  "t_11" : 0.023230094462633133,
  "t_00" : 0.77173614501953125,
  "t_20" : -0.34330290555953979,
  "angular_velocity" : 3.4028234663852886e+38,
  "t_03" : 4.149083137512207,
  "t_23" : 12.311344146728516,
  "t_12" : 0.84433037042617798,
  "t_01" : -0.39283847808837891,
  "timestamp" : 6514554459,
  "blur_score" : 184.55184936523438,
  "t_21" : -0.91931390762329102,
  "t_10" : -0.53531885147094727,
  "width" : 1024,
  "height" : 768,
  "manual_keyframe" : true,
  "cx" : 514.75701904296875,
  "fx" : 717.729248046875
}