{
  "t_02" : 0.52436625957489014,
  "t_13" : -0.28764492273330688,
  "cy" : 382.71240234375,
  "fy" : 715.84576416015625,
  "t_22" : -0.13217240571975708,
  "t_11" : 0.029230605810880661,
  "t_00" : 0.80125564336776733,
  "t_20" : -0.25771012902259827,
  "angular_velocity" : 3.4028234663852886e+38,
  "t_03" : 4.1494922637939453,
  "center_depth" : 1.8030244112014771,
  "t_23" : 12.215089797973633,
  "t_12" : 0.84117215871810913,
  "t_01" : -0.28814861178398132,
  "timestamp" : 6514821148,
  "blur_score" : 252.85139465332031,
  "t_21" : -0.95713949203491211,
  "t_10" : -0.53997689485549927,
  "width" : 1024,
  "height" : 768,
  "manual_keyframe" : true,
  "cx" : 514.83233642578125,
  "fx" : 715.84576416015625
}