{
  "t_02" : 0.41871294379234314,
  "t_13" : -0.31366133689880371,
  "cy" : 382.47625732421875,
  "fy" : 718.60601806640625,
  "t_22" : -0.32699298858642578,
  "t_11" : 0.025430260226130486,
  "t_00" : 0.63748806715011597,
  "t_20" : -0.55857932567596436,
  "angular_velocity" : 3.4028234663852886e+38,
  "t_03" : 4.1069445610046387,
  "t_23" : 12.45468807220459,
  "t_12" : 0.84720426797866821,
  "t_01" : -0.64675223827362061,
  "timestamp" : 6514121091,
  "blur_score" : 164.04327392578125,
  "t_21" : -0.76227593421936035,
  "t_10" : -0.53065824508666992,
  "width" : 1024,
  "height" : 768,
  "manual_keyframe" : true,
  "cx" : 514.4649658203125,
  "fx" : 718.60601806640625
}