{
  "t_02" : 0.3318200409412384,
  "t_13" : -0.47694313526153564,
  "cy" : 382.73748779296875,
  "fy" : 714.43212890625,
  "t_22" : 0.050351511687040329,
  "t_11" : -0.019695360213518143,
  "t_00" : 0.92092740535736084,
  "t_20" : 0.19910021126270294,
  "angular_velocity" : 3.4028234663852886e+38,
  "t_03" : 4.3456821441650391,
  "center_depth" : 1.3982700109481812,
  "t_23" : 12.130477905273438,
  "t_12" : 0.94199800491333008,
  "t_01" : 0.20442177355289459,
  "timestamp" : 6516487950,
  "blur_score" : 714.6986083984375,
  "t_21" : -0.97868472337722778,
  "t_10" : -0.33504015207290649,
  "width" : 1024,
  "height" : 768,
  "manual_keyframe" : true,
  "cx" : 514.4166259765625,
  "fx" : 714.43212890625
}