{
  "t_02" : 0.45034998655319214,
  "t_13" : -0.34405642747879028,
  "cy" : 382.67584228515625,
  "fy" : 714.2431640625,
  "t_22" : 0.14138954877853394,
  "t_11" : 0.033890470862388611,
  "t_00" : 0.8604426383972168,
  "t_20" : 0.1948864609003067,
  "angular_velocity" : 3.4028234663852886e+38,
  "t_03" : 3.9414384365081787,
  "t_23" : 12.215929985046387,
  "t_12" : 0.88158583641052246,
  "t_01" : 0.23837609589099884,
  "timestamp" : 6517954736,
  "blur_score" : 394.09490966796875,
  "t_21" : -0.9705812931060791,
  "t_10" : -0.47080522775650024,
  "width" : 1024,
  "height" : 768,
  "manual_keyframe" : true,
  "cx" : 514.2503662109375,
  "fx" : 714.2431640625
}