{
  "t_02" : 0.36706537008285522,
  "t_13" : -0.40294450521469116,
  "cy" : 382.2376708984375,
  "fy" : 714.74822998046875,
  "t_22" : 0.076371639966964722,
  "t_11" : 0.0081807849928736687,
  "t_00" : 0.91184645891189575,
  "t_20" : 0.16743180155754089,
  "angular_velocity" : 3.4028234663852886e+38,
  "t_03" : 4.1675634384155273,
  "t_23" : 12.194795608520508,
  "t_12" : 0.92705470323562622,
  "t_01" : 0.18384534120559692,
  "timestamp" : 6517354687,
  "blur_score" : 361.85348510742188,
  "t_21" : -0.98292112350463867,
  "t_10" : -0.37483689188957214,
  "width" : 1024,
  "height" : 768,
  "manual_keyframe" : true,
  "cx" : 514.07220458984375,
  "fx" : 714.74822998046875
}