{
  "t_02" : 0.52863395214080811,
  "t_13" : -0.29310688376426697,
  "cy" : 382.82049560546875,
  "fy" : 713.65557861328125,
  "t_22" : 0.14143428206443787,
  "t_11" : 0.019616363570094109,
  "t_00" : 0.81729114055633545,
  "t_20" : 0.18155591189861298,
  "angular_velocity" : 3.4028234663852886e+38,
  "t_03" : 3.754885196685791,
  "center_depth" : 1.8001687526702881,
  "t_23" : 12.151554107666016,
  "t_12" : 0.83698409795761108,
  "t_01" : 0.22930635511875153,
  "timestamp" : 6518388104,
  "blur_score" : 579.93902587890625,
  "t_21" : -0.9731566309928894,
  "t_10" : -0.54687535762786865,
  "width" : 1024,
  "height" : 768,
  "manual_keyframe" : true,
  "cx" : 514.54156494140625,
  "fx" : 713.65557861328125
}