{
  "t_02" : 0.55576759576797485,
  "t_13" : -0.26643025875091553,
  "cy" : 382.66775512695312,
  "fy" : 713.3299560546875,
  "t_22" : 0.13694491982460022,
  "t_11" : -7.2603746957611293e-05,
  "t_00" : 0.79613643884658813,
  "t_20" : 0.1963040679693222,
  "angular_velocity" : 3.4028234663852886e+38,
  "t_03" : 3.5751786231994629,
  "center_depth" : 1.8733476400375366,
  "t_23" : 12.104391098022461,
  "t_12" : 0.81998074054718018,
  "t_01" : 0.23935160040855408,
  "timestamp" : 6518754801,
  "blur_score" : 571.97564697265625,
  "t_21" : -0.97093296051025391,
  "t_10" : -0.57239103317260742,
  "width" : 1024,
  "height" : 768,
  "manual_keyframe" : true,
  "cx" : 514.77508544921875,
  "fx" : 713.3299560546875
}