{
  "t_02" : 0.58144116401672363,
  "t_13" : -0.26886418461799622,
  "cy" : 382.5692138671875,
  "fy" : 713.0313720703125,
  "t_22" : 0.15242902934551239,
  "t_11" : -0.032158989459276199,
  "t_00" : 0.75838404893875122,
  "t_20" : 0.25412499904632568,
  "angular_velocity" : 3.4028234663852886e+38,
  "t_03" : 3.2487530708312988,
  "t_23" : 12.013097763061523,
  "t_12" : 0.79918181896209717,
  "t_01" : 0.29458430409431458,
  "timestamp" : 6519421522,
  "blur_score" : 708.74786376953125,
  "t_21" : -0.95508426427841187,
  "t_10" : -0.60022848844528198,
  "width" : 1024,
  "height" : 768,
  "manual_keyframe" : true,
  "cx" : 514.97711181640625,
  "fx" : 713.0313720703125
}