{
  "t_02" : 0.46957582235336304,
  "t_13" : -0.32080328464508057,
  "cy" : 382.352783203125,
  "fy" : 713.0059814453125,
  "t_22" : 0.3087945282459259,
  "t_11" : -0.082399457693099976,
  "t_00" : 0.6030656099319458,
  "t_20" : 0.57205426692962646,
  "angular_velocity" : 3.4028234663852886e+38,
  "t_03" : 2.7107560634613037,
  "t_23" : 11.606541633605957,
  "t_12" : 0.82713031768798828,
  "t_01" : 0.64483368396759033,
  "timestamp" : 6520654956,
  "blur_score" : 535.550537109375,
  "t_21" : -0.75986844301223755,
  "t_10" : -0.55593687295913696,
  "width" : 1024,
  "height" : 768,
  "manual_keyframe" : true,
  "cx" : 514.8946533203125,
  "fx" : 713.0059814453125
}