{
  "t_02" : 0.5655287504196167,
  "t_13" : -0.29500597715377808,
  "cy" : 382.5240478515625,
  "fy" : 712.99163818359375,
  "t_22" : 0.16402679681777954,
  "t_11" : -0.056723464280366898,
  "t_00" : 0.74581646919250488,
  "t_20" : 0.3166193962097168,
  "angular_velocity" : 3.4028234663852886e+38,
  "t_03" : 2.9640991687774658,
  "center_depth" : 1.8719229698181152,
  "t_23" : 11.810172080993652,
  "t_12" : 0.80825269222259521,
  "t_01" : 0.35204410552978516,
  "timestamp" : 6520021571,
  "blur_score" : 725.34246826171875,
  "t_21" : -0.93426305055618286,
  "t_10" : -0.58609724044799805,
  "width" : 1024,
  "height" : 768,
  "manual_keyframe" : true,
  "cx" : 514.993896484375,
  "fx" : 712.99163818359375
}