{
  "t_02" : 0.3187279999256134,
  "t_13" : -0.32761126756668091,
  "cy" : 382.35372924804688,
  "fy" : 713.36334228515625,
  "t_22" : 0.44858983159065247,
  "t_11" : -0.06474265456199646,
  "t_00" : 0.38434860110282898,
  "t_20" : 0.74407482147216797,
  "angular_velocity" : 3.4028234663852886e+38,
  "t_03" : 2.4843375682830811,
  "center_depth" : 1.7661269903182983,
  "t_23" : 11.231117248535156,
  "t_12" : 0.83497273921966553,
  "t_01" : 0.86642283201217651,
  "timestamp" : 6521388349,
  "blur_score" : 484.11111450195312,
  "t_21" : -0.49509572982788086,
  "t_10" : -0.54646933078765869,
  "width" : 1024,
  "height" : 768,
  "manual_keyframe" : true,
  "cx" : 514.7593994140625,
  "fx" : 713.36334228515625
}