{
  "t_02" : 0.36555570363998413,
  "t_13" : -0.31651270389556885,
  "cy" : 382.400390625,
  "fy" : 713.37445068359375,
  "t_22" : 0.40313786268234253,
  "t_11" : -0.072809353470802307,
  "t_00" : 0.45937648415565491,
  "t_20" : 0.70577859878540039,
  "angular_velocity" : 3.4028234663852886e+38,
  "t_03" : 2.5427474975585938,
  "t_23" : 11.343048095703125,
  "t_12" : 0.83895701169967651,
  "t_01" : 0.80953216552734375,
  "timestamp" : 6521154997,
  "blur_score" : 490.10366821289062,
  "t_21" : -0.58254319429397583,
  "t_10" : -0.53930497169494629,
  "width" : 1024,
  "height" : 768,
  "manual_keyframe" : true,
  "cx" : 514.9234619140625,
  "fx" : 713.37445068359375
}