{
  "t_02" : 0.13153830170631409,
  "t_13" : -0.35249543190002441,
  "cy" : 382.38174438476562,
  "fy" : 713.35693359375,
  "t_22" : 0.50973093509674072,
  "t_11" : -0.076712056994438171,
  "t_00" : 0.069076389074325562,
  "t_20" : 0.85087335109710693,
  "angular_velocity" : 3.4028234663852886e+38,
  "t_03" : 2.3794293403625488,
  "t_23" : 10.932230949401855,
  "t_12" : 0.85021877288818359,
  "t_01" : 0.98890143632888794,
  "timestamp" : 6522055070,
  "blur_score" : 490.65478515625,
  "t_21" : -0.12723651528358459,
  "t_10" : -0.52081006765365601,
  "width" : 1024,
  "height" : 768,
  "manual_keyframe" : true,
  "cx" : 514.73675537109375,
  "fx" : 713.35693359375
}