{
  "t_02" : 0.080843314528465271,
  "t_13" : -0.34131878614425659,
  "cy" : 382.36672973632812,
  "fy" : 713.3204345703125,
  "t_22" : 0.50303941965103149,
  "t_11" : -0.080935947597026825,
  "t_00" : -0.022042091935873032,
  "t_20" : 0.86399102210998535,
  "angular_velocity" : 3.4028234663852886e+38,
  "t_03" : 2.3246316909790039,
  "t_23" : 10.645340919494629,
  "t_12" : 0.8604741096496582,
  "t_01" : 0.99648302793502808,
  "timestamp" : 6522455103,
  "blur_score" : 592.964599609375,
  "t_21" : -0.021699531003832817,
  "t_10" : -0.50302451848983765,
  "width" : 1024,
  "height" : 768,
  "manual_keyframe" : true,
  "cx" : 514.955322265625,
  "fx" : 713.3204345703125
}