{
  "t_02" : -0.051512595266103745,
  "t_13" : -0.24904102087020874,
  "cy" : 382.37615966796875,
  "fy" : 713.38555908203125,
  "t_22" : 0.56865525245666504,
  "t_11" : -0.081569328904151917,
  "t_00" : -0.21558025479316711,
  "t_20" : 0.79633939266204834,
  "angular_velocity" : 3.4028234663852886e+38,
  "t_03" : 2.2436449527740479,
  "t_23" : 9.9906129837036133,
  "t_12" : 0.82096141576766968,
  "t_01" : 0.97512644529342651,
  "timestamp" : 6523488521,
  "blur_score" : 294.7421875,
  "t_21" : 0.20609420537948608,
  "t_10" : -0.56512719392776489,
  "width" : 1024,
  "height" : 768,
  "manual_keyframe" : true,
  "cx" : 514.71710205078125,
  "fx" : 713.38555908203125
}