{
  "t_02" : -0.078846350312232971,
  "t_13" : -0.22009648382663727,
  "cy" : 382.37481689453125,
  "fy" : 713.00439453125,
  "t_22" : 0.61503654718399048,
  "t_11" : -0.09122554212808609,
  "t_00" : -0.24460235238075256,
  "t_20" : 0.7510027289390564,
  "angular_velocity" : 3.4028234663852886e+38,
  "t_03" : 2.268831729888916,
  "center_depth" : 2.0067281723022461,
  "t_23" : 9.7662744522094727,
  "t_12" : 0.78454655408859253,
  "t_01" : 0.96641242504119873,
  "timestamp" : 6523821881,
  "blur_score" : 331.19000244140625,
  "t_21" : 0.24026018381118774,
  "t_10" : -0.61332255601882935,
  "width" : 1024,
  "height" : 768,
  "manual_keyframe" : true,
  "cx" : 514.863037109375,
  "fx" : 713.00439453125
}