{
  "t_02" : 0.014555089175701141,
  "t_13" : -0.30649244785308838,
  "cy" : 382.28976440429688,
  "fy" : 713.38714599609375,
  "t_22" : 0.51843166351318359,
  "t_11" : -0.073005102574825287,
  "t_00" : -0.11695241928100586,
  "t_20" : 0.85009920597076416,
  "angular_velocity" : 3.4028234663852886e+38,
  "t_03" : 2.2594192028045654,
  "center_depth" : 1.7399500608444214,
  "t_23" : 10.28359317779541,
  "t_12" : 0.85499513149261475,
  "t_01" : 0.993030846118927,
  "timestamp" : 6523021816,
  "blur_score" : 360.14480590820312,
  "t_21" : 0.092520110309123993,
  "t_10" : -0.51347202062606812,
  "width" : 1024,
  "height" : 768,
  "manual_keyframe" : true,
  "cx" : 514.63128662109375,
  "fx" : 713.38714599609375
}