{
  "t_02" : -0.12701328098773956,
  "t_13" : -0.2001393735408783,
  "cy" : 382.14694213867188,
  "fy" : 712.998046875,
  "t_22" : 0.63999426364898682,
  "t_11" : -0.083794847130775452,
  "t_00" : -0.27226543426513672,
  "t_20" : 0.71215742826461792,
  "angular_velocity" : 3.4028234663852886e+38,
  "t_03" : 2.265343189239502,
  "center_depth" : 2.0950279235839844,
  "t_23" : 9.2422256469726562,
  "t_12" : 0.7578093409538269,
  "t_01" : 0.95380252599716187,
  "timestamp" : 6524588611,
  "blur_score" : 325.165283203125,
  "t_21" : 0.28851214051246643,
  "t_10" : -0.64707297086715698,
  "width" : 1024,
  "height" : 768,
  "manual_keyframe" : true,
  "cx" : 515.1552734375,
  "fx" : 712.998046875
}