{
  "t_02" : -0.109470434486866,
  "t_13" : -0.19850106537342072,
  "cy" : 382.18798828125,
  "fy" : 712.926513671875,
  "t_22" : 0.6319119930267334,
  "t_11" : -0.085347414016723633,
  "t_00" : -0.26093077659606934,
  "t_20" : 0.72656911611557007,
  "angular_velocity" : 3.4028234663852886e+38,
  "t_03" : 2.2683303356170654,
  "t_23" : 9.4511737823486328,
  "t_12" : 0.76727014780044556,
  "t_01" : 0.95913052558898926,
  "timestamp" : 6524288586,
  "blur_score" : 248.15353393554688,
  "t_21" : 0.26978597044944763,
  "t_10" : -0.6356196403503418,
  "width" : 1024,
  "height" : 768,
  "manual_keyframe" : true,
  "cx" : 515.052001953125,
  "fx" : 712.926513671875
}