{
  "t_02" : -0.14268635213375092,
  "t_13" : -0.22148551046848297,
  "cy" : 382.31787109375,
  "fy" : 713.02978515625,
  "t_22" : 0.6116454005241394,
  "t_11" : -0.068901024758815765,
  "t_00" : -0.28255197405815125,
  "t_20" : 0.72831469774246216,
  "angular_velocity" : 3.4028234663852886e+38,
  "t_03" : 2.4176754951477051,
  "center_depth" : 2.0111775398254395,
  "t_23" : 8.6024312973022461,
  "t_12" : 0.77815836668014526,
  "t_01" : 0.94858050346374512,
  "timestamp" : 6525555356,
  "blur_score" : 311.1259765625,
  "t_21" : 0.30894607305526733,
  "t_10" : -0.62427723407745361,
  "width" : 1024,
  "height" : 768,
  "manual_keyframe" : true,
  "cx" : 515.1695556640625,
  "fx" : 713.02978515625
}