{
  "t_02" : -0.12894214689731598,
  "t_13" : -0.20688937604427338,
  "cy" : 382.3492431640625,
  "fy" : 713.0361328125,
  "t_22" : 0.62763106822967529,
  "t_11" : -0.084322057664394379,
  "t_00" : -0.28206866979598999,
  "t_20" : 0.71902763843536377,
  "angular_velocity" : 3.4028234663852886e+38,
  "t_03" : 2.3212664127349854,
  "t_23" : 8.943171501159668,
  "t_12" : 0.76775854825973511,
  "t_01" : 0.95068985223770142,
  "timestamp" : 6525021979,
  "blur_score" : 354.55487060546875,
  "t_21" : 0.29846036434173584,
  "t_10" : -0.63516652584075928,
  "width" : 1024,
  "height" : 768,
  "manual_keyframe" : true,
  "cx" : 515.28021240234375,
  "fx" : 713.0361328125
}