{
  "t_02" : -0.15500165522098541,
  "t_13" : -0.24481630325317383,
  "cy" : 382.30746459960938,
  "fy" : 713.3458251953125,
  "t_22" : 0.58566516637802124,
  "t_11" : -0.046264879405498505,
  "t_00" : -0.276783287525177,
  "t_20" : 0.74733024835586548,
  "angular_velocity" : 3.4028234663852886e+38,
  "t_03" : 2.4899017810821533,
  "t_23" : 8.2931184768676758,
  "t_12" : 0.79559469223022461,
  "t_01" : 0.94834882020950317,
  "timestamp" : 6526155405,
  "blur_score" : 384.543701171875,
  "t_21" : 0.31383761763572693,
  "t_10" : -0.60406011343002319,
  "width" : 1024,
  "height" : 768,
  "manual_keyframe" : true,
  "cx" : 515.00677490234375,
  "fx" : 713.3458251953125
}