{
  "t_02" : -0.10521629452705383,
  "t_13" : -0.22623784840106964,
  "cy" : 382.43838500976562,
  "fy" : 713.347412109375,
  "t_22" : 0.69484061002731323,
  "t_11" : -0.052439767867326736,
  "t_00" : -0.17999495565891266,
  "t_20" : 0.69027376174926758,
  "angular_velocity" : 3.4028234663852886e+38,
  "t_03" : 2.52215576171875,
  "t_23" : 8.4360923767089844,
  "t_12" : 0.7114253044128418,
  "t_01" : 0.97802424430847168,
  "timestamp" : 6527955553,
  "blur_score" : 226.29653930664062,
  "t_21" : 0.20178879797458649,
  "t_10" : -0.70080238580703735,
  "width" : 1024,
  "height" : 768,
  "manual_keyframe" : true,
  "cx" : 515.34930419921875,
  "fx" : 713.347412109375
}