{
  "t_02" : -0.13618233799934387,
  "t_13" : -0.16970714926719666,
  "cy" : 382.36453247070312,
  "fy" : 713.37603759765625,
  "t_22" : 0.70991754531860352,
  "t_11" : -0.039293911308050156,
  "t_00" : -0.18337152898311615,
  "t_20" : 0.66737562417984009,
  "angular_velocity" : 3.4028234663852886e+38,
  "t_03" : 2.5606017112731934,
  "center_depth" : 2.3281619548797607,
  "t_23" : 8.1011104583740234,
  "t_12" : 0.69099295139312744,
  "t_01" : 0.97356516122817993,
  "timestamp" : 6527188823,
  "blur_score" : 513.39520263671875,
  "t_21" : 0.22500383853912354,
  "t_10" : -0.72179263830184937,
  "width" : 1024,
  "height" : 768,
  "manual_keyframe" : true,
  "cx" : 514.88836669921875,
  "fx" : 713.37603759765625
}