{
  "t_02" : -0.16313663125038147,
  "t_13" : -0.32855701446533203,
  "cy" : 382.49053955078125,
  "fy" : 716.5142822265625,
  "t_22" : 0.51435714960098267,
  "t_11" : -0.080631092190742493,
  "t_00" : -0.39410713315010071,
  "t_20" : 0.74833428859710693,
  "angular_velocity" : 3.4028234663852886e+38,
  "t_03" : 2.5852854251861572,
  "t_23" : 8.9339675903320312,
  "t_12" : 0.84191632270812988,
  "t_01" : 0.90447008609771729,
  "timestamp" : 6528722282,
  "blur_score" : 81.513931274414062,
  "t_21" : 0.41884678602218628,
  "t_10" : -0.53354990482330322,
  "width" : 1024,
  "height" : 768,
  "manual_keyframe" : true,
  "cx" : 515.2115478515625,
  "fx" : 716.5142822265625
}