{
  "t_02" : -0.11795225739479065,
  "t_13" : -0.2822117805480957,
  "cy" : 382.46047973632812,
  "fy" : 713.4586181640625,
  "t_22" : 0.60609960556030273,
  "t_11" : -0.073849305510520935,
  "t_00" : -0.2665780782699585,
  "t_20" : 0.74372071027755737,
  "angular_velocity" : 3.4028234663852886e+38,
  "t_03" : 2.5381104946136475,
  "t_23" : 8.7166433334350586,
  "t_12" : 0.78659427165985107,
  "t_01" : 0.95656853914260864,
  "timestamp" : 6528422257,
  "blur_score" : 108.1455078125,
  "t_21" : 0.28199803829193115,
  "t_10" : -0.61303806304931641,
  "width" : 1024,
  "height" : 768,
  "manual_keyframe" : true,
  "cx" : 515.4781494140625,
  "fx" : 713.4586181640625
}