{
  "t_02" : -0.22767260670661926,
  "t_13" : -0.35735958814620972,
  "cy" : 382.39520263671875,
  "fy" : 717.37835693359375,
  "t_22" : 0.42661294341087341,
  "t_11" : -0.071813412010669708,
  "t_00" : -0.53856438398361206,
  "t_20" : 0.69373786449432373,
  "angular_velocity" : 3.4028234663852886e+38,
  "t_03" : 2.62735915184021,
  "center_depth" : 1.626379132270813,
  "t_23" : 9.1521682739257812,
  "t_12" : 0.87530940771102905,
  "t_01" : 0.81124204397201538,
  "timestamp" : 6528988970,
  "blur_score" : 114.97692108154297,
  "t_21" : 0.58028370141983032,
  "t_10" : -0.47820106148719788,
  "width" : 1024,
  "height" : 768,
  "manual_keyframe" : true,
  "cx" : 514.8858642578125,
  "fx" : 717.37835693359375
}