{
  "t_02" : -0.2618790864944458,
  "t_13" : -0.36752867698669434,
  "cy" : 382.29800415039062,
  "fy" : 716.85260009765625,
  "t_22" : 0.37516674399375916,
  "t_11" : -0.071090757846832275,
  "t_00" : -0.63018655776977539,
  "t_20" : 0.63133823871612549,
  "angular_velocity" : 3.4028234663852886e+38,
  "t_03" : 2.6479387283325195,
  "center_depth" : 1.5102131366729736,
  "t_23" : 9.2758197784423828,
  "t_12" : 0.88919579982757568,
  "t_01" : 0.73094743490219116,
  "timestamp" : 6529155651,
  "blur_score" : 142.76966857910156,
  "t_21" : 0.67872077226638794,
  "t_10" : -0.45196998119354248,
  "width" : 1024,
  "height" : 768,
  "manual_keyframe" : true,
  "cx" : 514.78411865234375,
  "fx" : 716.85260009765625
}