{
  "t_02" : -0.42918184399604797,
  "t_13" : -0.36347883939743042,
  "cy" : 381.96875,
  "fy" : 713.9144287109375,
  "t_22" : 0.071384556591510773,
  "t_11" : -0.064557820558547974,
  "t_00" : -0.90270423889160156,
  "t_20" : -0.00027651767595671117,
  "angular_velocity" : 3.4028234663852886e+38,
  "t_03" : 2.5693120956420898,
  "center_depth" : 1.579287052154541,
  "t_23" : 9.5329790115356445,
  "t_12" : 0.90039277076721191,
  "t_01" : 0.030465077608823776,
  "timestamp" : 6530089060,
  "blur_score" : 357.32278442382812,
  "t_21" : 0.99744874238967896,
  "t_10" : -0.43026167154312134,
  "width" : 1024,
  "height" : 768,
  "manual_keyframe" : true,
  "cx" : 514.330078125,
  "fx" : 713.9144287109375
}