{
  "t_02" : -0.50928103923797607,
  "t_13" : -0.30101040005683899,
  "cy" : 382.56704711914062,
  "fy" : 713.341064453125,
  "t_22" : -0.11070841550827026,
  "t_11" : -0.010309405624866486,
  "t_00" : -0.82960748672485352,
  "t_20" : -0.20058460533618927,
  "angular_velocity" : 3.4028234663852886e+38,
  "t_03" : 2.4369661808013916,
  "t_23" : 9.7785787582397461,
  "t_12" : 0.85344970226287842,
  "t_01" : -0.22887606918811798,
  "timestamp" : 6531022470,
  "blur_score" : 650.39935302734375,
  "t_21" : 0.97340089082717896,
  "t_10" : -0.52107316255569458,
  "width" : 1024,
  "height" : 768,
  "manual_keyframe" : true,
  "cx" : 514.6102294921875,
  "fx" : 713.341064453125
}