{
  "t_02" : -0.62741833925247192,
  "t_13" : -0.22206799685955048,
  "cy" : 382.33407592773438,
  "fy" : 712.998046875,
  "t_22" : -0.13033406436443329,
  "t_11" : -0.041700787842273712,
  "t_00" : -0.73682230710983276,
  "t_20" : -0.21952474117279053,
  "angular_velocity" : 3.4028234663852886e+38,
  "t_03" : 2.7301414012908936,
  "center_depth" : 2.0461454391479492,
  "t_23" : 9.9417514801025391,
  "t_12" : 0.76769733428955078,
  "t_01" : -0.25187122821807861,
  "timestamp" : 6532022552,
  "blur_score" : 547.53277587890625,
  "t_21" : 0.96686190366744995,
  "t_10" : -0.63945424556732178,
  "width" : 1024,
  "height" : 768,
  "manual_keyframe" : true,
  "cx" : 515.199462890625,
  "fx" : 712.998046875
}