{
  "t_02" : -0.5481727123260498,
  "t_13" : -0.29907739162445068,
  "cy" : 382.46286010742188,
  "fy" : 712.731201171875,
  "t_22" : 0.086012125015258789,
  "t_11" : -0.016846960410475731,
  "t_00" : -0.82620245218276978,
  "t_20" : 0.098903991281986237,
  "angular_velocity" : 3.4028234663852886e+38,
  "t_03" : 3.3148989677429199,
  "t_23" : 10.18782901763916,
  "t_12" : 0.83193063735961914,
  "t_01" : 0.12998563051223755,
  "timestamp" : 6532922625,
  "blur_score" : 864.8916015625,
  "t_21" : 0.99137264490127563,
  "t_10" : -0.55462378263473511,
  "width" : 1024,
  "height" : 768,
  "manual_keyframe" : true,
  "cx" : 515.20245361328125,
  "fx" : 712.731201171875
}