{
  "t_02" : -0.60918891429901123,
  "t_13" : -0.27441751956939697,
  "cy" : 382.50518798828125,
  "fy" : 712.7486572265625,
  "t_22" : -0.0090815117582678795,
  "t_11" : -0.027987780049443245,
  "t_00" : -0.7913631796836853,
  "t_20" : -0.057739973068237305,
  "angular_velocity" : 3.4028234663852886e+38,
  "t_03" : 3.0488529205322266,
  "center_depth" : 1.9190880060195923,
  "t_23" : 10.078185081481934,
  "t_12" : 0.79297292232513428,
  "t_01" : -0.0513133704662323,
  "timestamp" : 6532522592,
  "blur_score" : 569.18524169921875,
  "t_21" : 0.9982903003692627,
  "t_10" : -0.60861343145370483,
  "width" : 1024,
  "height" : 768,
  "manual_keyframe" : true,
  "cx" : 515.2738037109375,
  "fx" : 712.7486572265625
}