{
  "t_02" : -0.49703988432884216,
  "t_13" : -0.31355291604995728,
  "cy" : 382.3653564453125,
  "fy" : 713.379150390625,
  "t_22" : 0.16768528521060944,
  "t_11" : 0.0064187292009592056,
  "t_00" : -0.80272811651229858,
  "t_20" : 0.28372853994369507,
  "angular_velocity" : 3.4028234663852886e+38,
  "t_03" : 4.0741462707519531,
  "t_23" : 10.271303176879883,
  "t_12" : 0.85137128829956055,
  "t_01" : 0.32951334118843079,
  "timestamp" : 6533889371,
  "blur_score" : 603.19769287109375,
  "t_21" : 0.94412899017333984,
  "t_10" : -0.52452433109283447,
  "width" : 1024,
  "height" : 768,
  "manual_keyframe" : true,
  "cx" : 514.91680908203125,
  "fx" : 713.379150390625
}