{
  "t_02" : -0.53191804885864258,
  "t_13" : -0.30080223083496094,
  "cy" : 382.3929443359375,
  "fy" : 713.058349609375,
  "t_22" : 0.11750422418117523,
  "t_11" : -0.0095319654792547226,
  "t_00" : -0.8225104808807373,
  "t_20" : 0.16377802193164825,
  "angular_velocity" : 3.4028234663852886e+38,
  "t_03" : 3.7837905883789062,
  "t_23" : 10.278282165527344,
  "t_12" : 0.83860349655151367,
  "t_01" : 0.20134454965591431,
  "timestamp" : 6533556010,
  "blur_score" : 483.70166015625,
  "t_21" : 0.97947400808334351,
  "t_10" : -0.5446588397026062,
  "width" : 1024,
  "height" : 768,
  "manual_keyframe" : true,
  "cx" : 514.910400390625,
  "fx" : 713.058349609375
}