{
  "t_02" : -0.53782081604003906,
  "t_13" : -0.28940463066101074,
  "cy" : 382.41134643554688,
  "fy" : 712.99957275390625,
  "t_22" : 0.10289540141820908,
  "t_11" : -0.015457545407116413,
  "t_00" : -0.82682758569717407,
  "t_20" : 0.12944681942462921,
  "angular_velocity" : 3.4028234663852886e+38,
  "t_03" : 3.5047812461853027,
  "center_depth" : 1.8011202812194824,
  "t_23" : 10.238650321960449,
  "t_12" : 0.83675634860992432,
  "t_01" : 0.16463598608970642,
  "timestamp" : 6533189313,
  "blur_score" : 505.9375,
  "t_21" : 0.98623329401016235,
  "t_10" : -0.54735714197158813,
  "width" : 1024,
  "height" : 768,
  "manual_keyframe" : true,
  "cx" : 515.1134033203125,
  "fx" : 712.99957275390625
}