{
  "t_02" : -0.35692045092582703,
  "t_13" : -0.30331003665924072,
  "cy" : 382.49929809570312,
  "fy" : 713.62701416015625,
  "t_22" : 0.35742831230163574,
  "t_11" : 0.010870273225009441,
  "t_00" : -0.59446442127227783,
  "t_20" : 0.62576597929000854,
  "angular_velocity" : 3.4028234663852886e+38,
  "t_03" : 4.8337893486022949,
  "center_depth" : 1.703580379486084,
  "t_23" : 9.9485464096069336,
  "t_12" : 0.86304855346679688,
  "t_01" : 0.72056907415390015,
  "timestamp" : 6534922789,
  "blur_score" : 388.80718994140625,
  "t_21" : 0.69329780340194702,
  "t_10" : -0.50500398874282837,
  "width" : 1024,
  "height" : 768,
  "manual_keyframe" : true,
  "cx" : 514.59210205078125,
  "fx" : 713.62701416015625
}