{
  "t_02" : -0.4136178195476532,
  "t_13" : -0.30640149116516113,
  "cy" : 382.33316040039062,
  "fy" : 713.36962890625,
  "t_22" : 0.26149174571037292,
  "t_11" : 0.0115584721788764,
  "t_00" : -0.72430652379989624,
  "t_20" : 0.48585602641105652,
  "angular_velocity" : 3.4028234663852886e+38,
  "t_03" : 4.5220255851745605,
  "t_23" : 10.109845161437988,
  "t_12" : 0.87209081649780273,
  "t_01" : 0.55163425207138062,
  "timestamp" : 6534489420,
  "blur_score" : 425.27890014648438,
  "t_21" : 0.83400601148605347,
  "t_10" : -0.48920753598213196,
  "width" : 1024,
  "height" : 768,
  "manual_keyframe" : true,
  "cx" : 514.70745849609375,
  "fx" : 713.36962890625
}