{
  "t_02" : -0.45537972450256348,
  "t_13" : -0.32305938005447388,
  "cy" : 382.34603881835938,
  "fy" : 713.36334228515625,
  "t_22" : 0.20462380349636078,
  "t_11" : 0.0087807932868599892,
  "t_00" : -0.78300803899765015,
  "t_20" : 0.37112519145011902,
  "angular_velocity" : 3.4028234663852886e+38,
  "t_03" : 4.2598538398742676,
  "center_depth" : 1.6860486268997192,
  "t_23" : 10.227307319641113,
  "t_12" : 0.86646312475204468,
  "t_01" : 0.42370709776878357,
  "timestamp" : 6534122723,
  "blur_score" : 568.7794189453125,
  "t_21" : 0.90575665235519409,
  "t_10" : -0.49916380643844604,
  "width" : 1024,
  "height" : 768,
  "manual_keyframe" : true,
  "cx" : 514.9066162109375,
  "fx" : 713.36334228515625
}