{
  "t_02" : -0.23372317850589752,
  "t_13" : -0.26512527465820312,
  "cy" : 382.415283203125,
  "fy" : 713.353759765625,
  "t_22" : 0.50276273488998413,
  "t_11" : 0.015945298597216606,
  "t_00" : -0.32460355758666992,
  "t_20" : 0.76647889614105225,
  "angular_velocity" : 3.4028234663852886e+38,
  "t_03" : 5.2942967414855957,
  "center_depth" : 1.8100876808166504,
  "t_23" : 9.4706640243530273,
  "t_12" : 0.83222776651382446,
  "t_01" : 0.9165184497833252,
  "timestamp" : 6535756190,
  "blur_score" : 390.766357421875,
  "t_21" : 0.39967456459999084,
  "t_10" : -0.55420452356338501,
  "width" : 1024,
  "height" : 768,
  "manual_keyframe" : true,
  "cx" : 514.77081298828125,
  "fx" : 713.353759765625
}