{
  "t_02" : -0.25873711705207825,
  "t_13" : -0.2802441418170929,
  "cy" : 382.39169311523438,
  "fy" : 713.33941650390625,
  "t_22" : 0.4709705114364624,
  "t_11" : 0.02256024070084095,
  "t_00" : -0.36891517043113708,
  "t_20" : 0.75871753692626953,
  "angular_velocity" : 3.4028234663852886e+38,
  "t_03" : 5.1897249221801758,
  "t_23" : 9.6226272583007812,
  "t_12" : 0.84335142374038696,
  "t_01" : 0.89272427558898926,
  "timestamp" : 6535522838,
  "blur_score" : 373.36520385742188,
  "t_21" : 0.45003813505172729,
  "t_10" : -0.53688836097717285,
  "width" : 1024,
  "height" : 768,
  "manual_keyframe" : true,
  "cx" : 514.7269287109375,
  "fx" : 713.33941650390625
}