{
  "t_02" : -0.30890107154846191,
  "t_13" : -0.28169384598731995,
  "cy" : 382.53634643554688,
  "fy" : 713.6507568359375,
  "t_22" : 0.41797420382499695,
  "t_11" : 0.015725350007414818,
  "t_00" : -0.4832015335559845,
  "t_20" : 0.70472770929336548,
  "angular_velocity" : 3.4028234663852886e+38,
  "t_03" : 4.9935135841369629,
  "center_depth" : 1.7474862337112427,
  "t_23" : 9.8400487899780273,
  "t_12" : 0.85432863235473633,
  "t_01" : 0.81920462846755981,
  "timestamp" : 6535156141,
  "blur_score" : 424.29873657226562,
  "t_21" : 0.57328557968139648,
  "t_10" : -0.51949501037597656,
  "width" : 1024,
  "height" : 768,
  "manual_keyframe" : true,
  "cx" : 514.73162841796875,
  "fx" : 713.6507568359375
}