{
  "t_02" : -0.16857454180717468,
  "t_13" : -0.28053441643714905,
  "cy" : 382.46051025390625,
  "fy" : 713.05523681640625,
  "t_22" : 0.60267066955566406,
  "t_11" : 0.026292869821190834,
  "t_00" : -0.16945891082286835,
  "t_20" : 0.76180416345596313,
  "angular_velocity" : 3.4028234663852886e+38,
  "t_03" : 5.6679830551147461,
  "center_depth" : 1.9133949279785156,
  "t_23" : 8.7251014709472656,
  "t_12" : 0.77998101711273193,
  "t_01" : 0.97101294994354248,
  "timestamp" : 6536822944,
  "blur_score" : 479.15902709960938,
  "t_21" : 0.23757606744766235,
  "t_10" : -0.62525033950805664,
  "width" : 1024,
  "height" : 768,
  "manual_keyframe" : true,
  "cx" : 514.9456787109375,
  "fx" : 713.05523681640625
}