{
  "t_02" : -0.19629621505737305,
  "t_13" : -0.27215513586997986,
  "cy" : 382.55953979492188,
  "fy" : 713.36962890625,
  "t_22" : 0.54074138402938843,
  "t_11" : 0.011162263341248035,
  "t_00" : -0.26081904768943787,
  "t_20" : 0.77534812688827515,
  "angular_velocity" : 3.4028234663852886e+38,
  "t_03" : 5.4954953193664551,
  "center_depth" : 1.8361616134643555,
  "t_23" : 9.1720600128173828,
  "t_12" : 0.81796485185623169,
  "t_01" : 0.9452202320098877,
  "timestamp" : 6536189559,
  "blur_score" : 376.83245849609375,
  "t_21" : 0.32624250650405884,
  "t_10" : -0.57515978813171387,
  "width" : 1024,
  "height" : 768,
  "manual_keyframe" : true,
  "cx" : 514.8336181640625,
  "fx" : 713.36962890625
}