{
  "t_02" : -0.17614732682704926,
  "t_13" : -0.26757457852363586,
  "cy" : 382.515625,
  "fy" : 713.25848388671875,
  "t_22" : 0.58686381578445435,
  "t_11" : 0.025195356458425522,
  "t_00" : -0.18761713802814484,
  "t_20" : 0.76811307668685913,
  "angular_velocity" : 3.4028234663852886e+38,
  "t_03" : 5.6252856254577637,
  "t_23" : 8.9045619964599609,
  "t_12" : 0.79029297828674316,
  "t_01" : 0.96631872653961182,
  "timestamp" : 6536589591,
  "blur_score" : 366.43423461914062,
  "t_21" : 0.25611180067062378,
  "t_10" : -0.61221092939376831,
  "width" : 1024,
  "height" : 768,
  "manual_keyframe" : true,
  "cx" : 514.91107177734375,
  "fx" : 713.25848388671875
}