{
  "t_02" : -0.16260655224323273,
  "t_13" : -0.2775229811668396,
  "cy" : 382.44757080078125,
  "fy" : 713.00909423828125,
  "t_22" : 0.60529565811157227,
  "t_11" : 0.024018300697207451,
  "t_00" : -0.16500271856784821,
  "t_20" : 0.76192343235015869,
  "angular_velocity" : 3.4028234663852886e+38,
  "t_03" : 5.6965494155883789,
  "center_depth" : 1.9216841459274292,
  "t_23" : 8.5465898513793945,
  "t_12" : 0.77921509742736816,
  "t_01" : 0.97279655933380127,
  "timestamp" : 6537056296,
  "blur_score" : 412.33734130859375,
  "t_21" : 0.23041246831417084,
  "t_10" : -0.62629616260528564,
  "width" : 1024,
  "height" : 768,
  "manual_keyframe" : true,
  "cx" : 515.11083984375,
  "fx" : 713.00909423828125
}