{
  "t_02" : -0.15858742594718933,
  "t_13" : -0.2919384241104126,
  "cy" : 382.56845092773438,
  "fy" : 713.048828125,
  "t_22" : 0.61044424772262573,
  "t_11" : 0.023219939321279526,
  "t_00" : -0.15936027467250824,
  "t_20" : 0.75983637571334839,
  "angular_velocity" : 3.4028234663852886e+38,
  "t_03" : 5.7449741363525391,
  "center_depth" : 1.9087787866592407,
  "t_23" : 8.3383197784423828,
  "t_12" : 0.77602052688598633,
  "t_01" : 0.97439944744110107,
  "timestamp" : 6537322984,
  "blur_score" : 643.52984619140625,
  "t_21" : 0.22362135350704193,
  "t_10" : -0.63028007745742798,
  "width" : 1024,
  "height" : 768,
  "manual_keyframe" : true,
  "cx" : 515.16058349609375,
  "fx" : 713.048828125
}