{
  "t_02" : -0.14588339626789093,
  "t_13" : -0.29942178726196289,
  "cy" : 382.71957397460938,
  "fy" : 713.020263671875,
  "t_22" : 0.60787057876586914,
  "t_11" : 0.020498247817158699,
  "t_00" : -0.15016281604766846,
  "t_20" : 0.76621335744857788,
  "angular_velocity" : 3.4028234663852886e+38,
  "t_03" : 5.8414802551269531,
  "t_23" : 8.0379810333251953,
  "t_12" : 0.78052002191543579,
  "t_01" : 0.97783917188644409,
  "timestamp" : 6537689681,
  "blur_score" : 480.25387573242188,
  "t_21" : 0.20835225284099579,
  "t_10" : -0.624794602394104,
  "width" : 1024,
  "height" : 768,
  "manual_keyframe" : true,
  "cx" : 515.25677490234375,
  "fx" : 713.020263671875
}