{
  "t_02" : -0.11118310689926147,
  "t_13" : -0.31174755096435547,
  "cy" : 382.4822998046875,
  "fy" : 713.31719970703125,
  "t_22" : 0.57347995042800903,
  "t_11" : -0.056096851825714111,
  "t_00" : -0.24804063141345978,
  "t_20" : 0.77484315633773804,
  "angular_velocity" : 3.4028234663852886e+38,
  "t_03" : 6.0650215148925781,
  "center_depth" : 1.7950786352157593,
  "t_23" : 7.0709848403930664,
  "t_12" : 0.81163972616195679,
  "t_01" : 0.9623483419418335,
  "timestamp" : 6538923115,
  "blur_score" : 459.67098999023438,
  "t_21" : 0.26596799492835999,
  "t_10" : -0.58145856857299805,
  "width" : 1024,
  "height" : 768,
  "manual_keyframe" : true,
  "cx" : 515.02813720703125,
  "fx" : 713.31719970703125
}