{
  "t_02" : -0.10982336103916168,
  "t_13" : -0.31781256198883057,
  "cy" : 382.55596923828125,
  "fy" : 713.3775634765625,
  "t_22" : 0.56807541847229004,
  "t_11" : -0.049411319196224213,
  "t_00" : -0.23809359967708588,
  "t_20" : 0.78165340423583984,
  "angular_velocity" : 3.4028234663852886e+38,
  "t_03" : 6.0231032371520996,
  "t_23" : 7.2203488349914551,
  "t_12" : 0.81561577320098877,
  "t_01" : 0.96501308679580688,
  "timestamp" : 6538723098,
  "blur_score" : 547.08001708984375,
  "t_21" : 0.25750389695167542,
  "t_10" : -0.57648015022277832,
  "width" : 1024,
  "height" : 768,
  "manual_keyframe" : true,
  "cx" : 515.021240234375,
  "fx" : 713.3775634765625
}