{
  "t_02" : -0.11766073852777481,
  "t_13" : -0.31476163864135742,
  "cy" : 382.55136108398438,
  "fy" : 713.0234375,
  "t_22" : 0.58685094118118286,
  "t_11" : -0.01952468603849411,
  "t_00" : -0.18938335776329041,
  "t_20" : 0.77863788604736328,
  "angular_velocity" : 3.4028234663852886e+38,
  "t_03" : 5.9389824867248535,
  "center_depth" : 1.8168737888336182,
  "t_23" : 7.5499081611633301,
  "t_12" : 0.80110031366348267,
  "t_01" : 0.97482800483703613,
  "timestamp" : 6538289730,
  "blur_score" : 638.00225830078125,
  "t_21" : 0.22210104763507843,
  "t_10" : -0.59821134805679321,
  "width" : 1024,
  "height" : 768,
  "manual_keyframe" : true,
  "cx" : 515.1688232421875,
  "fx" : 713.0234375
}