{
  "t_02" : -0.1282929927110672,
  "t_13" : -0.31735646724700928,
  "cy" : 382.64315795898438,
  "fy" : 713.0107421875,
  "t_22" : 0.59520357847213745,
  "t_11" : 0.0022056859452277422,
  "t_00" : -0.16360363364219666,
  "t_20" : 0.77621674537658691,
  "angular_velocity" : 3.4028234663852886e+38,
  "t_03" : 5.9086151123046875,
  "t_23" : 7.7372579574584961,
  "t_12" : 0.79326772689819336,
  "t_01" : 0.9781486988067627,
  "timestamp" : 6538056377,
  "blur_score" : 668.3472900390625,
  "t_21" : 0.20789510011672974,
  "t_10" : -0.60886901617050171,
  "width" : 1024,
  "height" : 768,
  "manual_keyframe" : true,
  "cx" : 515.17987060546875,
  "fx" : 713.0107421875
}