{
  "t_02" : -0.12251963466405869,
  "t_13" : -0.32729887962341309,
  "cy" : 382.30239868164062,
  "fy" : 713.3775634765625,
  "t_22" : 0.55966705083847046,
  "t_11" : -0.06543046236038208,
  "t_00" : -0.28569087386131287,
  "t_20" : 0.77098876237869263,
  "angular_velocity" : 3.4028234663852886e+38,
  "t_03" : 6.1463313102722168,
  "center_depth" : 1.7629817724227905,
  "t_23" : 6.724482536315918,
  "t_12" : 0.81961077451705933,
  "t_01" : 0.95045757293701172,
  "timestamp" : 6539389819,
  "blur_score" : 715.88006591796875,
  "t_21" : 0.30389010906219482,
  "t_10" : -0.569172203540802,
  "width" : 1024,
  "height" : 768,
  "manual_keyframe" : true,
  "cx" : 514.912353515625,
  "fx" : 713.3775634765625
}