{
  "t_02" : -0.15569750964641571,
  "t_13" : -0.34187766909599304,
  "cy" : 382.417236328125,
  "fy" : 713.37286376953125,
  "t_22" : 0.5394587516784668,
  "t_11" : -0.080192521214485168,
  "t_00" : -0.36433354020118713,
  "t_20" : 0.7472846508026123,
  "angular_velocity" : 3.4028234663852886e+38,
  "t_03" : 6.2701535224914551,
  "t_23" : 6.4339413642883301,
  "t_12" : 0.82749158143997192,
  "t_01" : 0.91816079616546631,
  "timestamp" : 6539856524,
  "blur_score" : 498.56622314453125,
  "t_21" : 0.38800740242004395,
  "t_10" : -0.5557217001914978,
  "width" : 1024,
  "height" : 768,
  "manual_keyframe" : true,
  "cx" : 514.8485107421875,
  "fx" : 713.37286376953125
}