{
  "t_02" : -0.22004400193691254,
  "t_13" : -0.32895404100418091,
  "cy" : 382.41021728515625,
  "fy" : 713.3363037109375,
  "t_22" : 0.51445597410202026,
  "t_11" : -0.098601184785366058,
  "t_00" : -0.48285439610481262,
  "t_20" : 0.6808006763458252,
  "angular_velocity" : 3.4028234663852886e+38,
  "t_03" : 6.50640869140625,
  "center_depth" : 1.7406854629516602,
  "t_23" : 6.1532354354858398,
  "t_12" : 0.82880377769470215,
  "t_01" : 0.84760385751724243,
  "timestamp" : 6540389900,
  "blur_score" : 416.35000610351562,
  "t_21" : 0.52138811349868774,
  "t_10" : -0.55078309774398804,
  "width" : 1024,
  "height" : 768,
  "manual_keyframe" : true,
  "cx" : 514.8194580078125,
  "fx" : 713.3363037109375
}