{
  "t_02" : -0.40620142221450806,
  "t_13" : -0.33216726779937744,
  "cy" : 382.31903076171875,
  "fy" : 713.3426513671875,
  "t_22" : 0.39995315670967102,
  "t_11" : -0.10972310602664948,
  "t_00" : -0.7095457911491394,
  "t_20" : 0.42851141095161438,
  "angular_velocity" : 3.4028234663852886e+38,
  "t_03" : 6.7868556976318359,
  "t_23" : 6.0052719116210938,
  "t_12" : 0.82160693407058716,
  "t_01" : 0.57579976320266724,
  "timestamp" : 6541056621,
  "blur_score" : 353.43191528320312,
  "t_21" : 0.81019484996795654,
  "t_10" : -0.55939513444900513,
  "width" : 1024,
  "height" : 768,
  "manual_keyframe" : true,
  "cx" : 514.67596435546875,
  "fx" : 713.3426513671875
}