{
  "t_02" : -0.51995432376861572,
  "t_13" : -0.35126584768295288,
  "cy" : 382.10971069335938,
  "fy" : 713.33795166015625,
  "t_22" : 0.11494925618171692,
  "t_11" : -0.125533327460289,
  "t_00" : -0.85406327247619629,
  "t_20" : -0.052618823945522308,
  "angular_velocity" : 3.4028234663852886e+38,
  "t_03" : 7.0190691947937012,
  "center_depth" : 1.6824699640274048,
  "t_23" : 6.0074377059936523,
  "t_12" : 0.84642428159713745,
  "t_01" : 0.014948500320315361,
  "timestamp" : 6541923358,
  "blur_score" : 504.87643432617188,
  "t_21" : 0.99197679758071899,
  "t_10" : -0.51750093698501587,
  "width" : 1024,
  "height" : 768,
  "manual_keyframe" : true,
  "cx" : 514.60662841796875,
  "fx" : 713.33795166015625
}