{
  "t_02" : -0.51975852251052856,
  "t_13" : -0.33917117118835449,
  "cy" : 381.9315185546875,
  "fy" : 713.33941650390625,
  "t_22" : 0.035945948213338852,
  "t_11" : -0.11552505195140839,
  "t_00" : -0.84562391042709351,
  "t_20" : -0.16378435492515564,
  "angular_velocity" : 3.4028234663852886e+38,
  "t_03" : 7.035369873046875,
  "center_depth" : 1.6859598159790039,
  "t_23" : 5.9672441482543945,
  "t_12" : 0.85355663299560547,
  "t_01" : -0.12153757363557816,
  "timestamp" : 6542123374,
  "blur_score" : 709.04522705078125,
  "t_21" : 0.98584103584289551,
  "t_10" : -0.5080304741859436,
  "width" : 1024,
  "height" : 768,
  "manual_keyframe" : true,
  "cx" : 514.591796875,
  "fx" : 713.33941650390625
}