{
  "t_02" : -0.54030579328536987,
  "t_13" : -0.31287252902984619,
  "cy" : 382.30133056640625,
  "fy" : 713.353759765625,
  "t_22" : 0.0041511794552206993,
  "t_11" : -0.086518332362174988,
  "t_00" : -0.83180683851242065,
  "t_20" : -0.15373766422271729,
  "angular_velocity" : 3.4028234663852886e+38,
  "t_03" : 7.3717780113220215,
  "center_depth" : 1.7384382486343384,
  "t_23" : 5.8315243721008301,
  "t_12" : 0.84145849943161011,
  "t_01" : -0.12714982032775879,
  "timestamp" : 6543256799,
  "blur_score" : 471.42544555664062,
  "t_21" : 0.98810303211212158,
  "t_10" : -0.53334993124008179,
  "width" : 1024,
  "height" : 768,
  "manual_keyframe" : true,
  "cx" : 515.02825927734375,
  "fx" : 713.353759765625
}