{
  "t_02" : -0.49849984049797058,
  "t_13" : -0.33628344535827637,
  "cy" : 382.17025756835938,
  "fy" : 713.3236083984375,
  "t_22" : 0.087953999638557434,
  "t_11" : -0.061533752828836441,
  "t_00" : -0.86412143707275391,
  "t_20" : 0.029025446623563766,
  "angular_velocity" : 3.4028234663852886e+38,
  "t_03" : 7.6686549186706543,
  "t_23" : 5.7797274589538574,
  "t_12" : 0.86241614818572998,
  "t_01" : 0.069224134087562561,
  "timestamp" : 6543723503,
  "blur_score" : 479.15866088867188,
  "t_21" : 0.99570143222808838,
  "t_10" : -0.50244557857513428,
  "width" : 1024,
  "height" : 768,
  "manual_keyframe" : true,
  "cx" : 514.86297607421875,
  "fx" : 713.3236083984375
}