{
  "t_02" : -0.44438087940216064,
  "t_13" : -0.3339073657989502,
  "cy" : 382.24777221679688,
  "fy" : 713.3712158203125,
  "t_22" : 0.17152819037437439,
  "t_11" : -0.047811359167098999,
  "t_00" : -0.85227882862091064,
  "t_20" : 0.22138328850269318,
  "angular_velocity" : 3.4028234663852886e+38,
  "t_03" : 7.9960951805114746,
  "center_depth" : 1.6403281688690186,
  "t_23" : 5.6513996124267578,
  "t_12" : 0.87926328182220459,
  "t_01" : 0.27594664692878723,
  "timestamp" : 6544256880,
  "blur_score" : 430.32379150390625,
  "t_21" : 0.95998317003250122,
  "t_10" : -0.47393074631690979,
  "width" : 1024,
  "height" : 768,
  "manual_keyframe" : true,
  "cx" : 514.652099609375,
  "fx" : 713.3712158203125
}