{
  "t_02" : -0.36434292793273926,
  "t_13" : -0.34098833799362183,
  "cy" : 382.2646484375,
  "fy" : 713.3489990234375,
  "t_22" : 0.30922168493270874,
  "t_11" : -0.055409424006938934,
  "t_00" : -0.74024617671966553,
  "t_20" : 0.47617429494857788,
  "angular_velocity" : 3.4028234663852886e+38,
  "t_03" : 8.2939062118530273,
  "t_23" : 5.4816393852233887,
  "t_12" : 0.87842822074890137,
  "t_01" : 0.56505727767944336,
  "timestamp" : 6544723584,
  "blur_score" : 345.12863159179688,
  "t_21" : 0.82318896055221558,
  "t_10" : -0.47465106844902039,
  "width" : 1024,
  "height" : 768,
  "manual_keyframe" : true,
  "cx" : 514.5855712890625,
  "fx" : 713.3489990234375
}