{
  "t_02" : -0.25780478119850159,
  "t_13" : -0.34054285287857056,
  "cy" : 382.2003173828125,
  "fy" : 713.58087158203125,
  "t_22" : 0.37698709964752197,
  "t_11" : -0.036728300154209137,
  "t_00" : -0.56692987680435181,
  "t_20" : 0.68655425310134888,
  "angular_velocity" : 3.4028234663852886e+38,
  "t_03" : 8.6554183959960938,
  "center_depth" : 1.6165424585342407,
  "t_23" : 5.0586028099060059,
  "t_12" : 0.88961625099182129,
  "t_01" : 0.78238552808761597,
  "timestamp" : 6545423641,
  "blur_score" : 437.97311401367188,
  "t_21" : 0.62171041965484619,
  "t_10" : -0.45522919297218323,
  "width" : 1024,
  "height" : 768,
  "manual_keyframe" : true,
  "cx" : 514.4259033203125,
  "fx" : 713.58087158203125
}