{
  "t_02" : -0.22762909531593323,
  "t_13" : -0.33915981650352478,
  "cy" : 382.35076904296875,
  "fy" : 713.57452392578125,
  "t_22" : 0.43028619885444641,
  "t_11" : -0.026263760402798653,
  "t_00" : -0.45556828379631042,
  "t_20" : 0.74577891826629639,
  "angular_velocity" : 3.4028234663852886e+38,
  "t_03" : 8.8583269119262695,
  "center_depth" : 1.6472700834274292,
  "t_23" : 4.7657980918884277,
  "t_12" : 0.87352085113525391,
  "t_01" : 0.86060595512390137,
  "timestamp" : 6545857010,
  "blur_score" : 393.40341186523438,
  "t_21" : 0.50859379768371582,
  "t_10" : -0.48607763648033142,
  "width" : 1024,
  "height" : 768,
  "manual_keyframe" : true,
  "cx" : 514.4718017578125,
  "fx" : 713.57452392578125
}