{
  "t_02" : -0.28772902488708496,
  "t_13" : -0.3493688702583313,
  "cy" : 382.1239013671875,
  "fy" : 713.63330078125,
  "t_22" : 0.34859612584114075,
  "t_11" : -0.038095273077487946,
  "t_00" : -0.63080412149429321,
  "t_20" : 0.63184660673141479,
  "angular_velocity" : 3.4028234663852886e+38,
  "t_03" : 8.5062723159790039,
  "t_23" : 5.2585291862487793,
  "t_12" : 0.89201611280441284,
  "t_01" : 0.7206234335899353,
  "timestamp" : 6545090281,
  "blur_score" : 366.9937744140625,
  "t_21" : 0.69227927923202515,
  "t_10" : -0.45039543509483337,
  "width" : 1024,
  "height" : 768,
  "manual_keyframe" : true,
  "cx" : 514.554443359375,
  "fx" : 713.63330078125
}