{
  "t_02" : -0.17635585367679596,
  "t_13" : -0.34396588802337646,
  "cy" : 382.44595336914062,
  "fy" : 713.6094970703125,
  "t_22" : 0.45843836665153503,
  "t_11" : -0.010430988855659962,
  "t_00" : -0.33249101042747498,
  "t_20" : 0.80516546964645386,
  "angular_velocity" : 3.4028234663852886e+38,
  "t_03" : 9.1336917877197266,
  "t_23" : 4.2007718086242676,
  "t_12" : 0.87105274200439453,
  "t_01" : 0.92647093534469604,
  "timestamp" : 6546623739,
  "blur_score" : 471.86004638671875,
  "t_21" : 0.37622177600860596,
  "t_10" : -0.49107876420021057,
  "width" : 1024,
  "height" : 768,
  "manual_keyframe" : true,
  "cx" : 514.57562255859375,
  "fx" : 713.6094970703125
}