{
  "t_02" : -0.18973328173160553,
  "t_13" : -0.35331559181213379,
  "cy" : 382.31106567382812,
  "fy" : 713.598388671875,
  "t_22" : 0.45038411021232605,
  "t_11" : -0.0086715053766965866,
  "t_00" : -0.35500401258468628,
  "t_20" : 0.79699611663818359,
  "angular_velocity" : 3.4028234663852886e+38,
  "t_03" : 9.0161943435668945,
  "center_depth" : 1.6299653053283691,
  "t_23" : 4.4397726058959961,
  "t_12" : 0.87244218587875366,
  "t_01" : 0.9154089093208313,
  "timestamp" : 6546290378,
  "blur_score" : 465.54119873046875,
  "t_21" : 0.40243187546730042,
  "t_10" : -0.48864033818244934,
  "width" : 1024,
  "height" : 768,
  "manual_keyframe" : true,
  "cx" : 514.56195068359375,
  "fx" : 713.598388671875
}