{
  "t_02" : -0.17307296395301819,
  "t_13" : -0.32614296674728394,
  "cy" : 382.57217407226562,
  "fy" : 713.56182861328125,
  "t_22" : 0.48547804355621338,
  "t_11" : -0.011654971167445183,
  "t_00" : -0.30898857116699219,
  "t_20" : 0.79938650131225586,
  "angular_velocity" : 3.4028234663852886e+38,
  "t_03" : 9.3168611526489258,
  "center_depth" : 1.6926003694534302,
  "t_23" : 3.8846065998077393,
  "t_12" : 0.85694622993469238,
  "t_01" : 0.93518543243408203,
  "timestamp" : 6547057107,
  "blur_score" : 389.70281982421875,
  "t_21" : 0.35396656394004822,
  "t_10" : -0.5152740478515625,
  "width" : 1024,
  "height" : 768,
  "manual_keyframe" : true,
  "cx" : 514.6124267578125,
  "fx" : 713.56182861328125
}