{
  "t_02" : -0.15642830729484558,
  "t_13" : -0.3449101448059082,
  "cy" : 382.37713623046875,
  "fy" : 713.5888671875,
  "t_22" : 0.51847237348556519,
  "t_11" : -0.0092661492526531219,
  "t_00" : -0.25917080044746399,
  "t_20" : 0.79977059364318848,
  "angular_velocity" : 3.4028234663852886e+38,
  "t_03" : 9.4775600433349609,
  "center_depth" : 1.7055209875106812,
  "t_23" : 3.3395540714263916,
  "t_12" : 0.8406643271446228,
  "t_01" : 0.95307958126068115,
  "timestamp" : 6547757163,
  "blur_score" : 702.3326416015625,
  "t_21" : 0.30257800221443176,
  "t_10" : -0.5414772629737854,
  "width" : 1024,
  "height" : 768,
  "manual_keyframe" : true,
  "cx" : 514.7142333984375,
  "fx" : 713.5888671875
}