{
  "t_02" : -0.14083978533744812,
  "t_13" : -0.37036687135696411,
  "cy" : 382.52224731445312,
  "fy" : 713.617431640625,
  "t_22" : 0.50469505786895752,
  "t_11" : -0.017508702352643013,
  "t_00" : -0.26099401712417603,
  "t_20" : 0.81094741821289062,
  "angular_velocity" : 3.4028234663852886e+38,
  "t_03" : 9.5491170883178711,
  "center_depth" : 1.6521176099777222,
  "t_23" : 3.1521451473236084,
  "t_12" : 0.85173165798187256,
  "t_01" : 0.95501106977462769,
  "timestamp" : 6547990516,
  "blur_score" : 868.9542236328125,
  "t_21" : 0.29605263471603394,
  "t_10" : -0.52368533611297607,
  "width" : 1024,
  "height" : 768,
  "manual_keyframe" : true,
  "cx" : 514.7894287109375,
  "fx" : 713.617431640625
}