{
  "t_02" : -0.17103773355484009,
  "t_13" : -0.32845330238342285,
  "cy" : 382.4049072265625,
  "fy" : 713.58563232421875,
  "t_22" : 0.51356887817382812,
  "t_11" : -0.0040098889730870724,
  "t_00" : -0.27270206809043884,
  "t_20" : 0.79538834095001221,
  "angular_velocity" : 3.4028234663852886e+38,
  "t_03" : 9.3995809555053711,
  "t_23" : 3.6324243545532227,
  "t_12" : 0.84082865715026855,
  "t_01" : 0.9467732310295105,
  "timestamp" : 6547390467,
  "blur_score" : 446.69711303710938,
  "t_21" : 0.32187613844871521,
  "t_10" : -0.54128628969192505,
  "width" : 1024,
  "height" : 768,
  "manual_keyframe" : true,
  "cx" : 514.596435546875,
  "fx" : 713.58563232421875
}