{
  "t_02" : -0.10358294099569321,
  "t_13" : -0.38889050483703613,
  "cy" : 382.60366821289062,
  "fy" : 713.62371826171875,
  "t_22" : 0.46148669719696045,
  "t_11" : -0.034843333065509796,
  "t_00" : -0.26431819796562195,
  "t_20" : 0.84121966361999512,
  "angular_velocity" : 3.4028234663852886e+38,
  "t_03" : 9.6499166488647461,
  "t_23" : 2.8817558288574219,
  "t_12" : 0.88107907772064209,
  "t_01" : 0.95885670185089111,
  "timestamp" : 6548323876,
  "blur_score" : 881.72705078125,
  "t_21" : 0.28174358606338501,
  "t_10" : -0.47168353199958801,
  "width" : 1024,
  "height" : 768,
  "manual_keyframe" : true,
  "cx" : 514.79290771484375,
  "fx" : 713.62371826171875
}