{
  "t_02" : -0.083994269371032715,
  "t_13" : -0.41422009468078613,
  "cy" : 382.38381958007812,
  "fy" : 713.71905517578125,
  "t_22" : 0.41010662913322449,
  "t_11" : -0.031886357814073563,
  "t_00" : -0.25631061196327209,
  "t_20" : 0.87182515859603882,
  "angular_velocity" : 3.4028234663852886e+38,
  "t_03" : 9.7292909622192383,
  "t_23" : 2.5948641300201416,
  "t_12" : 0.90816158056259155,
  "t_01" : 0.96293812990188599,
  "timestamp" : 6548723909,
  "blur_score" : 547.85595703125,
  "t_21" : 0.26783096790313721,
  "t_10" : -0.41740357875823975,
  "width" : 1024,
  "height" : 768,
  "manual_keyframe" : true,
  "cx" : 514.49847412109375,
  "fx" : 713.71905517578125
}