{
  "t_02" : -0.063159041106700897,
  "t_13" : -0.43368077278137207,
  "cy" : 382.3924560546875,
  "fy" : 714.20184326171875,
  "t_22" : 0.36137232184410095,
  "t_11" : -0.042469371110200882,
  "t_00" : -0.27312451601028442,
  "t_20" : 0.89029645919799805,
  "angular_velocity" : 3.4028234663852886e+38,
  "t_03" : 10.01258659362793,
  "center_depth" : 1.4412075281143188,
  "t_23" : 1.8570163249969482,
  "t_12" : 0.93028002977371216,
  "t_01" : 0.9599030613899231,
  "timestamp" : 6549757325,
  "blur_score" : 396.8319091796875,
  "t_21" : 0.27709639072418213,
  "t_10" : -0.3643835186958313,
  "width" : 1024,
  "height" : 768,
  "manual_keyframe" : true,
  "cx" : 514.1639404296875,
  "fx" : 714.20184326171875
}