{
  "t_02" : -0.067310452461242676,
  "t_13" : -0.42910677194595337,
  "cy" : 382.41891479492188,
  "fy" : 714.19866943359375,
  "t_22" : 0.38391730189323425,
  "t_11" : -0.043772097676992416,
  "t_00" : -0.26864153146743774,
  "t_20" : 0.88194370269775391,
  "angular_velocity" : 3.4028234663852886e+38,
  "t_03" : 9.8274345397949219,
  "t_23" : 2.3119874000549316,
  "t_12" : 0.92091083526611328,
  "t_01" : 0.96088558435440063,
  "timestamp" : 6549157277,
  "blur_score" : 473.16293334960938,
  "t_21" : 0.27346473932266235,
  "t_10" : -0.38730764389038086,
  "width" : 1024,
  "height" : 768,
  "manual_keyframe" : true,
  "cx" : 514.25518798828125,
  "fx" : 714.19866943359375
}