{
  "t_02" : -0.061498027294874191,
  "t_13" : -0.44486510753631592,
  "cy" : 382.48770141601562,
  "fy" : 714.22882080078125,
  "t_22" : 0.36487087607383728,
  "t_11" : -0.046426121145486832,
  "t_00" : -0.27691167593002319,
  "t_20" : 0.88801032304763794,
  "angular_velocity" : 3.4028234663852886e+38,
  "t_03" : 9.906428337097168,
  "center_depth" : 1.4287383556365967,
  "t_23" : 2.1323566436767578,
  "t_12" : 0.92902475595474243,
  "t_01" : 0.95892530679702759,
  "timestamp" : 6549390629,
  "blur_score" : 493.908203125,
  "t_21" : 0.27983331680297852,
  "t_10" : -0.36709314584732056,
  "width" : 1024,
  "height" : 768,
  "manual_keyframe" : true,
  "cx" : 514.23614501953125,
  "fx" : 714.22882080078125
}