{
  "t_02" : -0.091723240911960602,
  "t_13" : -0.42134398221969604,
  "cy" : 382.31851196289062,
  "fy" : 714.54498291015625,
  "t_22" : 0.39568096399307251,
  "t_11" : -0.0008145463652908802,
  "t_00" : -0.20830942690372467,
  "t_20" : 0.88973671197891235,
  "angular_velocity" : 3.4028234663852886e+38,
  "t_03" : 10.098719596862793,
  "t_23" : 1.3927068710327148,
  "t_12" : 0.91379618644714355,
  "t_01" : 0.97375255823135376,
  "timestamp" : 6550357374,
  "blur_score" : 281.65792846679688,
  "t_21" : 0.22760778665542603,
  "t_10" : -0.40617230534553528,
  "width" : 1024,
  "height" : 768,
  "manual_keyframe" : true,
  "cx" : 513.973388671875,
  "fx" : 714.54498291015625
}