{
  "t_02" : -0.077937602996826172,
  "t_13" : -0.42867010831832886,
  "cy" : 382.2235107421875,
  "fy" : 714.2193603515625,
  "t_22" : 0.3639778196811676,
  "t_11" : -0.023708334192633629,
  "t_00" : -0.25622165203094482,
  "t_20" : 0.89238911867141724,
  "angular_velocity" : 3.4028234663852886e+38,
  "t_03" : 10.05548095703125,
  "t_23" : 1.6317688226699829,
  "t_12" : 0.92814093828201294,
  "t_01" : 0.96347081661224365,
  "timestamp" : 6550024014,
  "blur_score" : 312.87033081054688,
  "t_21" : 0.26676151156425476,
  "t_10" : -0.37147283554077148,
  "width" : 1024,
  "height" : 768,
  "manual_keyframe" : true,
  "cx" : 514.07525634765625,
  "fx" : 714.2193603515625
}