{
  "t_02" : -0.04475923627614975,
  "t_13" : -0.40667474269866943,
  "cy" : 382.36984252929688,
  "fy" : 714.55126953125,
  "t_22" : 0.43230876326560974,
  "t_11" : 0.036757610738277435,
  "t_00" : -0.0082927718758583069,
  "t_20" : 0.90132582187652588,
  "angular_velocity" : 3.4028234663852886e+38,
  "t_03" : 10.07818603515625,
  "center_depth" : 1.3916685581207275,
  "t_23" : 1.0823423862457275,
  "t_12" : 0.90061408281326294,
  "t_01" : 0.99896341562271118,
  "timestamp" : 6550824078,
  "blur_score" : 233.52456665039062,
  "t_21" : 0.026852134615182877,
  "t_10" : -0.43306249380111694,
  "width" : 1024,
  "height" : 768,
  "manual_keyframe" : true,
  "cx" : 514.09527587890625,
  "fx" : 714.55126953125
}