{
  "t_02" : 0.042588405311107635,
  "t_13" : -0.37632483243942261,
  "cy" : 382.31387329101562,
  "fy" : 714.760986328125,
  "t_22" : 0.45191600918769836,
  "t_11" : 0.05860455334186554,
  "t_00" : 0.21144014596939087,
  "t_20" : 0.86757463216781616,
  "angular_velocity" : 3.4028234663852886e+38,
  "t_03" : 9.9677705764770508,
  "t_23" : 0.92724722623825073,
  "t_12" : 0.89104324579238892,
  "t_01" : 0.97646266222000122,
  "timestamp" : 6551124103,
  "blur_score" : 118.02639770507812,
  "t_21" : -0.20757217705249786,
  "t_10" : -0.4501192569732666,
  "width" : 1024,
  "height" : 768,
  "manual_keyframe" : true,
  "cx" : 514.1077880859375,
  "fx" : 714.760986328125
}