{
  "t_02" : 0.24709418416023254,
  "t_13" : -0.31761008501052856,
  "cy" : 382.39736938476562,
  "fy" : 718.5726318359375,
  "t_22" : 0.48522111773490906,
  "t_11" : 0.036097008734941483,
  "t_00" : 0.43885266780853271,
  "t_20" : 0.71569287776947021,
  "angular_velocity" : 3.4028234663852886e+38,
  "t_03" : 9.7042436599731445,
  "t_23" : 0.8031008243560791,
  "t_12" : 0.83875203132629395,
  "t_01" : 0.86391717195510864,
  "timestamp" : 6551557471,
  "blur_score" : 49.195529937744141,
  "t_21" : -0.502338707447052,
  "t_10" : -0.54331576824188232,
  "width" : 1024,
  "height" : 768,
  "manual_keyframe" : true,
  "cx" : 514.21429443359375,
  "fx" : 718.5726318359375
}