{
  "t_02" : 0.11536172032356262,
  "t_13" : -0.34288841485977173,
  "cy" : 382.29296875,
  "fy" : 715.96484375,
  "t_22" : 0.47722026705741882,
  "t_11" : 0.055806905031204224,
  "t_00" : 0.31385847926139832,
  "t_20" : 0.81459182500839233,
  "angular_velocity" : 3.4028234663852886e+38,
  "t_03" : 9.8539180755615234,
  "t_23" : 0.85319811105728149,
  "t_12" : 0.87117880582809448,
  "t_01" : 0.94243544340133667,
  "timestamp" : 6551324119,
  "blur_score" : 74.700874328613281,
  "t_21" : -0.32969844341278076,
  "t_10" : -0.48778384923934937,
  "width" : 1024,
  "height" : 768,
  "manual_keyframe" : true,
  "cx" : 514.15838623046875,
  "fx" : 715.96484375
}