{
  "t_02" : 0.37040144205093384,
  "t_13" : -0.32031100988388062,
  "cy" : 382.45547485351562,
  "fy" : 720.12908935546875,
  "t_22" : 0.4269145131111145,
  "t_11" : 0.012082207947969437,
  "t_00" : 0.55665034055709839,
  "t_20" : 0.60896074771881104,
  "angular_velocity" : 3.4028234663852886e+38,
  "t_03" : 9.5752124786376953,
  "t_23" : 0.78428494930267334,
  "t_12" : 0.82495254278182983,
  "t_01" : 0.74360144138336182,
  "timestamp" : 6551757487,
  "blur_score" : 44.928485870361328,
  "t_21" : -0.66851389408111572,
  "t_10" : -0.56507271528244019,
  "width" : 1024,
  "height" : 768,
  "manual_keyframe" : true,
  "cx" : 514.29541015625,
  "fx" : 720.12908935546875
}