{
  "t_02" : 0.5595281720161438,
  "t_13" : -0.29012742638587952,
  "cy" : 382.35220336914062,
  "fy" : 717.03680419921875,
  "t_22" : 0.035204753279685974,
  "t_11" : -0.0033069625496864319,
  "t_00" : 0.82604426145553589,
  "t_20" : 0.057883847504854202,
  "angular_velocity" : 3.4028234663852886e+38,
  "t_03" : 9.2706623077392578,
  "center_depth" : 1.8014432191848755,
  "t_23" : 0.9431605339050293,
  "t_12" : 0.82806307077407837,
  "t_01" : 0.067668139934539795,
  "timestamp" : 6552624224,
  "blur_score" : 136.70710754394531,
  "t_21" : -0.99770230054855347,
  "t_10" : -0.56062483787536621,
  "width" : 1024,
  "height" : 768,
  "manual_keyframe" : true,
  "cx" : 514.55023193359375,
  "fx" : 717.03680419921875
}