{
  "t_02" : 0.48685941100120544,
  "t_13" : -0.32413136959075928,
  "cy" : 382.59677124023438,
  "fy" : 720.99462890625,
  "t_22" : 0.2779887318611145,
  "t_11" : 0.0014430672163143754,
  "t_00" : 0.72037267684936523,
  "t_20" : 0.40835702419281006,
  "angular_velocity" : 3.4028234663852886e+38,
  "t_03" : 9.4339570999145508,
  "center_depth" : 1.4955083131790161,
  "t_23" : 0.76775062084197998,
  "t_12" : 0.82806408405303955,
  "t_01" : 0.49399504065513611,
  "timestamp" : 6552024175,
  "blur_score" : 54.750862121582031,
  "t_21" : -0.86946356296539307,
  "t_10" : -0.56063151359558105,
  "width" : 1024,
  "height" : 768,
  "manual_keyframe" : true,
  "cx" : 514.4949951171875,
  "fx" : 720.99462890625
}