{
  "t_02" : 0.60673660039901733,
  "t_13" : -0.26518702507019043,
  "cy" : 382.25521850585938,
  "fy" : 714.522705078125,
  "t_22" : -0.13198351860046387,
  "t_11" : -0.017424572259187698,
  "t_00" : 0.77161973714828491,
  "t_20" : -0.1391320675611496,
  "angular_velocity" : 3.4028234663852886e+38,
  "t_03" : 9.2173652648925781,
  "t_23" : 1.2355251312255859,
  "t_12" : 0.78386926651000977,
  "t_01" : -0.19098107516765594,
  "timestamp" : 6553057592,
  "blur_score" : 194.36776733398438,
  "t_21" : -0.98143905401229858,
  "t_10" : -0.6206812858581543,
  "width" : 1024,
  "height" : 768,
  "manual_keyframe" : true,
  "cx" : 514.663818359375,
  "fx" : 714.522705078125
}