{
  "t_02" : 0.5841253399848938,
  "t_13" : -0.25080606341362,
  "cy" : 382.489013671875,
  "fy" : 713.92236328125,
  "t_22" : -0.33968600630760193,
  "t_11" : -0.025296468287706375,
  "t_00" : 0.65561956167221069,
  "t_20" : -0.33795541524887085,
  "angular_velocity" : 3.4028234663852886e+38,
  "t_03" : 9.1528759002685547,
  "t_23" : 1.5749146938323975,
  "t_12" : 0.73716402053833008,
  "t_01" : -0.4784981906414032,
  "timestamp" : 6553524296,
  "blur_score" : 180.10948181152344,
  "t_21" : -0.87772411108016968,
  "t_10" : -0.67524003982543945,
  "width" : 1024,
  "height" : 768,
  "manual_keyframe" : true,
  "cx" : 515.08203125,
  "fx" : 713.92236328125
}