{
  "t_02" : 0.47724464535713196,
  "t_13" : -0.25354883074760437,
  "cy" : 382.55392456054688,
  "fy" : 713.57293701171875,
  "t_22" : -0.49234792590141296,
  "t_11" : -0.053848825395107269,
  "t_00" : 0.56144487857818604,
  "t_20" : -0.46638011932373047,
  "angular_velocity" : 3.4028234663852886e+38,
  "t_03" : 9.0563497543334961,
  "t_23" : 1.8579095602035522,
  "t_12" : 0.72789484262466431,
  "t_01" : -0.67603039741516113,
  "timestamp" : 6553890992,
  "blur_score" : 160.67279052734375,
  "t_21" : -0.73490351438522339,
  "t_10" : -0.68357092142105103,
  "width" : 1024,
  "height" : 768,
  "manual_keyframe" : true,
  "cx" : 515.37481689453125,
  "fx" : 713.57293701171875
}