{
  "t_02" : 0.3726450502872467,
  "t_13" : -0.25999626517295837,
  "cy" : 382.29953002929688,
  "fy" : 715.58673095703125,
  "t_22" : -0.55015027523040771,
  "t_11" : -0.043340757489204407,
  "t_00" : 0.47220849990844727,
  "t_20" : -0.58083373308181763,
  "angular_velocity" : 3.4028234663852886e+38,
  "t_03" : 9.0499000549316406,
  "t_23" : 2.1111040115356445,
  "t_12" : 0.74730867147445679,
  "t_01" : -0.79884588718414307,
  "timestamp" : 6554224352,
  "blur_score" : 145.2584228515625,
  "t_21" : -0.59997230768203735,
  "t_10" : -0.66306203603744507,
  "width" : 1024,
  "height" : 768,
  "manual_keyframe" : true,
  "cx" : 515.30670166015625,
  "fx" : 715.58673095703125
}