{
  "t_02" : 0.29474824666976929,
  "t_13" : -0.22999925911426544,
  "cy" : 382.3116455078125,
  "fy" : 716.16815185546875,
  "t_22" : -0.64365774393081665,
  "t_11" : -0.044639412313699722,
  "t_00" : 0.35080376267433167,
  "t_20" : -0.61461985111236572,
  "angular_velocity" : 3.4028234663852886e+38,
  "t_03" : 9.0641555786132812,
  "center_depth" : 1.3607797622680664,
  "t_23" : 2.4774544239044189,
  "t_12" : 0.70627760887145996,
  "t_01" : -0.88885331153869629,
  "timestamp" : 6554724392,
  "blur_score" : 180.77137756347656,
  "t_21" : -0.45601224899291992,
  "t_10" : -0.70652610063552856,
  "width" : 1024,
  "height" : 768,
  "manual_keyframe" : true,
  "cx" : 515.2691650390625,
  "fx" : 716.16815185546875
}