{
  "t_02" : 0.34152594208717346,
  "t_13" : -0.24116091430187225,
  "cy" : 382.20245361328125,
  "fy" : 716.83355712890625,
  "t_22" : -0.58400809764862061,
  "t_11" : -0.043669082224369049,
  "t_00" : 0.42669197916984558,
  "t_20" : -0.60177695751190186,
  "angular_velocity" : 3.4028234663852886e+38,
  "t_03" : 9.0611581802368164,
  "t_23" : 2.2345037460327148,
  "t_12" : 0.73640644550323486,
  "t_01" : -0.83743298053741455,
  "timestamp" : 6554391033,
  "blur_score" : 146.27978515625,
  "t_21" : -0.54479259252548218,
  "t_10" : -0.67512845993041992,
  "width" : 1024,
  "height" : 768,
  "manual_keyframe" : true,
  "cx" : 515.26824951171875,
  "fx" : 716.83355712890625
}