{
  "t_02" : 0.19467553496360779,
  "t_13" : -0.22649005055427551,
  "cy" : 382.48587036132812,
  "fy" : 715.07379150390625,
  "t_22" : -0.70325922966003418,
  "t_11" : -0.063442863523960114,
  "t_00" : 0.26551857590675354,
  "t_20" : -0.63328725099563599,
  "angular_velocity" : 3.4028234663852886e+38,
  "t_03" : 9.0012702941894531,
  "center_depth" : 2.2760918140411377,
  "t_23" : 2.8416039943695068,
  "t_12" : 0.68375998735427856,
  "t_01" : -0.94424647092819214,
  "timestamp" : 6555191097,
  "blur_score" : 325.35513305664062,
  "t_21" : -0.32306915521621704,
  "t_10" : -0.72694367170333862,
  "width" : 1024,
  "height" : 768,
  "manual_keyframe" : true,
  "cx" : 515.52301025390625,
  "fx" : 715.07379150390625
}