{
  "t_02" : 0.14306038618087769,
  "t_13" : -0.2651294469833374,
  "cy" : 382.24981689453125,
  "fy" : 712.998046875,
  "t_22" : -0.70248508453369141,
  "t_11" : -0.065477713942527771,
  "t_00" : 0.2280382364988327,
  "t_20" : -0.66206824779510498,
  "angular_velocity" : 3.4028234663852886e+38,
  "t_03" : 8.9682683944702148,
  "center_depth" : 2.1831862926483154,
  "t_23" : 3.2991347312927246,
  "t_12" : 0.69717168807983398,
  "t_01" : -0.96308475732803345,
  "timestamp" : 6555791145,
  "blur_score" : 811.18157958984375,
  "t_21" : -0.2611137330532074,
  "t_10" : -0.71390765905380249,
  "width" : 1024,
  "height" : 768,
  "manual_keyframe" : true,
  "cx" : 515.53424072265625,
  "fx" : 712.998046875
}