{
  "t_02" : 0.15098355710506439,
  "t_13" : -0.26078218221664429,
  "cy" : 382.295654296875,
  "fy" : 713.33795166015625,
  "t_22" : -0.70417869091033936,
  "t_11" : -0.063988588750362396,
  "t_00" : 0.23174981772899628,
  "t_20" : -0.65705621242523193,
  "angular_velocity" : 3.4028234663852886e+38,
  "t_03" : 8.9735727310180664,
  "t_23" : 3.1750082969665527,
  "t_12" : 0.69378399848937988,
  "t_01" : -0.96098697185516357,
  "timestamp" : 6555624465,
  "blur_score" : 773.12176513671875,
  "t_21" : -0.26909005641937256,
  "t_10" : -0.71733468770980835,
  "width" : 1024,
  "height" : 768,
  "manual_keyframe" : true,
  "cx" : 515.51806640625,
  "fx" : 713.33795166015625
}