{
  "t_02" : 0.18196699023246765,
  "t_13" : -0.32289344072341919,
  "cy" : 382.2236328125,
  "fy" : 712.802734375,
  "t_22" : -0.60036736726760864,
  "t_11" : -0.087841175496578217,
  "t_00" : 0.35766199231147766,
  "t_20" : -0.69730985164642334,
  "angular_velocity" : 3.4028234663852886e+38,
  "t_03" : 8.8390512466430664,
  "t_23" : 4.1674690246582031,
  "t_12" : 0.7787470817565918,
  "t_01" : -0.91595083475112915,
  "timestamp" : 6556991241,
  "blur_score" : 651.40521240234375,
  "t_21" : -0.391558438539505,
  "t_10" : -0.62115764617919922,
  "width" : 1024,
  "height" : 768,
  "manual_keyframe" : true,
  "cx" : 515.36224365234375,
  "fx" : 712.802734375
}