{
  "t_02" : 0.14102597534656525,
  "t_13" : -0.28111860156059265,
  "cy" : 382.34341430664062,
  "fy" : 712.77093505859375,
  "t_22" : -0.68525856733322144,
  "t_11" : -0.066539876163005829,
  "t_00" : 0.23653212189674377,
  "t_20" : -0.67750465869903564,
  "angular_velocity" : 3.4028234663852886e+38,
  "t_03" : 8.910914421081543,
  "t_23" : 3.5665028095245361,
  "t_12" : 0.71451544761657715,
  "t_01" : -0.96133458614349365,
  "timestamp" : 6556157841,
  "blur_score" : 816.0443115234375,
  "t_21" : -0.26722311973571777,
  "t_10" : -0.69644808769226074,
  "width" : 1024,
  "height" : 768,
  "manual_keyframe" : true,
  "cx" : 515.55889892578125,
  "fx" : 712.77093505859375
}