{
  "t_02" : 0.15763086080551147,
  "t_13" : -0.31093695759773254,
  "cy" : 382.3251953125,
  "fy" : 712.75653076171875,
  "t_22" : -0.65127366781234741,
  "t_11" : -0.076550848782062531,
  "t_00" : 0.28451064229011536,
  "t_20" : -0.68986141681671143,
  "angular_velocity" : 3.4028234663852886e+38,
  "t_03" : 8.8935995101928711,
  "t_23" : 3.874248743057251,
  "t_12" : 0.74229025840759277,
  "t_01" : -0.9456247091293335,
  "timestamp" : 6556624545,
  "blur_score" : 778.16217041015625,
  "t_21" : -0.31612300872802734,
  "t_10" : -0.66569125652313232,
  "width" : 1024,
  "height" : 768,
  "manual_keyframe" : true,
  "cx" : 515.53509521484375,
  "fx" : 712.75653076171875
}