{
  "t_02" : 0.26922747492790222,
  "t_13" : -0.3194376528263092,
  "cy" : 382.31033325195312,
  "fy" : 713.31878662109375,
  "t_22" : -0.53183192014694214,
  "t_11" : -0.1342901736497879,
  "t_00" : 0.55431240797042847,
  "t_20" : -0.59619033336639404,
  "angular_velocity" : 3.4028234663852886e+38,
  "t_03" : 8.5796117782592773,
  "t_23" : 4.7509598731994629,
  "t_12" : 0.80291426181793213,
  "t_01" : -0.78756231069564819,
  "timestamp" : 6557824642,
  "blur_score" : 463.258056640625,
  "t_21" : -0.60142475366592407,
  "t_10" : -0.58077085018157959,
  "width" : 1024,
  "height" : 768,
  "manual_keyframe" : true,
  "cx" : 515.04681396484375,
  "fx" : 713.31878662109375
}