{
  "t_02" : 0.22195436060428619,
  "t_13" : -0.3357856273651123,
  "cy" : 382.30307006835938,
  "fy" : 713.0567626953125,
  "t_22" : -0.56198900938034058,
  "t_11" : -0.11351428180932999,
  "t_00" : 0.46221491694450378,
  "t_20" : -0.65889871120452881,
  "angular_velocity" : 3.4028234663852886e+38,
  "t_03" : 8.7364101409912109,
  "t_23" : 4.4509673118591309,
  "t_12" : 0.79680895805358887,
  "t_01" : -0.85854160785675049,
  "timestamp" : 6557391274,
  "blur_score" : 552.2415771484375,
  "t_21" : -0.50002086162567139,
  "t_10" : -0.59347277879714966,
  "width" : 1024,
  "height" : 768,
  "manual_keyframe" : true,
  "cx" : 515.1614990234375,
  "fx" : 713.0567626953125
}