{
  "t_02" : 0.587321937084198,
  "t_13" : -0.16334763169288635,
  "cy" : 382.2027587890625,
  "fy" : 712.42144775390625,
  "t_22" : -0.80009013414382935,
  "t_11" : -0.06764240562915802,
  "t_00" : 0.1270243376493454,
  "t_20" : -0.057870324701070786,
  "angular_velocity" : 3.4028234663852886e+38,
  "t_03" : 8.6196212768554688,
  "t_23" : 4.6833996772766113,
  "t_12" : 0.12210103124380112,
  "t_01" : -0.79932332038879395,
  "timestamp" : 6558791386,
  "blur_score" : 60.197807312011719,
  "t_21" : -0.59708189964294434,
  "t_10" : -0.99020999670028687,
  "width" : 1024,
  "height" : 768,
  "manual_keyframe" : true,
  "cx" : 515.27459716796875,
  "fx" : 712.42144775390625
}