{
  "t_02" : 0.47144103050231934,
  "t_13" : -0.20426164567470551,
  "cy" : 382.12521362304688,
  "fy" : 713.0059814453125,
  "t_22" : -0.65213954448699951,
  "t_11" : -0.13209900259971619,
  "t_00" : 0.47613188624382019,
  "t_20" : -0.37842574715614319,
  "angular_velocity" : 3.4028234663852886e+38,
  "t_03" : 8.547968864440918,
  "t_23" : 4.8436446189880371,
  "t_12" : 0.5936812162399292,
  "t_01" : -0.74232196807861328,
  "timestamp" : 6558391354,
  "blur_score" : 97.358184814453125,
  "t_21" : -0.65689271688461304,
  "t_10" : -0.79378366470336914,
  "width" : 1024,
  "height" : 768,
  "manual_keyframe" : true,
  "cx" : 514.6876220703125,
  "fx" : 713.0059814453125
}