{
  "t_02" : 0.53695797920227051,
  "t_13" : -0.17872567474842072,
  "cy" : 382.19277954101562,
  "fy" : 712.7232666015625,
  "t_22" : -0.72220742702484131,
  "t_11" : -0.12303997576236725,
  "t_00" : 0.36741268634796143,
  "t_20" : -0.26502677798271179,
  "angular_velocity" : 3.4028234663852886e+38,
  "t_03" : 8.5643806457519531,
  "t_23" : 4.7971925735473633,
  "t_12" : 0.43599587678909302,
  "t_01" : -0.75939708948135376,
  "timestamp" : 6558524698,
  "blur_score" : 72.869575500488281,
  "t_21" : -0.63888740539550781,
  "t_10" : -0.89149802923202515,
  "width" : 1024,
  "height" : 768,
  "manual_keyframe" : true,
  "cx" : 514.74200439453125,
  "fx" : 712.7232666015625
}