{
  "t_02" : 0.56321579217910767,
  "t_13" : -0.15044675767421722,
  "cy" : 382.24777221679688,
  "fy" : 712.45330810546875,
  "t_22" : -0.81775271892547607,
  "t_11" : -0.01575327105820179,
  "t_00" : -0.054203301668167114,
  "t_20" : 0.10666988790035248,
  "angular_velocity" : 3.4028234663852886e+38,
  "t_03" : 8.7900075912475586,
  "center_depth" : 2.5545964241027832,
  "t_23" : 4.3914346694946289,
  "t_12" : -0.11860983818769455,
  "t_01" : -0.82453000545501709,
  "timestamp" : 6559324762,
  "blur_score" : 77.776313781738281,
  "t_21" : -0.56559866666793823,
  "t_10" : -0.99281591176986694,
  "width" : 1024,
  "height" : 768,
  "manual_keyframe" : true,
  "cx" : 516.68475341796875,
  "fx" : 712.45330810546875
}