{
  "t_02" : 0.33094164729118347,
  "t_13" : -0.2566261887550354,
  "cy" : 381.96435546875,
  "fy" : 712.461181640625,
  "t_22" : -0.86825644969940186,
  "t_11" : -0.089428678154945374,
  "t_00" : 0.22096100449562073,
  "t_20" : -0.30948701500892639,
  "angular_velocity" : 3.4028234663852886e+38,
  "t_03" : 8.7108268737792969,
  "center_depth" : 2.58819580078125,
  "t_23" : 4.3781275749206543,
  "t_12" : 0.36960580945014954,
  "t_01" : -0.91741704940795898,
  "timestamp" : 6560524858,
  "blur_score" : 72.534355163574219,
  "t_21" : -0.38774815201759338,
  "t_10" : -0.92487519979476929,
  "width" : 1024,
  "height" : 768,
  "manual_keyframe" : true,
  "cx" : 516.6182861328125,
  "fx" : 712.461181640625
}