{
  "t_02" : 0.3534296452999115,
  "t_13" : -0.23358733952045441,
  "cy" : 382.07504272460938,
  "fy" : 712.74554443359375,
  "t_22" : -0.89873290061950684,
  "t_11" : -0.080756776034832001,
  "t_00" : 0.17247696220874786,
  "t_20" : -0.21009534597396851,
  "angular_velocity" : 3.4028234663852886e+38,
  "t_03" : 8.7241592407226562,
  "center_depth" : 2.5742011070251465,
  "t_23" : 4.3084502220153809,
  "t_12" : 0.25955089926719666,
  "t_01" : -0.91942340135574341,
  "timestamp" : 6560391514,
  "blur_score" : 32.341667175292969,
  "t_21" : -0.38488852977752686,
  "t_10" : -0.96234697103500366,
  "width" : 1024,
  "height" : 768,
  "manual_keyframe" : true,
  "cx" : 516.54052734375,
  "fx" : 712.74554443359375
}