{
  "t_02" : 0.34525942802429199,
  "t_13" : -0.31209969520568848,
  "cy" : 382.205078125,
  "fy" : 713.25054931640625,
  "t_22" : -0.75018316507339478,
  "t_11" : -0.15499973297119141,
  "t_00" : 0.40208086371421814,
  "t_20" : -0.42470833659172058,
  "angular_velocity" : 3.4028234663852886e+38,
  "t_03" : 8.62420654296875,
  "t_23" : 4.6561446189880371,
  "t_12" : 0.5639336109161377,
  "t_01" : -0.84801357984542847,
  "timestamp" : 6561058234,
  "blur_score" : 279.57107543945312,
  "t_21" : -0.50680190324783325,
  "t_10" : -0.81114357709884644,
  "width" : 1024,
  "height" : 768,
  "manual_keyframe" : true,
  "cx" : 516.5382080078125,
  "fx" : 713.25054931640625
}