{
  "t_02" : 0.48591130971908569,
  "t_13" : -0.31396698951721191,
  "cy" : 382.20730590820312,
  "fy" : 712.7327880859375,
  "t_22" : -0.63545995950698853,
  "t_11" : -0.18609251081943512,
  "t_00" : 0.53929316997528076,
  "t_20" : -0.32229486107826233,
  "angular_velocity" : 3.4028234663852886e+38,
  "t_03" : 8.38934326171875,
  "t_23" : 4.8920807838439941,
  "t_12" : 0.600067138671875,
  "t_01" : -0.68778842687606812,
  "timestamp" : 6561591610,
  "blur_score" : 238.90840148925781,
  "t_21" : -0.70165258646011353,
  "t_10" : -0.77800309658050537,
  "width" : 1024,
  "height" : 768,
  "manual_keyframe" : true,
  "cx" : 516.07965087890625,
  "fx" : 712.7327880859375
}