{
  "t_02" : 0.70986253023147583,
  "t_13" : -0.38136056065559387,
  "cy" : 382.001220703125,
  "fy" : 712.492919921875,
  "t_22" : -0.10388422012329102,
  "t_11" : -0.18362419307231903,
  "t_00" : 0.70339661836624146,
  "t_20" : 0.15573771297931671,
  "angular_velocity" : 3.4028234663852886e+38,
  "t_03" : 7.9461779594421387,
  "center_depth" : 2.0351705551147461,
  "t_23" : 5.0946664810180664,
  "t_12" : 0.69663697481155396,
  "t_01" : 0.036446217447519302,
  "timestamp" : 6562591690,
  "blur_score" : 402.78515625,
  "t_21" : -0.98232054710388184,
  "t_10" : -0.69352638721466064,
  "width" : 1024,
  "height" : 768,
  "manual_keyframe" : true,
  "cx" : 515.70196533203125,
  "fx" : 712.492919921875
}