{
  "t_02" : 0.65361636877059937,
  "t_13" : -0.33110487461090088,
  "cy" : 381.89849853515625,
  "fy" : 712.4595947265625,
  "t_22" : -0.45391711592674255,
  "t_11" : -0.18085609376430511,
  "t_00" : 0.61403250694274902,
  "t_20" : -0.14972655475139618,
  "angular_velocity" : 3.4028234663852886e+38,
  "t_03" : 8.2070960998535156,
  "t_23" : 5.0352687835693359,
  "t_12" : 0.60559463500976562,
  "t_01" : -0.44243624806404114,
  "timestamp" : 6562024978,
  "blur_score" : 241.49400329589844,
  "t_21" : -0.87837421894073486,
  "t_10" : -0.77494913339614868,
  "width" : 1024,
  "height" : 768,
  "manual_keyframe" : true,
  "cx" : 515.7265625,
  "fx" : 712.4595947265625
}