{
  "t_02" : 0.69282156229019165,
  "t_13" : -0.35872095823287964,
  "cy" : 381.968994140625,
  "fy" : 712.4564208984375,
  "t_22" : -0.33467665314674377,
  "t_11" : -0.1954515129327774,
  "t_00" : 0.66677743196487427,
  "t_20" : -0.039986245334148407,
  "angular_velocity" : 3.4028234663852886e+38,
  "t_03" : 8.1160297393798828,
  "center_depth" : 2.2560181617736816,
  "t_23" : 5.0653343200683594,
  "t_12" : 0.6387406587600708,
  "t_01" : -0.27460166811943054,
  "timestamp" : 6562224994,
  "blur_score" : 241.66903686523438,
  "t_21" : -0.94148421287536621,
  "t_10" : -0.74418342113494873,
  "width" : 1024,
  "height" : 768,
  "manual_keyframe" : true,
  "cx" : 515.7254638671875,
  "fx" : 712.4564208984375
}