{
  "t_02" : 0.70478039979934692,
  "t_13" : -0.38887429237365723,
  "cy" : 382.06451416015625,
  "fy" : 712.48504638671875,
  "t_22" : -0.20591224730014801,
  "t_11" : -0.19418717920780182,
  "t_00" : 0.70260810852050781,
  "t_20" : 0.070251047611236572,
  "angular_velocity" : 3.4028234663852886e+38,
  "t_03" : 8.0225896835327148,
  "center_depth" : 2.0819129943847656,
  "t_23" : 5.0740880966186523,
  "t_12" : 0.67888480424880981,
  "t_01" : -0.098114252090454102,
  "timestamp" : 6562425010,
  "blur_score" : 283.78897094726562,
  "t_21" : -0.97604554891586304,
  "t_10" : -0.70810073614120483,
  "width" : 1024,
  "height" : 768,
  "manual_keyframe" : true,
  "cx" : 515.66632080078125,
  "fx" : 712.48504638671875
}