{
  "t_02" : 0.82237923145294189,
  "t_13" : -0.25392365455627441,
  "cy" : 381.43435668945312,
  "fy" : 712.14990234375,
  "t_22" : -0.0086528025567531586,
  "t_11" : -0.15710657835006714,
  "t_00" : 0.56037682294845581,
  "t_20" : 0.18514302372932434,
  "angular_velocity" : 3.4028234663852886e+38,
  "t_03" : 7.7895054817199707,
  "t_23" : 5.3149709701538086,
  "t_12" : 0.56887394189834595,
  "t_01" : 0.098337821662425995,
  "timestamp" : 6563091730,
  "blur_score" : 173.63572692871094,
  "t_21" : -0.98267346620559692,
  "t_10" : -0.80727928876876831,
  "width" : 1024,
  "height" : 768,
  "manual_keyframe" : true,
  "cx" : 515.54595947265625,
  "fx" : 712.14990234375
}