{
  "t_02" : 0.96515262126922607,
  "t_13" : -0.18097417056560516,
  "cy" : 382.1724853515625,
  "fy" : 711.71630859375,
  "t_22" : -0.06708131730556488,
  "t_11" : -0.095668181777000427,
  "t_00" : 0.25795450806617737,
  "t_20" : 0.081193648278713226,
  "angular_velocity" : 3.4028234663852886e+38,
  "t_03" : 7.6005902290344238,
  "t_23" : 5.5999364852905273,
  "t_12" : 0.25294369459152222,
  "t_01" : -0.044044405221939087,
  "timestamp" : 6563691778,
  "blur_score" : 235.25564575195312,
  "t_21" : -0.99443840980529785,
  "t_10" : -0.96273934841156006,
  "width" : 1024,
  "height" : 768,
  "manual_keyframe" : true,
  "cx" : 516.07989501953125,
  "fx" : 711.71630859375
}