{
  "t_02" : 0.89525908231735229,
  "t_13" : -0.29530632495880127,
  "cy" : 382.41677856445312,
  "fy" : 711.8179931640625,
  "t_22" : 0.087897397577762604,
  "t_11" : -0.11086519062519073,
  "t_00" : 0.41934341192245483,
  "t_20" : 0.16500742733478546,
  "angular_velocity" : 3.4028234663852886e+38,
  "t_03" : 7.4357399940490723,
  "t_23" : 5.6586284637451172,
  "t_12" : 0.43678969144821167,
  "t_01" : 0.15054003894329071,
  "timestamp" : 6564725195,
  "blur_score" : 146.3267822265625,
  "t_21" : -0.9823678731918335,
  "t_10" : -0.89270579814910889,
  "width" : 1024,
  "height" : 768,
  "manual_keyframe" : true,
  "cx" : 516.49334716796875,
  "fx" : 711.8179931640625
}