{
  "t_02" : 0.73006892204284668,
  "t_13" : -0.34321838617324829,
  "cy" : 382.4698486328125,
  "fy" : 711.84649658203125,
  "t_22" : 0.36247363686561584,
  "t_11" : -0.11123950034379959,
  "t_00" : 0.45334148406982422,
  "t_20" : 0.37744906544685364,
  "angular_velocity" : 3.4028234663852886e+38,
  "t_03" : 7.5103635787963867,
  "center_depth" : 2.5229463577270508,
  "t_23" : 5.5311985015869141,
  "t_12" : 0.57932031154632568,
  "t_01" : 0.51135176420211792,
  "timestamp" : 6565058554,
  "blur_score" : 142.72268676757812,
  "t_21" : -0.85214143991470337,
  "t_10" : -0.80747371912002563,
  "width" : 1024,
  "height" : 768,
  "manual_keyframe" : true,
  "cx" : 516.436279296875,
  "fx" : 711.84649658203125
}