{
  "t_02" : 0.46994411945343018,
  "t_13" : -0.40293747186660767,
  "cy" : 382.30230712890625,
  "fy" : 712.1689453125,
  "t_22" : 0.56250554323196411,
  "t_11" : -0.094721235334873199,
  "t_00" : 0.33330738544464111,
  "t_20" : 0.60051506757736206,
  "angular_velocity" : 3.4028234663852886e+38,
  "t_03" : 7.5804057121276855,
  "center_depth" : 1.7841035127639771,
  "t_23" : 5.3583345413208008,
  "t_12" : 0.68024986982345581,
  "t_01" : 0.81734859943389893,
  "timestamp" : 6565425250,
  "blur_score" : 161.82554626464844,
  "t_21" : -0.56830370426177979,
  "t_10" : -0.72683411836624146,
  "width" : 1024,
  "height" : 768,
  "manual_keyframe" : true,
  "cx" : 516.14459228515625,
  "fx" : 712.1689453125
}