{
  "t_02" : -0.076925143599510193,
  "t_13" : -0.39399632811546326,
  "cy" : 381.98257446289062,
  "fy" : 713.5968017578125,
  "t_22" : 0.64727026224136353,
  "t_11" : -0.11591210216283798,
  "t_00" : -0.26465672254562378,
  "t_20" : 0.72008061408996582,
  "angular_velocity" : 3.4028234663852886e+38,
  "t_03" : 7.7401142120361328,
  "t_23" : 4.780797004699707,
  "t_12" : 0.75836896896362305,
  "t_01" : 0.96126949787139893,
  "timestamp" : 6566925371,
  "blur_score" : 369.90618896484375,
  "t_21" : 0.25005003809928894,
  "t_10" : -0.64143633842468262,
  "width" : 1024,
  "height" : 768,
  "manual_keyframe" : true,
  "cx" : 515.15228271484375,
  "fx" : 713.5968017578125
}