{
  "t_02" : 0.15304209291934967,
  "t_13" : -0.43111228942871094,
  "cy" : 381.90350341796875,
  "fy" : 714.8212890625,
  "t_22" : 0.60176205635070801,
  "t_11" : -0.16674546897411346,
  "t_00" : -0.074151448905467987,
  "t_20" : 0.79797625541687012,
  "angular_velocity" : 3.4028234663852886e+38,
  "t_03" : 7.7224750518798828,
  "t_23" : 5.075230598449707,
  "t_12" : 0.78387516736984253,
  "t_01" : 0.98543357849121094,
  "timestamp" : 6566258651,
  "blur_score" : 269.4053955078125,
  "t_21" : -0.033410515636205673,
  "t_10" : -0.59810984134674072,
  "width" : 1024,
  "height" : 768,
  "manual_keyframe" : true,
  "cx" : 515.324951171875,
  "fx" : 714.8212890625
}