{
  "t_02" : -0.10169395059347153,
  "t_13" : -0.36728763580322266,
  "cy" : 382.15621948242188,
  "fy" : 713.0361328125,
  "t_22" : 0.65391647815704346,
  "t_11" : -0.10295406728982925,
  "t_00" : -0.26752689480781555,
  "t_20" : 0.70787030458450317,
  "angular_velocity" : 3.4028234663852886e+38,
  "t_03" : 7.8268256187438965,
  "center_depth" : 1.9056220054626465,
  "t_23" : 4.4377236366271973,
  "t_12" : 0.74970090389251709,
  "t_01" : 0.95816886425018311,
  "timestamp" : 6567525419,
  "blur_score" : 418.10964965820312,
  "t_21" : 0.26704445481300354,
  "t_10" : -0.65371918678283691,
  "width" : 1024,
  "height" : 768,
  "manual_keyframe" : true,
  "cx" : 515.2750244140625,
  "fx" : 713.0361328125
}