{
  "t_02" : -0.11656177788972855,
  "t_13" : -0.366283118724823,
  "cy" : 382.1280517578125,
  "fy" : 712.99639892578125,
  "t_22" : 0.66094815731048584,
  "t_11" : -0.085847228765487671,
  "t_00" : -0.25365924835205078,
  "t_20" : 0.70184582471847534,
  "angular_velocity" : 3.4028234663852886e+38,
  "t_03" : 7.8718852996826172,
  "t_23" : 4.1176400184631348,
  "t_12" : 0.74132359027862549,
  "t_01" : 0.96024489402770996,
  "timestamp" : 6568092131,
  "blur_score" : 631.302001953125,
  "t_21" : 0.26563113927841187,
  "t_10" : -0.66563457250595093,
  "width" : 1024,
  "height" : 768,
  "manual_keyframe" : true,
  "cx" : 515.2755126953125,
  "fx" : 712.99639892578125
}