{
  "t_02" : -0.11056499183177948,
  "t_13" : -0.37088632583618164,
  "cy" : 382.29507446289062,
  "fy" : 713.0234375,
  "t_22" : 0.65727043151855469,
  "t_11" : -0.082007311284542084,
  "t_00" : -0.24406564235687256,
  "t_20" : 0.70917409658432007,
  "angular_velocity" : 3.4028234663852886e+38,
  "t_03" : 7.9648995399475098,
  "center_depth" : 1.9198095798492432,
  "t_23" : 3.8602800369262695,
  "t_12" : 0.74550026655197144,
  "t_01" : 0.96343505382537842,
  "timestamp" : 6568525499,
  "blur_score" : 860.272705078125,
  "t_21" : 0.25508323311805725,
  "t_10" : -0.66144078969955444,
  "width" : 1024,
  "height" : 768,
  "manual_keyframe" : true,
  "cx" : 515.37322998046875,
  "fx" : 713.0234375
}