{
  "t_02" : -0.068814083933830261,
  "t_13" : -0.37726682424545288,
  "cy" : 382.24197387695312,
  "fy" : 713.00750732421875,
  "t_22" : 0.643035888671875,
  "t_11" : -0.059198733419179916,
  "t_00" : -0.17183876037597656,
  "t_20" : 0.74548327922821045,
  "angular_velocity" : 3.4028234663852886e+38,
  "t_03" : 8.0691518783569336,
  "t_23" : 3.5618665218353271,
  "t_12" : 0.76273810863494873,
  "t_01" : 0.98271870613098145,
  "timestamp" : 6569025539,
  "blur_score" : 801.7652587890625,
  "t_21" : 0.17538371682167053,
  "t_10" : -0.64399224519729614,
  "width" : 1024,
  "height" : 768,
  "manual_keyframe" : true,
  "cx" : 515.3453369140625,
  "fx" : 713.00750732421875
}