{
  "t_02" : -0.07483547180891037,
  "t_13" : -0.36553269624710083,
  "cy" : 382.31326293945312,
  "fy" : 712.998046875,
  "t_22" : 0.6338074803352356,
  "t_11" : -0.039898950606584549,
  "t_00" : -0.15218186378479004,
  "t_20" : 0.75572514533996582,
  "angular_velocity" : 3.4028234663852886e+38,
  "t_03" : 8.1904211044311523,
  "t_23" : 3.115098237991333,
  "t_12" : 0.76986211538314819,
  "t_01" : 0.98551523685455322,
  "timestamp" : 6569692260,
  "blur_score" : 554.292724609375,
  "t_21" : 0.16482639312744141,
  "t_10" : -0.63696181774139404,
  "width" : 1024,
  "height" : 768,
  "manual_keyframe" : true,
  "cx" : 515.24114990234375,
  "fx" : 712.998046875
}