{
  "t_02" : -0.063259556889533997,
  "t_13" : -0.37592732906341553,
  "cy" : 382.224609375,
  "fy" : 712.95831298828125,
  "t_22" : 0.63947397470474243,
  "t_11" : -0.052008390426635742,
  "t_00" : -0.15572257339954376,
  "t_20" : 0.75201511383056641,
  "angular_velocity" : 3.4028234663852886e+38,
  "t_03" : 8.1046953201293945,
  "center_depth" : 1.8587241172790527,
  "t_23" : 3.4242947101593018,
  "t_12" : 0.76620572805404663,
  "t_01" : 0.98577320575714111,
  "timestamp" : 6569225555,
  "blur_score" : 501.40130615234375,
  "t_21" : 0.15983246266841888,
  "t_10" : -0.64048725366592407,
  "width" : 1024,
  "height" : 768,
  "manual_keyframe" : true,
  "cx" : 515.3134765625,
  "fx" : 712.95831298828125
}