{
  "t_02" : -0.12730468809604645,
  "t_13" : -0.29036879539489746,
  "cy" : 382.32736206054688,
  "fy" : 713.00750732421875,
  "t_22" : 0.71344566345214844,
  "t_11" : -0.018194982782006264,
  "t_00" : -0.14571753144264221,
  "t_20" : 0.67371088266372681,
  "angular_velocity" : 3.4028234663852886e+38,
  "t_03" : 8.3253765106201172,
  "t_23" : 2.542414665222168,
  "t_12" : 0.6890491247177124,
  "t_01" : 0.98110127449035645,
  "timestamp" : 6570592332,
  "blur_score" : 191.34864807128906,
  "t_21" : 0.19263701140880585,
  "t_10" : -0.72448599338531494,
  "width" : 1024,
  "height" : 768,
  "manual_keyframe" : true,
  "cx" : 515.30322265625,
  "fx" : 713.00750732421875
}