{
  "t_02" : -0.091841712594032288,
  "t_13" : -0.35088634490966797,
  "cy" : 382.41339111328125,
  "fy" : 712.96307373046875,
  "t_22" : 0.64748883247375488,
  "t_11" : -0.032202601432800293,
  "t_00" : -0.15486842393875122,
  "t_20" : 0.74119901657104492,
  "angular_velocity" : 3.4028234663852886e+38,
  "t_03" : 8.2797126770019531,
  "t_23" : 2.8368728160858154,
  "t_12" : 0.75652033090591431,
  "t_01" : 0.98365682363510132,
  "timestamp" : 6570092292,
  "blur_score" : 509.60003662109375,
  "t_21" : 0.17714999616146088,
  "t_10" : -0.65317660570144653,
  "width" : 1024,
  "height" : 768,
  "manual_keyframe" : true,
  "cx" : 515.26605224609375,
  "fx" : 712.96307373046875
}