{
  "t_02" : -0.22864851355552673,
  "t_13" : -0.2258845716714859,
  "cy" : 382.34323120117188,
  "fy" : 712.3436279296875,
  "t_22" : 0.85577982664108276,
  "t_11" : 0.0037093702703714371,
  "t_00" : -0.11574222147464752,
  "t_20" : 0.44942003488540649,
  "angular_velocity" : 3.4028234663852886e+38,
  "t_03" : 8.2762336730957031,
  "center_depth" : 2.5358874797821045,
  "t_23" : 2.1941840648651123,
  "t_12" : 0.46406987309455872,
  "t_01" : 0.96660417318344116,
  "timestamp" : 6571159044,
  "blur_score" : 110.00914764404297,
  "t_21" : 0.25624722242355347,
  "t_10" : -0.88579082489013672,
  "width" : 1024,
  "height" : 768,
  "manual_keyframe" : true,
  "cx" : 515.70257568359375,
  "fx" : 712.3436279296875
}