{
  "t_02" : -0.28472086787223816,
  "t_13" : -0.1594746857881546,
  "cy" : 382.53121948242188,
  "fy" : 712.4564208984375,
  "t_22" : 0.92269665002822876,
  "t_11" : 0.017731970176100731,
  "t_00" : -0.0590829998254776,
  "t_20" : 0.25374910235404968,
  "angular_velocity" : 3.4028234663852886e+38,
  "t_03" : 8.2447881698608398,
  "center_depth" : 2.0624086856842041,
  "t_23" : 1.9186252355575562,
  "t_12" : 0.25993260741233826,
  "t_01" : 0.95678800344467163,
  "timestamp" : 6571592412,
  "blur_score" : 132.93487548828125,
  "t_21" : 0.29024529457092285,
  "t_10" : -0.96546393632888794,
  "width" : 1024,
  "height" : 768,
  "manual_keyframe" : true,
  "cx" : 516.34014892578125,
  "fx" : 712.4564208984375
}