{
  "t_02" : -0.4787314236164093,
  "t_13" : 0.019441433250904083,
  "cy" : 382.85791015625,
  "fy" : 713.8397216796875,
  "t_22" : 0.76710033416748047,
  "t_11" : 0.12461662292480469,
  "t_00" : 0.34085536003112793,
  "t_20" : -0.28586721420288086,
  "angular_velocity" : 3.4028234663852886e+38,
  "t_03" : 8.1452322006225586,
  "t_23" : 1.6950750350952148,
  "t_12" : -0.4270516037940979,
  "t_01" : 0.80909430980682373,
  "timestamp" : 6572459149,
  "blur_score" : 11.171263694763184,
  "t_21" : 0.57431423664093018,
  "t_10" : -0.8955988883972168,
  "width" : 1024,
  "height" : 768,
  "manual_keyframe" : true,
  "cx" : 516.7777099609375,
  "fx" : 713.8397216796875
}