{
  "t_02" : -0.39199703931808472,
  "t_13" : -0.056655667722225189,
  "cy" : 382.6051025390625,
  "fy" : 713.59356689453125,
  "t_22" : 0.91236168146133423,
  "t_11" : 0.089597560465335846,
  "t_00" : 0.12930917739868164,
  "t_20" : -0.072396412491798401,
  "angular_velocity" : 3.4028234663852886e+38,
  "t_03" : 8.179591178894043,
  "t_23" : 1.7452616691589355,
  "t_12" : -0.11804396659135818,
  "t_01" : 0.91083323955535889,
  "timestamp" : 6572092453,
  "blur_score" : 21.610700607299805,
  "t_21" : 0.40293276309967041,
  "t_10" : -0.98895788192749023,
  "width" : 1024,
  "height" : 768,
  "manual_keyframe" : true,
  "cx" : 516.6436767578125,
  "fx" : 713.59356689453125
}