{
  "t_02" : -0.57049638032913208,
  "t_13" : 0.11802241206169128,
  "cy" : 382.75802612304688,
  "fy" : 715.06427001953125,
  "t_22" : 0.27024942636489868,
  "t_11" : 0.091269597411155701,
  "t_00" : 0.75543105602264404,
  "t_20" : -0.19787189364433289,
  "angular_velocity" : 3.4028234663852886e+38,
  "t_03" : 8.2434444427490234,
  "t_23" : 1.6112602949142456,
  "t_12" : -0.77556371688842773,
  "t_01" : 0.32226988673210144,
  "timestamp" : 6573659246,
  "blur_score" : 56.094142913818359,
  "t_21" : 0.94223767518997192,
  "t_10" : -0.62463641166687012,
  "width" : 1024,
  "height" : 768,
  "manual_keyframe" : true,
  "cx" : 515.5418701171875,
  "fx" : 715.06427001953125
}