{
  "t_02" : -0.52188503742218018,
  "t_13" : 0.10424321889877319,
  "cy" : 383.05459594726562,
  "fy" : 714.48931884765625,
  "t_22" : 0.4921591579914093,
  "t_11" : 0.11927194893360138,
  "t_00" : 0.61389631032943726,
  "t_20" : -0.35038894414901733,
  "angular_velocity" : 3.4028234663852886e+38,
  "t_03" : 8.234705924987793,
  "center_depth" : 1.6140567064285278,
  "t_23" : 1.640627384185791,
  "t_12" : -0.69671744108200073,
  "t_01" : 0.59225606918334961,
  "timestamp" : 6573225878,
  "blur_score" : 36.828407287597656,
  "t_21" : 0.79687321186065674,
  "t_10" : -0.70736044645309448,
  "width" : 1024,
  "height" : 768,
  "manual_keyframe" : true,
  "cx" : 515.89373779296875,
  "fx" : 714.48931884765625
}