{
  "t_02" : -0.64981937408447266,
  "t_13" : 0.11190558969974518,
  "cy" : 382.69384765625,
  "fy" : 714.77996826171875,
  "t_22" : -0.054081253707408905,
  "t_11" : 0.055645454674959183,
  "t_00" : 0.74571627378463745,
  "t_20" : 0.14769446849822998,
  "angular_velocity" : 3.4028234663852886e+38,
  "t_03" : 8.2479286193847656,
  "center_depth" : 1.4865660667419434,
  "t_23" : 1.520933985710144,
  "t_12" : -0.75816220045089722,
  "t_01" : -0.14711226522922516,
  "timestamp" : 6574359302,
  "blur_score" : 100.8577880859375,
  "t_21" : 0.98755329847335815,
  "t_10" : -0.64968723058700562,
  "width" : 1024,
  "height" : 768,
  "manual_keyframe" : true,
  "cx" : 515.09844970703125,
  "fx" : 714.77996826171875
}