{
  "t_02" : -0.57079577445983887,
  "t_13" : 0.12131036818027496,
  "cy" : 382.70919799804688,
  "fy" : 714.79425048828125,
  "t_22" : -0.27269968390464783,
  "t_11" : 0.037865247577428818,
  "t_00" : 0.67177093029022217,
  "t_20" : 0.38727852702140808,
  "angular_velocity" : 3.4028234663852886e+38,
  "t_03" : 8.3195362091064453,
  "t_23" : 1.5702569484710693,
  "t_12" : -0.77448505163192749,
  "t_01" : -0.47213980555534363,
  "timestamp" : 6574959349,
  "blur_score" : 49.358509063720703,
  "t_21" : 0.88071012496948242,
  "t_10" : -0.63145792484283447,
  "width" : 1024,
  "height" : 768,
  "manual_keyframe" : true,
  "cx" : 515.1964111328125,
  "fx" : 714.79425048828125
}