{
  "t_02" : -0.62550526857376099,
  "t_13" : 0.12049798667430878,
  "cy" : 382.6258544921875,
  "fy" : 715.0689697265625,
  "t_22" : 0.086173631250858307,
  "t_11" : 0.063640996813774109,
  "t_00" : 0.77803462743759155,
  "t_20" : -0.0054437136277556419,
  "angular_velocity" : 3.4028234663852886e+38,
  "t_03" : 8.2444248199462891,
  "t_23" : 1.5472381114959717,
  "t_12" : -0.77544647455215454,
  "t_01" : 0.05835539847612381,
  "timestamp" : 6574025942,
  "blur_score" : 57.819442749023438,
  "t_21" : 0.99626535177230835,
  "t_10" : -0.62819784879684448,
  "width" : 1024,
  "height" : 768,
  "manual_keyframe" : true,
  "cx" : 515.22686767578125,
  "fx" : 715.0689697265625
}