{
  "t_02" : -0.35632237792015076,
  "t_13" : 0.12869904935359955,
  "cy" : 382.39764404296875,
  "fy" : 715.0689697265625,
  "t_22" : -0.56419676542282104,
  "t_11" : 0.019852414727210999,
  "t_00" : 0.37237423658370972,
  "t_20" : 0.64532774686813354,
  "angular_velocity" : 3.4028234663852886e+38,
  "t_03" : 8.480682373046875,
  "t_23" : 1.5686718225479126,
  "t_12" : -0.74479281902313232,
  "t_01" : -0.85695493221282959,
  "timestamp" : 6575926093,
  "blur_score" : 76.253227233886719,
  "t_21" : 0.51500880718231201,
  "t_10" : -0.66700029373168945,
  "width" : 1024,
  "height" : 768,
  "manual_keyframe" : true,
  "cx" : 515.1478271484375,
  "fx" : 715.0689697265625
}