{
  "t_02" : -0.45186233520507812,
  "t_13" : 0.12216673791408539,
  "cy" : 382.51287841796875,
  "fy" : 715.06585693359375,
  "t_22" : -0.42808011174201965,
  "t_11" : 0.025355823338031769,
  "t_00" : 0.53969156742095947,
  "t_20" : 0.56740081310272217,
  "angular_velocity" : 3.4028234663852886e+38,
  "t_03" : 8.3735876083374023,
  "center_depth" : 1.4335620403289795,
  "t_23" : 1.5894509553909302,
  "t_12" : -0.78266710042953491,
  "t_01" : -0.71031922101974487,
  "timestamp" : 6575392717,
  "blur_score" : 66.298393249511719,
  "t_21" : 0.70342278480529785,
  "t_10" : -0.62192380428314209,
  "width" : 1024,
  "height" : 768,
  "manual_keyframe" : true,
  "cx" : 515.220947265625,
  "fx" : 715.06585693359375
}