{
  "t_02" : -0.13040533661842346,
  "t_13" : 0.11910699307918549,
  "cy" : 382.623046875,
  "fy" : 714.494140625,
  "t_22" : -0.70989590883255005,
  "t_11" : 0.051886748522520065,
  "t_00" : 0.054020941257476807,
  "t_20" : 0.69196546077728271,
  "angular_velocity" : 3.4028234663852886e+38,
  "t_03" : 8.5124073028564453,
  "center_depth" : 1.641108512878418,
  "t_23" : 1.5592038631439209,
  "t_12" : -0.69212865829467773,
  "t_01" : -0.98998802900314331,
  "timestamp" : 6576526140,
  "blur_score" : 51.717533111572266,
  "t_21" : 0.13126912713050842,
  "t_10" : -0.71990656852722168,
  "width" : 1024,
  "height" : 768,
  "manual_keyframe" : true,
  "cx" : 515.38653564453125,
  "fx" : 714.494140625
}