{
  "t_02" : 0.39122781157493591,
  "t_13" : 0.13550460338592529,
  "cy" : 382.53985595703125,
  "fy" : 715.0802001953125,
  "t_22" : -0.48771578073501587,
  "t_11" : 0.08264806866645813,
  "t_00" : -0.58716058731079102,
  "t_20" : 0.52071809768676758,
  "angular_velocity" : 3.4028234663852886e+38,
  "t_03" : 8.4187250137329102,
  "center_depth" : 1.4385730028152466,
  "t_23" : 1.5367064476013184,
  "t_12" : -0.78043204545974731,
  "t_01" : -0.70864886045455933,
  "timestamp" : 6577926251,
  "blur_score" : 40.349575042724609,
  "t_21" : -0.70070391893386841,
  "t_10" : -0.6197541356086731,
  "width" : 1024,
  "height" : 768,
  "manual_keyframe" : true,
  "cx" : 515.3099365234375,
  "fx" : 715.0802001953125
}