{
  "t_02" : 0.16920527815818787,
  "t_13" : 0.12397980690002441,
  "cy" : 382.70468139648438,
  "fy" : 715.0802001953125,
  "t_22" : -0.63057589530944824,
  "t_11" : 0.077934622764587402,
  "t_00" : -0.31019550561904907,
  "t_20" : 0.69541078805923462,
  "angular_velocity" : 3.4028234663852886e+38,
  "t_03" : 8.3919572830200195,
  "t_23" : 1.5579336881637573,
  "t_12" : -0.75745862722396851,
  "t_01" : -0.93549364805221558,
  "timestamp" : 6577459547,
  "blur_score" : 42.275360107421875,
  "t_21" : -0.34464162588119507,
  "t_10" : -0.64821481704711914,
  "width" : 1024,
  "height" : 768,
  "manual_keyframe" : true,
  "cx" : 515.57513427734375,
  "fx" : 715.0802001953125
}