{
  "t_02" : 0.57662796974182129,
  "t_13" : 0.13455311954021454,
  "cy" : 382.69549560546875,
  "fy" : 715.0579833984375,
  "t_22" : -0.27494737505912781,
  "t_11" : 0.087906502187252045,
  "t_00" : -0.74706798791885376,
  "t_20" : 0.20376724004745483,
  "angular_velocity" : 3.4028234663852886e+38,
  "t_03" : 8.4615049362182617,
  "t_23" : 1.5063372850418091,
  "t_12" : -0.76935303211212158,
  "t_01" : -0.33074095845222473,
  "timestamp" : 6578459627,
  "blur_score" : 45.988395690917969,
  "t_21" : -0.93961840867996216,
  "t_10" : -0.63274663686752319,
  "width" : 1024,
  "height" : 768,
  "manual_keyframe" : true,
  "cx" : 515.0965576171875,
  "fx" : 715.0579833984375
}