{
  "t_02" : 0.61950498819351196,
  "t_13" : 0.13991281390190125,
  "cy" : 382.75006103515625,
  "fy" : 714.773681640625,
  "t_22" : 0.14629596471786499,
  "t_11" : 0.075970329344272614,
  "t_00" : -0.7178003191947937,
  "t_20" : -0.29213905334472656,
  "angular_velocity" : 3.4028234663852886e+38,
  "t_03" : 8.3852930068969727,
  "center_depth" : 1.4984695911407471,
  "t_23" : 1.2987170219421387,
  "t_12" : -0.77123987674713135,
  "t_01" : 0.31776759028434753,
  "timestamp" : 6579559715,
  "blur_score" : 81.753524780273438,
  "t_21" : -0.94512021541595459,
  "t_10" : -0.63199478387832642,
  "width" : 1024,
  "height" : 768,
  "manual_keyframe" : true,
  "cx" : 515.27410888671875,
  "fx" : 714.773681640625
}