{
  "t_02" : 0.57758408784866333,
  "t_13" : 0.1472550630569458,
  "cy" : 382.57260131835938,
  "fy" : 714.78790283203125,
  "t_22" : 0.29004046320915222,
  "t_11" : 0.061422500759363174,
  "t_00" : -0.6361844539642334,
  "t_20" : -0.42581108212471008,
  "angular_velocity" : 3.4028234663852886e+38,
  "t_03" : 8.3856678009033203,
  "center_depth" : 1.5523055791854858,
  "t_23" : 1.2890437841415405,
  "t_12" : -0.76306802034378052,
  "t_01" : 0.51153284311294556,
  "timestamp" : 6579826403,
  "blur_score" : 132.90501403808594,
  "t_21" : -0.85706549882888794,
  "t_10" : -0.64339274168014526,
  "width" : 1024,
  "height" : 768,
  "manual_keyframe" : true,
  "cx" : 515.334228515625,
  "fx" : 714.78790283203125
}