{
  "t_02" : 0.42944538593292236,
  "t_13" : 0.15915456414222717,
  "cy" : 382.54791259765625,
  "fy" : 715.27227783203125,
  "t_22" : 0.50646126270294189,
  "t_11" : 0.075408123433589935,
  "t_00" : -0.39382576942443848,
  "t_20" : -0.64004784822463989,
  "angular_velocity" : 3.4028234663852886e+38,
  "t_03" : 8.4122304916381836,
  "center_depth" : 1.5856883525848389,
  "t_23" : 1.3511018753051758,
  "t_12" : -0.74771219491958618,
  "t_01" : 0.81269800662994385,
  "timestamp" : 6580393115,
  "blur_score" : 158.01443481445312,
  "t_21" : -0.57778513431549072,
  "t_10" : -0.65972715616226196,
  "width" : 1024,
  "height" : 768,
  "manual_keyframe" : true,
  "cx" : 515.2874755859375,
  "fx" : 715.27227783203125
}