{
  "t_02" : 0.33495920896530151,
  "t_13" : 0.15234889090061188,
  "cy" : 382.65060424804688,
  "fy" : 714.7784423828125,
  "t_22" : 0.56417793035507202,
  "t_11" : 0.094515122473239899,
  "t_00" : -0.25737932324409485,
  "t_20" : -0.71567767858505249,
  "angular_velocity" : 3.4028234663852886e+38,
  "t_03" : 8.4228420257568359,
  "center_depth" : 1.5433732271194458,
  "t_23" : 1.3951848745346069,
  "t_12" : -0.75465595722198486,
  "t_01" : 0.90639853477478027,
  "timestamp" : 6580759811,
  "blur_score" : 176.10299682617188,
  "t_21" : -0.41171428561210632,
  "t_10" : -0.64927750825881958,
  "width" : 1024,
  "height" : 768,
  "manual_keyframe" : true,
  "cx" : 515.21990966796875,
  "fx" : 714.7784423828125
}