{
  "t_02" : 0.31469395756721497,
  "t_13" : 0.14819972217082977,
  "cy" : 382.70120239257812,
  "fy" : 714.77996826171875,
  "t_22" : 0.58153849840164185,
  "t_11" : 0.10055755823850632,
  "t_00" : -0.21913014352321625,
  "t_20" : -0.72448223829269409,
  "angular_velocity" : 3.4028234663852886e+38,
  "t_03" : 8.423187255859375,
  "center_depth" : 1.5573397874832153,
  "t_23" : 1.3994476795196533,
  "t_12" : -0.75018703937530518,
  "t_01" : 0.9235527515411377,
  "timestamp" : 6580893155,
  "blur_score" : 187.26115417480469,
  "t_21" : -0.3700520396232605,
  "t_10" : -0.6535346508026123,
  "width" : 1024,
  "height" : 768,
  "manual_keyframe" : true,
  "cx" : 515.1712646484375,
  "fx" : 714.77996826171875
}