{
  "t_02" : 0.88831239938735962,
  "t_13" : 0.0033379946835339069,
  "cy" : 382.685302734375,
  "fy" : 712.13238525390625,
  "t_22" : 0.34667873382568359,
  "t_11" : 0.088934294879436493,
  "t_00" : -0.24544809758663177,
  "t_20" : -0.19590622186660767,
  "angular_velocity" : 3.4028234663852886e+38,
  "t_03" : 8.2021093368530273,
  "t_23" : 1.4270753860473633,
  "t_12" : -0.30118876695632935,
  "t_01" : 0.38814440369606018,
  "timestamp" : 6581926571,
  "blur_score" : 72.65435791015625,
  "t_21" : -0.91729736328125,
  "t_10" : -0.94940811395645142,
  "width" : 1024,
  "height" : 768,
  "manual_keyframe" : true,
  "cx" : 516.01544189453125,
  "fx" : 712.13238525390625
}