{
  "t_02" : 0.7964550256729126,
  "t_13" : 0.016752330586314201,
  "cy" : 382.74301147460938,
  "fy" : 712.624755859375,
  "t_22" : 0.48998787999153137,
  "t_11" : 0.086256645619869232,
  "t_00" : -0.25219634175300598,
  "t_20" : -0.26345470547676086,
  "angular_velocity" : 3.4028234663852886e+38,
  "t_03" : 8.2436075210571289,
  "t_23" : 1.4019365310668945,
  "t_12" : -0.35436013340950012,
  "t_01" : 0.54959642887115479,
  "timestamp" : 6581793227,
  "blur_score" : 159.98356628417969,
  "t_21" : -0.83096528053283691,
  "t_10" : -0.93112218379974365,
  "width" : 1024,
  "height" : 768,
  "manual_keyframe" : true,
  "cx" : 515.746826171875,
  "fx" : 712.624755859375
}