{
  "t_02" : 0.66271376609802246,
  "t_13" : 0.030494678765535355,
  "cy" : 382.7330322265625,
  "fy" : 713.39825439453125,
  "t_22" : 0.60789978504180908,
  "t_11" : 0.10251791030168533,
  "t_00" : -0.24312794208526611,
  "t_20" : -0.37771254777908325,
  "angular_velocity" : 3.4028234663852886e+38,
  "t_03" : 8.2907285690307617,
  "t_23" : 1.3895823955535889,
  "t_12" : -0.43734198808670044,
  "t_01" : 0.70830720663070679,
  "timestamp" : 6581659884,
  "blur_score" : 183.49971008300781,
  "t_21" : -0.69842028617858887,
  "t_10" : -0.8934326171875,
  "width" : 1024,
  "height" : 768,
  "manual_keyframe" : true,
  "cx" : 515.4423828125,
  "fx" : 713.39825439453125
}