{
  "t_02" : 0.5179477334022522,
  "t_13" : 0.045014623552560806,
  "cy" : 382.705322265625,
  "fy" : 713.90484619140625,
  "t_22" : 0.67836469411849976,
  "t_11" : 0.11807991564273834,
  "t_00" : -0.20323438942432404,
  "t_20" : -0.49415594339370728,
  "angular_velocity" : 3.4028234663852886e+38,
  "t_03" : 8.3264131546020508,
  "center_depth" : 2.3147890567779541,
  "t_23" : 1.3892561197280884,
  "t_12" : -0.52110588550567627,
  "t_01" : 0.83091866970062256,
  "timestamp" : 6581526539,
  "blur_score" : 218.34771728515625,
  "t_21" : -0.54371976852416992,
  "t_10" : -0.84528440237045288,
  "width" : 1024,
  "height" : 768,
  "manual_keyframe" : true,
  "cx" : 515.23468017578125,
  "fx" : 713.90484619140625
}