{
  "t_02" : 0.96925526857376099,
  "t_13" : -0.02754807285964489,
  "cy" : 382.73794555664062,
  "fy" : 711.24298095703125,
  "t_22" : -0.17849935591220856,
  "t_11" : 0.096544623374938965,
  "t_00" : -0.18349820375442505,
  "t_20" : -0.065813742578029633,
  "angular_velocity" : 3.4028234663852886e+38,
  "t_03" : 8.1598377227783203,
  "t_23" : 1.5224614143371582,
  "t_12" : -0.16935813426971436,
  "t_01" : -0.16392864286899567,
  "timestamp" : 6582326604,
  "blur_score" : 83.932609558105469,
  "t_21" : -0.98173648118972778,
  "t_10" : -0.98081445693969727,
  "width" : 1024,
  "height" : 768,
  "manual_keyframe" : true,
  "cx" : 516.69061279296875,
  "fx" : 711.24298095703125
}