{
  "t_02" : 0.88512670993804932,
  "t_13" : -0.04179145023226738,
  "cy" : 382.837890625,
  "fy" : 711.2525634765625,
  "t_22" : -0.4540882408618927,
  "t_11" : 0.084723830223083496,
  "t_00" : -0.12908315658569336,
  "t_20" : -0.029497116804122925,
  "angular_velocity" : 3.4028234663852886e+38,
  "t_03" : 8.1506490707397461,
  "center_depth" : 6.6629238128662109,
  "t_23" : 1.5897444486618042,
  "t_12" : -0.10175661742687225,
  "t_01" : -0.44708845019340515,
  "timestamp" : 6582593292,
  "blur_score" : 104.22421264648438,
  "t_21" : -0.89046823978424072,
  "t_10" : -0.99119490385055542,
  "width" : 1024,
  "height" : 768,
  "manual_keyframe" : true,
  "cx" : 516.78253173828125,
  "fx" : 711.2525634765625
}