{
  "t_02" : 0.97495478391647339,
  "t_13" : -0.018672388046979904,
  "cy" : 382.66705322265625,
  "fy" : 711.52099609375,
  "t_22" : 0.050055641680955887,
  "t_11" : 0.096828639507293701,
  "t_00" : -0.21025849878787994,
  "t_20" : -0.11011101305484772,
  "angular_velocity" : 3.4028234663852886e+38,
  "t_03" : 8.1684198379516602,
  "center_depth" : 5.4320206642150879,
  "t_23" : 1.4829835891723633,
  "t_12" : -0.21669629216194153,
  "t_01" : 0.072485961019992828,
  "timestamp" : 6582159924,
  "blur_score" : 86.094352722167969,
  "t_21" : -0.99265789985656738,
  "t_10" : -0.97142511606216431,
  "width" : 1024,
  "height" : 768,
  "manual_keyframe" : true,
  "cx" : 516.46612548828125,
  "fx" : 711.52099609375
}