{
  "t_02" : 0.92574244737625122,
  "t_13" : 0.085505835711956024,
  "cy" : 383.18392944335938,
  "fy" : 712.09112548828125,
  "t_22" : -0.19263575971126556,
  "t_11" : 0.031677160412073135,
  "t_00" : 0.31158295273780823,
  "t_20" : -0.099054746329784393,
  "angular_velocity" : 3.4028234663852886e+38,
  "t_03" : 7.6694307327270508,
  "center_depth" : 3.6568229198455811,
  "t_23" : 1.4124619960784912,
  "t_12" : 0.32541096210479736,
  "t_01" : -0.21428236365318298,
  "timestamp" : 6583726716,
  "blur_score" : 150.73036193847656,
  "t_21" : -0.97625797986984253,
  "t_10" : -0.9450419545173645,
  "width" : 1024,
  "height" : 768,
  "manual_keyframe" : true,
  "cx" : 516.7762451171875,
  "fx" : 712.09112548828125
}