{
  "t_02" : 0.93208020925521851,
  "t_13" : 0.104108527302742,
  "cy" : 382.98977661132812,
  "fy" : 712.1546630859375,
  "t_22" : -0.056149862706661224,
  "t_11" : 0.055207610130310059,
  "t_00" : 0.35304605960845947,
  "t_20" : -0.080498546361923218,
  "angular_velocity" : 3.4028234663852886e+38,
  "t_03" : 7.6016073226928711,
  "center_depth" : 2.9555764198303223,
  "t_23" : 1.3222528696060181,
  "t_12" : 0.35787376761436462,
  "t_01" : -0.081147663295269012,
  "timestamp" : 6583860060,
  "blur_score" : 179.21247863769531,
  "t_21" : -0.99517190456390381,
  "t_10" : -0.93213653564453125,
  "width" : 1024,
  "height" : 768,
  "manual_keyframe" : true,
  "cx" : 516.734619140625,
  "fx" : 712.1546630859375
}