{
  "t_02" : 0.83664560317993164,
  "t_13" : 0.030969016253948212,
  "cy" : 383.369873046875,
  "fy" : 711.48443603515625,
  "t_22" : -0.51567745208740234,
  "t_11" : 0.0073584578931331635,
  "t_00" : 0.15326926112174988,
  "t_20" : -0.1032647117972374,
  "angular_velocity" : 3.4028234663852886e+38,
  "t_03" : 7.8475980758666992,
  "t_23" : 1.6020363569259644,
  "t_12" : 0.18466430902481079,
  "t_01" : -0.52586376667022705,
  "timestamp" : 6583426692,
  "blur_score" : 129.4375,
  "t_21" : -0.85053694248199463,
  "t_10" : -0.98277413845062256,
  "width" : 1024,
  "height" : 768,
  "manual_keyframe" : true,
  "cx" : 516.922607421875,
  "fx" : 711.48443603515625
}