{
  "t_02" : 0.82451128959655762,
  "t_13" : 0.12928982079029083,
  "cy" : 382.63186645507812,
  "fy" : 712.4468994140625,
  "t_22" : 0.29019251465797424,
  "t_11" : 0.09732586145401001,
  "t_00" : 0.49233147501945496,
  "t_20" : 0.055238820612430573,
  "angular_velocity" : 3.4028234663852886e+38,
  "t_03" : 7.499424934387207,
  "center_depth" : 2.3780052661895752,
  "t_23" : 1.0625450611114502,
  "t_12" : 0.48576667904853821,
  "t_01" : 0.27890977263450623,
  "timestamp" : 6584293429,
  "blur_score" : 132.117431640625,
  "t_21" : -0.95537263154983521,
  "t_10" : -0.86865311861038208,
  "width" : 1024,
  "height" : 768,
  "manual_keyframe" : true,
  "cx" : 516.35101318359375,
  "fx" : 712.4468994140625
}