{
  "t_02" : 0.46669891476631165,
  "t_13" : 0.12355566024780273,
  "cy" : 382.85354614257812,
  "fy" : 715.05316162109375,
  "t_22" : 0.49071943759918213,
  "t_11" : 0.091307111084461212,
  "t_00" : 0.60013824701309204,
  "t_20" : 0.4353821873664856,
  "angular_velocity" : 3.4028234663852886e+38,
  "t_03" : 7.5611038208007812,
  "t_23" : 0.72140330076217651,
  "t_12" : 0.73578965663909912,
  "t_01" : 0.64963549375534058,
  "timestamp" : 6585260173,
  "blur_score" : 181.77256774902344,
  "t_21" : -0.75474286079406738,
  "t_10" : -0.67102640867233276,
  "width" : 1024,
  "height" : 768,
  "manual_keyframe" : true,
  "cx" : 515.77471923828125,
  "fx" : 715.05316162109375
}