{
  "t_02" : 0.41547071933746338,
  "t_13" : 0.12298726290464401,
  "cy" : 382.76034545898438,
  "fy" : 715.66619873046875,
  "t_22" : 0.48248946666717529,
  "t_11" : 0.094960212707519531,
  "t_00" : 0.61054015159606934,
  "t_20" : 0.48046466708183289,
  "angular_velocity" : 3.4028234663852886e+38,
  "t_03" : 7.5541877746582031,
  "center_depth" : 1.2369368076324463,
  "t_23" : 0.70196491479873657,
  "t_12" : 0.7710953950881958,
  "t_01" : 0.6742587685585022,
  "timestamp" : 6585493525,
  "blur_score" : 364.6822509765625,
  "t_21" : -0.73236441612243652,
  "t_10" : -0.62959867715835571,
  "width" : 1024,
  "height" : 768,
  "manual_keyframe" : true,
  "cx" : 515.57794189453125,
  "fx" : 715.66619873046875
}