{
  "t_02" : 0.45152807235717773,
  "t_13" : 0.16674087941646576,
  "cy" : 382.57403564453125,
  "fy" : 715.64874267578125,
  "t_22" : 0.45655331015586853,
  "t_11" : 0.12202952057123184,
  "t_00" : 0.66435998678207397,
  "t_20" : 0.40149500966072083,
  "angular_velocity" : 3.4028234663852886e+38,
  "t_03" : 7.4780268669128418,
  "t_23" : 0.85181230306625366,
  "t_12" : 0.76660364866256714,
  "t_01" : 0.5956072211265564,
  "timestamp" : 6586026901,
  "blur_score" : 142.4849853515625,
  "t_21" : -0.79395246505737305,
  "t_10" : -0.63041841983795166,
  "width" : 1024,
  "height" : 768,
  "manual_keyframe" : true,
  "cx" : 515.13763427734375,
  "fx" : 715.64874267578125
}