{
  "t_02" : 0.58173143863677979,
  "t_13" : 0.17747198045253754,
  "cy" : 382.9520263671875,
  "fy" : 715.3739013671875,
  "t_22" : 0.31902870535850525,
  "t_11" : 0.12540920078754425,
  "t_00" : 0.73509198427200317,
  "t_20" : 0.18755421042442322,
  "angular_velocity" : 3.4028234663852886e+38,
  "t_03" : 7.3916254043579102,
  "center_depth" : 1.6085841655731201,
  "t_23" : 1.059755802154541,
  "t_12" : 0.74820393323898315,
  "t_01" : 0.34817871451377869,
  "timestamp" : 6586526941,
  "blur_score" : 186.89567565917969,
  "t_21" : -0.92900162935256958,
  "t_10" : -0.65150845050811768,
  "width" : 1024,
  "height" : 768,
  "manual_keyframe" : true,
  "cx" : 515.1527099609375,
  "fx" : 715.3739013671875
}