{
  "t_02" : 0.62009018659591675,
  "t_13" : 0.17265129089355469,
  "cy" : 382.96035766601562,
  "fy" : 715.35174560546875,
  "t_22" : 0.20348159968852997,
  "t_11" : 0.11460728943347931,
  "t_00" : 0.76347899436950684,
  "t_20" : 0.065710797905921936,
  "angular_velocity" : 3.4028234663852886e+38,
  "t_03" : 7.3391356468200684,
  "t_23" : 1.2759371995925903,
  "t_12" : 0.75768274068832397,
  "t_01" : 0.18052101135253906,
  "timestamp" : 6586926973,
  "blur_score" : 189.30223083496094,
  "t_21" : -0.97687113285064697,
  "t_10" : -0.64248096942901611,
  "width" : 1024,
  "height" : 768,
  "manual_keyframe" : true,
  "cx" : 515.1859130859375,
  "fx" : 715.35174560546875
}