{
  "t_02" : 0.61628007888793945,
  "t_13" : 0.11380276083946228,
  "cy" : 382.91754150390625,
  "fy" : 715.64874267578125,
  "t_22" : -0.045075643807649612,
  "t_11" : 0.063058316707611084,
  "t_00" : 0.77260369062423706,
  "t_20" : -0.15883027017116547,
  "angular_velocity" : 3.4028234663852886e+38,
  "t_03" : 7.2073516845703125,
  "center_depth" : 1.1015872955322266,
  "t_23" : 1.7756438255310059,
  "t_12" : 0.78623592853546143,
  "t_01" : -0.15258607268333435,
  "timestamp" : 6587727037,
  "blur_score" : 181.60234069824219,
  "t_21" : -0.98627644777297974,
  "t_10" : -0.61470037698745728,
  "width" : 1024,
  "height" : 768,
  "manual_keyframe" : true,
  "cx" : 515.2203369140625,
  "fx" : 715.64874267578125
}