{
  "t_02" : 0.60668331384658813,
  "t_13" : 0.10646907240152359,
  "cy" : 382.864501953125,
  "fy" : 715.6583251953125,
  "t_22" : -0.081933565437793732,
  "t_11" : 0.059329837560653687,
  "t_00" : 0.76693689823150635,
  "t_20" : -0.20136982202529907,
  "angular_velocity" : 3.4028234663852886e+38,
  "t_03" : 7.1680150032043457,
  "center_depth" : 1.0644104480743408,
  "t_23" : 1.8714427947998047,
  "t_12" : 0.79070979356765747,
  "t_01" : -0.20914797484874725,
  "timestamp" : 6587860381,
  "blur_score" : 212.32986450195312,
  "t_21" : -0.97608238458633423,
  "t_10" : -0.60930925607681274,
  "width" : 1024,
  "height" : 768,
  "manual_keyframe" : true,
  "cx" : 515.2724609375,
  "fx" : 715.6583251953125
}