{
  "t_02" : 0.63046586513519287,
  "t_13" : 0.13922880589962006,
  "cy" : 382.93374633789062,
  "fy" : 715.64715576171875,
  "t_22" : 0.060334943234920502,
  "t_11" : 0.08340250700712204,
  "t_00" : 0.77618521451950073,
  "t_20" : -0.058006975799798965,
  "angular_velocity" : 3.4028234663852886e+38,
  "t_03" : 7.2838597297668457,
  "center_depth" : 1.2590706348419189,
  "t_23" : 1.5616803169250488,
  "t_12" : 0.7738683819770813,
  "t_01" : -0.0070096170529723167,
  "timestamp" : 6587393677,
  "blur_score" : 171.32000732421875,
  "t_21" : -0.99649113416671753,
  "t_10" : -0.62783080339431763,
  "width" : 1024,
  "height" : 768,
  "manual_keyframe" : true,
  "cx" : 515.18994140625,
  "fx" : 715.64715576171875
}