{
  "t_02" : 0.53545939922332764,
  "t_13" : 0.062325052917003632,
  "cy" : 382.7054443359375,
  "fy" : 717.13055419921875,
  "t_22" : -0.3708554208278656,
  "t_11" : 0.061461281031370163,
  "t_00" : 0.56727194786071777,
  "t_20" : -0.50767076015472412,
  "angular_velocity" : 3.4028234663852886e+38,
  "t_03" : 7.2215189933776855,
  "t_23" : 2.5637161731719971,
  "t_12" : 0.75878167152404785,
  "t_01" : -0.62568825483322144,
  "timestamp" : 6588993805,
  "blur_score" : 141.52151489257812,
  "t_21" : -0.77764827013015747,
  "t_10" : -0.64843887090682983,
  "width" : 1024,
  "height" : 768,
  "manual_keyframe" : true,
  "cx" : 514.9945068359375,
  "fx" : 717.13055419921875
}