{
  "t_02" : 0.55094867944717407,
  "t_13" : 0.086845047771930695,
  "cy" : 382.78350830078125,
  "fy" : 716.82086181640625,
  "t_22" : -0.30355218052864075,
  "t_11" : 0.056891012936830521,
  "t_00" : 0.63443702459335327,
  "t_20" : -0.45281127095222473,
  "angular_velocity" : 3.4028234663852886e+38,
  "t_03" : 7.125521183013916,
  "t_23" : 2.3084487915039062,
  "t_12" : 0.77737492322921753,
  "t_01" : -0.54216724634170532,
  "timestamp" : 6588560437,
  "blur_score" : 168.4725341796875,
  "t_21" : -0.83834254741668701,
  "t_10" : -0.62645971775054932,
  "width" : 1024,
  "height" : 768,
  "manual_keyframe" : true,
  "cx" : 514.893310546875,
  "fx" : 716.82086181640625
}