{
  "t_02" : 0.54135441780090332,
  "t_13" : 0.081084355711936951,
  "cy" : 382.7637939453125,
  "fy" : 717.1607666015625,
  "t_22" : -0.33760172128677368,
  "t_11" : 0.063015945255756378,
  "t_00" : 0.5979347825050354,
  "t_20" : -0.48929086327552795,
  "angular_velocity" : 3.4028234663852886e+38,
  "t_03" : 7.1587209701538086,
  "t_23" : 2.4287874698638916,
  "t_12" : 0.77003931999206543,
  "t_01" : -0.59110862016677856,
  "timestamp" : 6588760453,
  "blur_score" : 159.30888366699219,
  "t_21" : -0.80412662029266357,
  "t_10" : -0.63487672805786133,
  "width" : 1024,
  "height" : 768,
  "manual_keyframe" : true,
  "cx" : 514.87872314453125,
  "fx" : 717.1607666015625
}