{
  "t_02" : 0.58787399530410767,
  "t_13" : 0.10003940761089325,
  "cy" : 382.7679443359375,
  "fy" : 716.2093505859375,
  "t_22" : -0.14283505082130432,
  "t_11" : 0.055227987468242645,
  "t_00" : 0.74894767999649048,
  "t_20" : -0.27591621875762939,
  "angular_velocity" : 3.4028234663852886e+38,
  "t_03" : 7.1225624084472656,
  "t_23" : 2.013984203338623,
  "t_12" : 0.79624259471893311,
  "t_01" : -0.30574741959571838,
  "timestamp" : 6588060397,
  "blur_score" : 206.83042907714844,
  "t_21" : -0.95050948858261108,
  "t_10" : -0.60245126485824585,
  "width" : 1024,
  "height" : 768,
  "manual_keyframe" : true,
  "cx" : 515.25482177734375,
  "fx" : 716.2093505859375
}