{
  "t_02" : 0.56569653749465942,
  "t_13" : 0.091685280203819275,
  "cy" : 382.76824951171875,
  "fy" : 716.6318359375,
  "t_22" : -0.24664580821990967,
  "t_11" : 0.056411832571029663,
  "t_00" : 0.68173247575759888,
  "t_20" : -0.39695900678634644,
  "angular_velocity" : 3.4028234663852886e+38,
  "t_03" : 7.1087794303894043,
  "t_23" : 2.1953558921813965,
  "t_12" : 0.78686296939849854,
  "t_01" : -0.46392703056335449,
  "timestamp" : 6588360421,
  "blur_score" : 173.36567687988281,
  "t_21" : -0.88407546281814575,
  "t_10" : -0.6145440936088562,
  "width" : 1024,
  "height" : 768,
  "manual_keyframe" : true,
  "cx" : 515.00054931640625,
  "fx" : 716.6318359375
}