{
  "t_02" : 0.52781665325164795,
  "t_13" : -0.069276995956897736,
  "cy" : 382.69186401367188,
  "fy" : 718.0628662109375,
  "t_22" : -0.45331868529319763,
  "t_11" : 0.022659342736005783,
  "t_00" : 0.52338141202926636,
  "t_20" : -0.49243974685668945,
  "angular_velocity" : 3.4028234663852886e+38,
  "t_03" : 7.3854360580444336,
  "t_23" : 2.6988174915313721,
  "t_12" : 0.71826976537704468,
  "t_01" : -0.66894042491912842,
  "timestamp" : 6589327165,
  "blur_score" : 134.55865478515625,
  "t_21" : -0.74297040700912476,
  "t_10" : -0.69539546966552734,
  "width" : 1024,
  "height" : 768,
  "manual_keyframe" : true,
  "cx" : 514.79693603515625,
  "fx" : 718.0628662109375
}