{
  "t_02" : 0.27390211820602417,
  "t_13" : -0.26004284620285034,
  "cy" : 382.79449462890625,
  "fy" : 715.5328369140625,
  "t_22" : -0.66020697355270386,
  "t_11" : -0.0082785328850150108,
  "t_00" : 0.27867701649665833,
  "t_20" : -0.64149188995361328,
  "angular_velocity" : 3.4028234663852886e+38,
  "t_03" : 7.6379494667053223,
  "center_depth" : 1.3306329250335693,
  "t_23" : 2.8579294681549072,
  "t_12" : 0.69935983419418335,
  "t_01" : -0.92049819231033325,
  "timestamp" : 6589860541,
  "blur_score" : 127.84307861328125,
  "t_21" : -0.39065933227539062,
  "t_10" : -0.71472173929214478,
  "width" : 1024,
  "height" : 768,
  "manual_keyframe" : true,
  "cx" : 515.505615234375,
  "fx" : 715.5328369140625
}