{
  "t_02" : 0.5316506028175354,
  "t_13" : -0.0048369094729423523,
  "cy" : 382.7137451171875,
  "fy" : 717.69598388671875,
  "t_22" : -0.40974780917167664,
  "t_11" : 0.041672144085168839,
  "t_00" : 0.54808330535888672,
  "t_20" : -0.50079512596130371,
  "angular_velocity" : 3.4028234663852886e+38,
  "t_03" : 7.308342456817627,
  "t_23" : 2.6520211696624756,
  "t_12" : 0.74125188589096069,
  "t_01" : -0.64571851491928101,
  "timestamp" : 6589193821,
  "blur_score" : 128.05085754394531,
  "t_21" : -0.76243758201599121,
  "t_10" : -0.66993206739425659,
  "width" : 1024,
  "height" : 768,
  "manual_keyframe" : true,
  "cx" : 514.9122314453125,
  "fx" : 717.69598388671875
}