{
  "t_02" : 0.49701219797134399,
  "t_13" : -0.15461859107017517,
  "cy" : 382.6920166015625,
  "fy" : 718.320068359375,
  "t_22" : -0.53037405014038086,
  "t_11" : 0.0105498181656003,
  "t_00" : 0.45897716283798218,
  "t_20" : -0.51101237535476685,
  "angular_velocity" : 3.4028234663852886e+38,
  "t_03" : 7.482172966003418,
  "t_23" : 2.7546658515930176,
  "t_12" : 0.68679130077362061,
  "t_01" : -0.73642295598983765,
  "timestamp" : 6589493845,
  "blur_score" : 113.29366302490234,
  "t_21" : -0.67643910646438599,
  "t_10" : -0.72677803039550781,
  "width" : 1024,
  "height" : 768,
  "manual_keyframe" : true,
  "cx" : 514.756591796875,
  "fx" : 718.320068359375
}