{
  "t_02" : 0.17651435732841492,
  "t_13" : -0.23471145331859589,
  "cy" : 382.59869384765625,
  "fy" : 715.64398193359375,
  "t_22" : -0.69517648220062256,
  "t_11" : -0.017903735861182213,
  "t_00" : 0.19563335180282593,
  "t_20" : -0.66904449462890625,
  "angular_velocity" : 3.4028234663852886e+38,
  "t_03" : 7.8202433586120605,
  "center_depth" : 2.1163363456726074,
  "t_23" : 3.0893144607543945,
  "t_12" : 0.696830153465271,
  "t_01" : -0.96466070413589478,
  "timestamp" : 6590427253,
  "blur_score" : 349.39251708984375,
  "t_21" : -0.26288625597953796,
  "t_10" : -0.71701258420944214,
  "width" : 1024,
  "height" : 768,
  "manual_keyframe" : true,
  "cx" : 515.96771240234375,
  "fx" : 715.64398193359375
}