{
  "t_02" : 0.32497730851173401,
  "t_13" : -0.22153045237064362,
  "cy" : 382.61349487304688,
  "fy" : 713.048828125,
  "t_22" : -0.66353446245193481,
  "t_11" : -0.025256108492612839,
  "t_00" : 0.32692882418632507,
  "t_20" : -0.58980268239974976,
  "angular_velocity" : 3.4028234663852886e+38,
  "t_03" : 7.7331156730651855,
  "t_23" : 4.00518798828125,
  "t_12" : 0.67387813329696655,
  "t_01" : -0.88741612434387207,
  "timestamp" : 6591860701,
  "blur_score" : 394.00216674804688,
  "t_21" : -0.46027693152427673,
  "t_10" : -0.73841065168380737,
  "width" : 1024,
  "height" : 768,
  "manual_keyframe" : true,
  "cx" : 515.65576171875,
  "fx" : 713.048828125
}