{
  "t_02" : 0.26982593536376953,
  "t_13" : -0.22955633699893951,
  "cy" : 382.64453125,
  "fy" : 715.10235595703125,
  "t_22" : -0.69109946489334106,
  "t_11" : -0.0020476425997912884,
  "t_00" : 0.24642755091190338,
  "t_20" : -0.6235809326171875,
  "angular_velocity" : 3.4028234663852886e+38,
  "t_03" : 7.8086118698120117,
  "center_depth" : 2.3068263530731201,
  "t_23" : 3.718327522277832,
  "t_12" : 0.67050385475158691,
  "t_01" : -0.93084239959716797,
  "timestamp" : 6591427333,
  "blur_score" : 448.52960205078125,
  "t_21" : -0.36541536450386047,
  "t_10" : -0.74190318584442139,
  "width" : 1024,
  "height" : 768,
  "manual_keyframe" : true,
  "cx" : 515.74267578125,
  "fx" : 715.10235595703125
}