{
  "t_02" : 0.23968218266963959,
  "t_13" : -0.22721594572067261,
  "cy" : 382.6673583984375,
  "fy" : 715.980712890625,
  "t_22" : -0.69378989934921265,
  "t_11" : -0.0065880152396857738,
  "t_00" : 0.23022940754890442,
  "t_20" : -0.63894122838973999,
  "angular_velocity" : 3.4028234663852886e+38,
  "t_03" : 7.8582830429077148,
  "t_23" : 3.4329400062561035,
  "t_12" : 0.6791229248046875,
  "t_01" : -0.9431578516960144,
  "timestamp" : 6591027301,
  "blur_score" : 268.34368896484375,
  "t_21" : -0.33227953314781189,
  "t_10" : -0.73399496078491211,
  "width" : 1024,
  "height" : 768,
  "manual_keyframe" : true,
  "cx" : 515.68353271484375,
  "fx" : 715.980712890625
}