{
  "t_02" : 0.60880869626998901,
  "t_13" : -0.26621663570404053,
  "cy" : 382.29885864257812,
  "fy" : 712.44366455078125,
  "t_22" : -0.37563368678092957,
  "t_11" : -0.074399977922439575,
  "t_00" : 0.64605367183685303,
  "t_20" : -0.27640795707702637,
  "angular_velocity" : 3.4028234663852886e+38,
  "t_03" : 7.3044900894165039,
  "t_23" : 4.5173311233520508,
  "t_12" : 0.69874978065490723,
  "t_01" : -0.46039840579032898,
  "timestamp" : 6592927453,
  "blur_score" : 413.42849731445312,
  "t_21" : -0.88458913564682007,
  "t_10" : -0.71148663759231567,
  "width" : 1024,
  "height" : 768,
  "manual_keyframe" : true,
  "cx" : 515.60687255859375,
  "fx" : 712.44366455078125
}