{
  "t_02" : 0.49512794613838196,
  "t_13" : -0.22550161182880402,
  "cy" : 382.66192626953125,
  "fy" : 712.4659423828125,
  "t_22" : -0.56451410055160522,
  "t_11" : -0.073043882846832275,
  "t_00" : 0.50655239820480347,
  "t_20" : -0.43001434206962585,
  "angular_velocity" : 3.4028234663852886e+38,
  "t_03" : 7.518712043762207,
  "center_depth" : 2.35929274559021,
  "t_23" : 4.2865610122680664,
  "t_12" : 0.66043329238891602,
  "t_01" : -0.70587038993835449,
  "timestamp" : 6592394077,
  "blur_score" : 382.97555541992188,
  "t_21" : -0.70456475019454956,
  "t_10" : -0.74732345342636108,
  "width" : 1024,
  "height" : 768,
  "manual_keyframe" : true,
  "cx" : 515.64056396484375,
  "fx" : 712.4659423828125
}