{
  "t_02" : 0.64391475915908813,
  "t_13" : -0.30052518844604492,
  "cy" : 382.47854614257812,
  "fy" : 712.76611328125,
  "t_22" : -0.076828822493553162,
  "t_11" : -0.038476910442113876,
  "t_00" : 0.76156657934188843,
  "t_20" : -0.031111810356378555,
  "angular_velocity" : 3.4028234663852886e+38,
  "t_03" : 6.8744521141052246,
  "center_depth" : 1.9627790451049805,
  "t_23" : 4.765906810760498,
  "t_12" : 0.7612299919128418,
  "t_01" : -0.073417581617832184,
  "timestamp" : 6593760852,
  "blur_score" : 708.54840087890625,
  "t_21" : -0.9965587854385376,
  "t_10" : -0.64733946323394775,
  "width" : 1024,
  "height" : 768,
  "manual_keyframe" : true,
  "cx" : 515.57586669921875,
  "fx" : 712.76611328125
}