{
  "t_02" : 0.64369523525238037,
  "t_13" : -0.28464657068252563,
  "cy" : 382.30856323242188,
  "fy" : 712.45001220703125,
  "t_22" : -0.21105636656284332,
  "t_11" : -0.054101146757602692,
  "t_00" : 0.72163879871368408,
  "t_20" : -0.15256489813327789,
  "angular_velocity" : 3.4028234663852886e+38,
  "t_03" : 7.1705074310302734,
  "center_depth" : 2.0523571968078613,
  "t_23" : 4.642052173614502,
  "t_12" : 0.73560285568237305,
  "t_01" : -0.254742830991745,
  "timestamp" : 6593294148,
  "blur_score" : 508.83688354492188,
  "t_21" : -0.96549421548843384,
  "t_10" : -0.67524909973144531,
  "width" : 1024,
  "height" : 768,
  "manual_keyframe" : true,
  "cx" : 515.5440673828125,
  "fx" : 712.45001220703125
}