{
  "t_02" : 0.62017786502838135,
  "t_13" : -0.31603389978408813,
  "cy" : 382.54391479492188,
  "fy" : 713.0361328125,
  "t_22" : 0.14697124063968658,
  "t_11" : -0.031512904912233353,
  "t_00" : 0.73748487234115601,
  "t_20" : 0.22558362782001495,
  "angular_velocity" : 3.4028234663852886e+38,
  "t_03" : 6.3113245964050293,
  "t_23" : 4.8962125778198242,
  "t_12" : 0.77057051658630371,
  "t_01" : 0.26738631725311279,
  "timestamp" : 6594694260,
  "blur_score" : 611.3348388671875,
  "t_21" : -0.9630739688873291,
  "t_10" : -0.63657522201538086,
  "width" : 1024,
  "height" : 768,
  "manual_keyframe" : true,
  "cx" : 515.25897216796875,
  "fx" : 713.0361328125
}