{
  "t_02" : 0.64334911108016968,
  "t_13" : -0.31145381927490234,
  "cy" : 382.4771728515625,
  "fy" : 712.75823974609375,
  "t_22" : 0.049016032367944717,
  "t_11" : -0.016707437112927437,
  "t_00" : 0.75957179069519043,
  "t_20" : 0.08384038507938385,
  "angular_velocity" : 3.4028234663852886e+38,
  "t_03" : 6.5847773551940918,
  "t_23" : 4.8599991798400879,
  "t_12" : 0.76400220394134521,
  "t_01" : 0.095669440925121307,
  "timestamp" : 6594260892,
  "blur_score" : 482.20428466796875,
  "t_21" : -0.9952729344367981,
  "t_10" : -0.64499729871749878,
  "width" : 1024,
  "height" : 768,
  "manual_keyframe" : true,
  "cx" : 515.212890625,
  "fx" : 712.75823974609375
}