{
  "t_02" : 0.58023959398269653,
  "t_13" : -0.29957890510559082,
  "cy" : 382.47491455078125,
  "fy" : 712.9932861328125,
  "t_22" : 0.25316175818443298,
  "t_11" : -0.066609516739845276,
  "t_00" : 0.66349351406097412,
  "t_20" : 0.40428248047828674,
  "angular_velocity" : 3.4028234663852886e+38,
  "t_03" : 5.6582398414611816,
  "t_23" : 4.8173298835754395,
  "t_12" : 0.77410024404525757,
  "t_01" : 0.47233292460441589,
  "timestamp" : 6595594332,
  "blur_score" : 462.60818481445312,
  "t_21" : -0.87889981269836426,
  "t_10" : -0.62954902648925781,
  "width" : 1024,
  "height" : 768,
  "manual_keyframe" : true,
  "cx" : 515.1165771484375,
  "fx" : 712.9932861328125
}