{
  "t_02" : 0.60345125198364258,
  "t_13" : -0.30689117312431335,
  "cy" : 382.54010009765625,
  "fy" : 712.99005126953125,
  "t_22" : 0.18550235033035278,
  "t_11" : -0.048213571310043335,
  "t_00" : 0.71668392419815063,
  "t_20" : 0.3002067506313324,
  "angular_velocity" : 3.4028234663852886e+38,
  "t_03" : 5.9894871711730957,
  "center_depth" : 1.9097142219543457,
  "t_23" : 4.8711786270141602,
  "t_12" : 0.77552258968353271,
  "t_01" : 0.34958639740943909,
  "timestamp" : 6595094292,
  "blur_score" : 815.9822998046875,
  "t_21" : -0.93566262722015381,
  "t_10" : -0.62947589159011841,
  "width" : 1024,
  "height" : 768,
  "manual_keyframe" : true,
  "cx" : 515.4117431640625,
  "fx" : 712.99005126953125
}