{
  "t_02" : 0.43994119763374329,
  "t_13" : -0.31878563761711121,
  "cy" : 382.36941528320312,
  "fy" : 712.98370361328125,
  "t_22" : 0.47482806444168091,
  "t_11" : -0.10510824620723724,
  "t_00" : 0.39205890893936157,
  "t_20" : 0.6620631217956543,
  "angular_velocity" : 3.4028234663852886e+38,
  "t_03" : 5.2314620018005371,
  "center_depth" : 1.9452325105667114,
  "t_23" : 4.5537304878234863,
  "t_12" : 0.76222699880599976,
  "t_01" : 0.80792427062988281,
  "timestamp" : 6596394396,
  "blur_score" : 407.51141357421875,
  "t_21" : -0.57983672618865967,
  "t_10" : -0.63871914148330688,
  "width" : 1024,
  "height" : 768,
  "manual_keyframe" : true,
  "cx" : 515.2943115234375,
  "fx" : 712.98370361328125
}