{
  "t_02" : 0.2970440685749054,
  "t_13" : -0.33632528781890869,
  "cy" : 382.344970703125,
  "fy" : 712.96307373046875,
  "t_22" : 0.54284000396728516,
  "t_11" : -0.11024928092956543,
  "t_00" : 0.21476092934608459,
  "t_20" : 0.76362437009811401,
  "angular_velocity" : 3.4028234663852886e+38,
  "t_03" : 5.054051399230957,
  "t_23" : 4.308586597442627,
  "t_12" : 0.78555047512054443,
  "t_01" : 0.93039917945861816,
  "timestamp" : 6596894435,
  "blur_score" : 311.38232421875,
  "t_21" : -0.34957477450370789,
  "t_10" : -0.60889703035354614,
  "width" : 1024,
  "height" : 768,
  "manual_keyframe" : true,
  "cx" : 515.18084716796875,
  "fx" : 712.96307373046875
}