{
  "t_02" : 0.50212609767913818,
  "t_13" : -0.3095761239528656,
  "cy" : 382.48562622070312,
  "fy" : 712.98687744140625,
  "t_22" : 0.40319740772247314,
  "t_11" : -0.098106540739536285,
  "t_00" : 0.49418646097183228,
  "t_20" : 0.59220433235168457,
  "angular_velocity" : 3.4028234663852886e+38,
  "t_03" : 5.3972086906433105,
  "t_23" : 4.6902284622192383,
  "t_12" : 0.76504975557327271,
  "t_01" : 0.7096824049949646,
  "timestamp" : 6596094372,
  "blur_score" : 378.8541259765625,
  "t_21" : -0.69765734672546387,
  "t_10" : -0.63645404577255249,
  "width" : 1024,
  "height" : 768,
  "manual_keyframe" : true,
  "cx" : 515.12554931640625,
  "fx" : 712.98687744140625
}