{
  "t_02" : 0.059984903782606125,
  "t_13" : -0.35222983360290527,
  "cy" : 382.257080078125,
  "fy" : 713.3125,
  "t_22" : 0.57388103008270264,
  "t_11" : -0.11834908276796341,
  "t_00" : -0.12089521437883377,
  "t_20" : 0.81636595726013184,
  "angular_velocity" : 3.4028234663852886e+38,
  "t_03" : 4.941195011138916,
  "center_depth" : 1.7727668285369873,
  "t_23" : 3.8077535629272461,
  "t_12" : 0.8167387843132019,
  "t_01" : 0.99085122346878052,
  "timestamp" : 6597727835,
  "blur_score" : 616.49530029296875,
  "t_21" : 0.064863942563533783,
  "t_10" : -0.56473982334136963,
  "width" : 1024,
  "height" : 768,
  "manual_keyframe" : true,
  "cx" : 515.1240234375,
  "fx" : 713.3125
}