{
  "t_02" : 0.085454583168029785,
  "t_13" : -0.35744893550872803,
  "cy" : 382.29425048828125,
  "fy" : 713.3458251953125,
  "t_22" : 0.57675766944885254,
  "t_11" : -0.11511805653572083,
  "t_00" : -0.078578360378742218,
  "t_20" : 0.81677764654159546,
  "angular_velocity" : 3.4028234663852886e+38,
  "t_03" : 4.9522733688354492,
  "center_depth" : 1.7761695384979248,
  "t_23" : 3.9660873413085938,
  "t_12" : 0.81243336200714111,
  "t_01" : 0.99323862791061401,
  "timestamp" : 6597494483,
  "blur_score" : 407.07577514648438,
  "t_21" : 0.014995844103395939,
  "t_10" : -0.57157659530639648,
  "width" : 1024,
  "height" : 768,
  "manual_keyframe" : true,
  "cx" : 515.10888671875,
  "fx" : 713.3458251953125
}