{
  "t_02" : -0.058587506413459778,
  "t_13" : -0.35138571262359619,
  "cy" : 382.07638549804688,
  "fy" : 713.3299560546875,
  "t_22" : 0.56434446573257446,
  "t_11" : -0.099180124700069427,
  "t_00" : -0.25759124755859375,
  "t_20" : 0.7883947491645813,
  "angular_velocity" : 3.4028234663852886e+38,
  "t_03" : 4.9313449859619141,
  "center_depth" : 1.7529689073562622,
  "t_23" : 3.3486764430999756,
  "t_12" : 0.82345777750015259,
  "t_01" : 0.96447616815567017,
  "timestamp" : 6598461227,
  "blur_score" : 378.52944946289062,
  "t_21" : 0.2448449432849884,
  "t_10" : -0.55864161252975464,
  "width" : 1024,
  "height" : 768,
  "manual_keyframe" : true,
  "cx" : 514.9315185546875,
  "fx" : 713.3299560546875
}