{
  "t_02" : -0.088048413395881653,
  "t_13" : -0.37053430080413818,
  "cy" : 382.27166748046875,
  "fy" : 713.347412109375,
  "t_22" : 0.54028916358947754,
  "t_11" : -0.080914527177810669,
  "t_00" : -0.27901217341423035,
  "t_20" : 0.79311704635620117,
  "angular_velocity" : 3.4028234663852886e+38,
  "t_03" : 4.9826555252075195,
  "t_23" : 3.0251410007476807,
  "t_12" : 0.83686017990112305,
  "t_01" : 0.95624250173568726,
  "timestamp" : 6598894595,
  "blur_score" : 328.20455932617188,
  "t_21" : 0.28116390109062195,
  "t_10" : -0.54140347242355347,
  "width" : 1024,
  "height" : 768,
  "manual_keyframe" : true,
  "cx" : 514.9647216796875,
  "fx" : 713.347412109375
}