{
  "t_02" : -0.024629982188344002,
  "t_13" : -0.35017579793930054,
  "cy" : 382.15060424804688,
  "fy" : 713.31878662109375,
  "t_22" : 0.568145751953125,
  "t_11" : -0.1048707589507103,
  "t_00" : -0.21925276517868042,
  "t_20" : 0.79970622062683105,
  "angular_velocity" : 3.4028234663852886e+38,
  "t_03" : 4.9420332908630371,
  "t_23" : 3.4784514904022217,
  "t_12" : 0.82255929708480835,
  "t_01" : 0.97535717487335205,
  "timestamp" : 6598261211,
  "blur_score" : 358.81561279296875,
  "t_21" : 0.19411469995975494,
  "t_10" : -0.5589260458946228,
  "width" : 1024,
  "height" : 768,
  "manual_keyframe" : true,
  "cx" : 514.93280029296875,
  "fx" : 713.31878662109375
}