{
  "t_02" : -0.13073191046714783,
  "t_13" : -0.34887278079986572,
  "cy" : 382.25946044921875,
  "fy" : 713.950927734375,
  "t_22" : 0.53731673955917358,
  "t_11" : -0.047772523015737534,
  "t_00" : -0.28017634153366089,
  "t_20" : 0.78611934185028076,
  "angular_velocity" : 3.4028234663852886e+38,
  "t_03" : 5.1808357238769531,
  "center_depth" : 1.7354211807250977,
  "t_23" : 2.3449532985687256,
  "t_12" : 0.83318668603897095,
  "t_01" : 0.95100504159927368,
  "timestamp" : 6599727995,
  "blur_score" : 335.67138671875,
  "t_21" : 0.30546259880065918,
  "t_10" : -0.55092442035675049,
  "width" : 1024,
  "height" : 768,
  "manual_keyframe" : true,
  "cx" : 514.79681396484375,
  "fx" : 713.950927734375
}