{
  "t_02" : -0.13975757360458374,
  "t_13" : -0.34737950563430786,
  "cy" : 382.41073608398438,
  "fy" : 713.642822265625,
  "t_22" : 0.53770482540130615,
  "t_11" : -0.044036198407411575,
  "t_00" : -0.28521782159805298,
  "t_20" : 0.78226029872894287,
  "angular_velocity" : 3.4028234663852886e+38,
  "t_03" : 5.271644115447998,
  "center_depth" : 1.7446773052215576,
  "t_23" : 2.1592187881469727,
  "t_12" : 0.83146929740905762,
  "t_01" : 0.94821852445602417,
  "timestamp" : 6599994682,
  "blur_score" : 379.5389404296875,
  "t_21" : 0.31455078721046448,
  "t_10" : -0.55382245779037476,
  "width" : 1024,
  "height" : 768,
  "manual_keyframe" : true,
  "cx" : 514.740478515625,
  "fx" : 713.642822265625
}