{
  "t_02" : -0.10340643674135208,
  "t_13" : -0.34681135416030884,
  "cy" : 382.379638671875,
  "fy" : 713.606201171875,
  "t_22" : 0.53863024711608887,
  "t_11" : -0.066332094371318817,
  "t_00" : -0.27526471018791199,
  "t_20" : 0.79234713315963745,
  "angular_velocity" : 3.4028234663852886e+38,
  "t_03" : 5.092705249786377,
  "center_depth" : 1.7290070056915283,
  "t_23" : 2.6701991558074951,
  "t_12" : 0.83617252111434937,
  "t_01" : 0.95579099655151367,
  "timestamp" : 6599327963,
  "blur_score" : 299.23785400390625,
  "t_21" : 0.28646743297576904,
  "t_10" : -0.54444044828414917,
  "width" : 1024,
  "height" : 768,
  "manual_keyframe" : true,
  "cx" : 514.938232421875,
  "fx" : 713.606201171875
}