{
  "t_02" : -0.13654923439025879,
  "t_13" : -0.30631148815155029,
  "cy" : 382.49386596679688,
  "fy" : 713.598388671875,
  "t_22" : 0.56169092655181885,
  "t_11" : -0.044308226555585861,
  "t_00" : -0.26667353510856628,
  "t_20" : 0.77246761322021484,
  "angular_velocity" : 3.4028234663852886e+38,
  "t_03" : 5.4155311584472656,
  "t_23" : 1.8971620798110962,
  "t_12" : 0.81600099802017212,
  "t_01" : 0.95406472682952881,
  "timestamp" : 6600361378,
  "blur_score" : 233.75277709960938,
  "t_21" : 0.29630601406097412,
  "t_10" : -0.57634979486465454,
  "width" : 1024,
  "height" : 768,
  "manual_keyframe" : true,
  "cx" : 514.89862060546875,
  "fx" : 713.598388671875
}