{
  "t_02" : -0.1167474165558815,
  "t_13" : -0.26423823833465576,
  "cy" : 382.21847534179688,
  "fy" : 713.3251953125,
  "t_22" : 0.65541273355484009,
  "t_11" : -0.028971949592232704,
  "t_00" : -0.17357885837554932,
  "t_20" : 0.72630155086517334,
  "angular_velocity" : 3.4028234663852886e+38,
  "t_03" : 5.494877815246582,
  "t_23" : 1.5761159658432007,
  "t_12" : 0.7461930513381958,
  "t_01" : 0.97787535190582275,
  "timestamp" : 6600861418,
  "blur_score" : 196.77828979492188,
  "t_21" : 0.20717190206050873,
  "t_10" : -0.66509872674942017,
  "width" : 1024,
  "height" : 768,
  "manual_keyframe" : true,
  "cx" : 514.86029052734375,
  "fx" : 713.3251953125
}