{
  "t_02" : 0.068304300308227539,
  "t_13" : -0.1228170171380043,
  "cy" : 382.46990966796875,
  "fy" : 713.353759765625,
  "t_22" : 0.88879144191741943,
  "t_11" : 0.0049722716212272644,
  "t_00" : 0.040286906063556671,
  "t_20" : 0.45142659544944763,
  "angular_velocity" : 3.4028234663852886e+38,
  "t_03" : 5.5448122024536133,
  "t_23" : 1.2784874439239502,
  "t_12" : 0.45319342613220215,
  "t_01" : 0.99685072898864746,
  "timestamp" : 6601594810,
  "blur_score" : 94.674636840820312,
  "t_21" : -0.079144105315208435,
  "t_10" : -0.89139837026596069,
  "width" : 1024,
  "height" : 768,
  "manual_keyframe" : true,
  "cx" : 515.58001708984375,
  "fx" : 713.353759765625
}