{
  "t_02" : 0.35109806060791016,
  "t_13" : -0.045888014137744904,
  "cy" : 382.4136962890625,
  "fy" : 713.020263671875,
  "t_22" : 0.89761459827423096,
  "t_11" : 0.045558787882328033,
  "t_00" : 0.14098756015300751,
  "t_20" : 0.23068678379058838,
  "angular_velocity" : 3.4028234663852886e+38,
  "t_03" : 5.5050597190856934,
  "t_23" : 1.181799054145813,
  "t_12" : 0.26649254560470581,
  "t_01" : 0.92566335201263428,
  "timestamp" : 6601994842,
  "blur_score" : 96.074134826660156,
  "t_21" : -0.37559518218040466,
  "t_10" : -0.96275961399078369,
  "width" : 1024,
  "height" : 768,
  "manual_keyframe" : true,
  "cx" : 516.16094970703125,
  "fx" : 713.020263671875
}