{
  "t_02" : 0.6172824501991272,
  "t_13" : 0.031442943960428238,
  "cy" : 382.49728393554688,
  "fy" : 712.7216796875,
  "t_22" : 0.77990555763244629,
  "t_11" : 0.043964803218841553,
  "t_00" : -0.029503803700208664,
  "t_20" : -0.10849974304437637,
  "angular_velocity" : 3.4028234663852886e+38,
  "t_03" : 5.4044580459594727,
  "t_23" : 1.1005231142044067,
  "t_12" : -0.10348797589540482,
  "t_01" : 0.78618818521499634,
  "timestamp" : 6602528218,
  "blur_score" : 36.338718414306641,
  "t_21" : -0.61642128229141235,
  "t_10" : -0.99365854263305664,
  "width" : 1024,
  "height" : 768,
  "manual_keyframe" : true,
  "cx" : 516.60296630859375,
  "fx" : 712.7216796875
}