{
  "t_02" : 0.73706620931625366,
  "t_13" : 0.070607572793960571,
  "cy" : 382.63345336914062,
  "fy" : 712.1387939453125,
  "t_22" : 0.55453437566757202,
  "t_11" : 0.042196482419967651,
  "t_00" : -0.28086116909980774,
  "t_20" : -0.26855611801147461,
  "angular_velocity" : 3.4028234663852886e+38,
  "t_03" : 5.3554911613464355,
  "t_23" : 1.0642844438552856,
  "t_12" : -0.38629630208015442,
  "t_01" : 0.61469525098800659,
  "timestamp" : 6602961586,
  "blur_score" : 25.344926834106445,
  "t_21" : -0.7876352071762085,
  "t_10" : -0.92140907049179077,
  "width" : 1024,
  "height" : 768,
  "manual_keyframe" : true,
  "cx" : 516.6510009765625,
  "fx" : 712.1387939453125
}