{
  "t_02" : 0.86726820468902588,
  "t_13" : 0.09325765073299408,
  "cy" : 382.56658935546875,
  "fy" : 712.16259765625,
  "t_22" : -0.003846008563414216,
  "t_11" : 0.074439153075218201,
  "t_00" : -0.49636495113372803,
  "t_20" : -0.083630576729774475,
  "angular_velocity" : 3.4028234663852886e+38,
  "t_03" : 5.3177342414855957,
  "t_23" : 1.0583416223526001,
  "t_12" : -0.49782630801200867,
  "t_01" : 0.038310259580612183,
  "timestamp" : 6603528298,
  "blur_score" : 25.063140869140625,
  "t_21" : -0.99648934602737427,
  "t_10" : -0.86407625675201416,
  "width" : 1024,
  "height" : 768,
  "manual_keyframe" : true,
  "cx" : 516.36639404296875,
  "fx" : 712.16259765625
}