{
  "t_02" : 0.85203307867050171,
  "t_13" : 0.08507828414440155,
  "cy" : 382.60226440429688,
  "fy" : 712.4691162109375,
  "t_22" : 0.22983720898628235,
  "t_11" : 0.057615123689174652,
  "t_00" : -0.43613061308860779,
  "t_20" : -0.18526765704154968,
  "angular_velocity" : 3.4028234663852886e+38,
  "t_03" : 5.3304033279418945,
  "t_23" : 1.0562897920608521,
  "t_12" : -0.47033444046974182,
  "t_01" : 0.28953367471694946,
  "timestamp" : 6603294946,
  "blur_score" : 28.204484939575195,
  "t_21" : -0.95543229579925537,
  "t_10" : -0.88060551881790161,
  "width" : 1024,
  "height" : 768,
  "manual_keyframe" : true,
  "cx" : 516.5245361328125,
  "fx" : 712.4691162109375
}