{
  "t_02" : 0.81452810764312744,
  "t_13" : 0.10191934555768967,
  "cy" : 382.57064819335938,
  "fy" : 712.70098876953125,
  "t_22" : -0.23325596749782562,
  "t_11" : 0.065334193408489227,
  "t_00" : -0.53034722805023193,
  "t_20" : 0.071664169430732727,
  "angular_velocity" : 3.4028234663852886e+38,
  "t_03" : 5.3158092498779297,
  "center_depth" : 2.0941092967987061,
  "t_23" : 1.0855178833007812,
  "t_12" : -0.53116416931152344,
  "t_01" : -0.23510755598545074,
  "timestamp" : 6603794985,
  "blur_score" : 45.859729766845703,
  "t_21" : -0.96977084875106812,
  "t_10" : -0.84474605321884155,
  "width" : 1024,
  "height" : 768,
  "manual_keyframe" : true,
  "cx" : 516.2957763671875,
  "fx" : 712.70098876953125
}