{
  "t_02" : 0.80077564716339111,
  "t_13" : 0.081348173320293427,
  "cy" : 382.65826416015625,
  "fy" : 712.1864013671875,
  "t_22" : 0.4054088294506073,
  "t_11" : 0.045051086694002151,
  "t_00" : -0.37020346522331238,
  "t_20" : -0.24368228018283844,
  "angular_velocity" : 3.4028234663852886e+38,
  "t_03" : 5.3413782119750977,
  "t_23" : 1.0572535991668701,
  "t_12" : -0.44091042876243591,
  "t_01" : 0.47085851430892944,
  "timestamp" : 6603128266,
  "blur_score" : 29.237331390380859,
  "t_21" : -0.88105767965316772,
  "t_10" : -0.89641976356506348,
  "width" : 1024,
  "height" : 768,
  "manual_keyframe" : true,
  "cx" : 516.626708984375,
  "fx" : 712.1864013671875
}