{
  "t_02" : 0.32181686162948608,
  "t_13" : 0.11746715009212494,
  "cy" : 382.64166259765625,
  "fy" : 714.79266357421875,
  "t_22" : -0.69422632455825806,
  "t_11" : 0.0020165711175650358,
  "t_00" : -0.27315527200698853,
  "t_20" : 0.58298701047897339,
  "angular_velocity" : 3.4028234663852886e+38,
  "t_03" : 5.2788481712341309,
  "t_23" : 1.2651225328445435,
  "t_12" : -0.64380389451980591,
  "t_01" : -0.90654289722442627,
  "timestamp" : 6604895073,
  "blur_score" : 167.8831787109375,
  "t_21" : -0.42210873961448669,
  "t_10" : -0.76518768072128296,
  "width" : 1024,
  "height" : 768,
  "manual_keyframe" : true,
  "cx" : 515.86248779296875,
  "fx" : 714.79266357421875
}