{
  "t_02" : 0.72262442111968994,
  "t_13" : 0.10757234692573547,
  "cy" : 382.55889892578125,
  "fy" : 712.975830078125,
  "t_22" : -0.37304180860519409,
  "t_11" : 0.042664427310228348,
  "t_00" : -0.540455162525177,
  "t_20" : 0.21995924413204193,
  "angular_velocity" : 3.4028234663852886e+38,
  "t_03" : 5.3149347305297852,
  "center_depth" : 1.9054596424102783,
  "t_23" : 1.1336967945098877,
  "t_12" : -0.5819394588470459,
  "t_01" : -0.43095472455024719,
  "timestamp" : 6604028338,
  "blur_score" : 52.851230621337891,
  "t_21" : -0.90136426687240601,
  "t_10" : -0.81211203336715698,
  "width" : 1024,
  "height" : 768,
  "manual_keyframe" : true,
  "cx" : 516.2313232421875,
  "fx" : 712.975830078125
}