{
  "t_02" : 0.53109210729598999,
  "t_13" : 0.10569048672914505,
  "cy" : 382.6285400390625,
  "fy" : 714.79425048828125,
  "t_22" : -0.55842620134353638,
  "t_11" : 0.015363217331469059,
  "t_00" : -0.45352658629417419,
  "t_20" : 0.44794091582298279,
  "angular_velocity" : 3.4028234663852886e+38,
  "t_03" : 5.3095178604125977,
  "center_depth" : 1.8211060762405396,
  "t_23" : 1.2158249616622925,
  "t_12" : -0.6372607946395874,
  "t_01" : -0.71571969985961914,
  "timestamp" : 6604495041,
  "blur_score" : 107.54390716552734,
  "t_21" : -0.69821858406066895,
  "t_10" : -0.77049511671066284,
  "width" : 1024,
  "height" : 768,
  "manual_keyframe" : true,
  "cx" : 515.94818115234375,
  "fx" : 714.79425048828125
}