{
  "t_02" : 0.66709667444229126,
  "t_13" : 0.10636721551418304,
  "cy" : 382.59130859375,
  "fy" : 713.698486328125,
  "t_22" : -0.43324089050292969,
  "t_11" : 0.034535907208919525,
  "t_00" : -0.53142833709716797,
  "t_20" : 0.29336154460906982,
  "angular_velocity" : 3.4028234663852886e+38,
  "t_03" : 5.3159427642822266,
  "center_depth" : 1.8359510898590088,
  "t_23" : 1.1606048345565796,
  "t_12" : -0.60603982210159302,
  "t_01" : -0.52207845449447632,
  "timestamp" : 6604161681,
  "blur_score" : 82.951553344726562,
  "t_21" : -0.85219794511795044,
  "t_10" : -0.79468423128128052,
  "width" : 1024,
  "height" : 768,
  "manual_keyframe" : true,
  "cx" : 516.16522216796875,
  "fx" : 713.698486328125
}