{
  "t_02" : -0.043173599988222122,
  "t_13" : 0.12184935808181763,
  "cy" : 382.46865844726562,
  "fy" : 714.50360107421875,
  "t_22" : -0.78070014715194702,
  "t_11" : 0.0081852525472640991,
  "t_00" : 0.023968392983078957,
  "t_20" : 0.6230054497718811,
  "angular_velocity" : 3.4028234663852886e+38,
  "t_03" : 5.2432584762573242,
  "t_23" : 1.2790988683700562,
  "t_12" : -0.62341248989105225,
  "t_01" : -0.99877995252609253,
  "timestamp" : 6605428449,
  "blur_score" : 63.16864013671875,
  "t_21" : 0.048697490245103836,
  "t_10" : -0.78185027837753296,
  "width" : 1024,
  "height" : 768,
  "manual_keyframe" : true,
  "cx" : 515.7628173828125,
  "fx" : 714.50360107421875
}