{
  "t_02" : 0.15030433237552643,
  "t_13" : 0.12465168535709381,
  "cy" : 382.58718872070312,
  "fy" : 715.08966064453125,
  "t_22" : -0.75272858142852783,
  "t_11" : 0.0054718605242669582,
  "t_00" : -0.13249300420284271,
  "t_20" : 0.62712359428405762,
  "angular_velocity" : 3.4028234663852886e+38,
  "t_03" : 5.2547731399536133,
  "t_23" : 1.2723759412765503,
  "t_12" : -0.64094328880310059,
  "t_01" : -0.97972148656845093,
  "timestamp" : 6605161761,
  "blur_score" : 179.52549743652344,
  "t_21" : -0.20028939843177795,
  "t_10" : -0.76756864786148071,
  "width" : 1024,
  "height" : 768,
  "manual_keyframe" : true,
  "cx" : 515.7979736328125,
  "fx" : 715.08966064453125
}