{
  "t_02" : -0.33419868350028992,
  "t_13" : 0.12553569674491882,
  "cy" : 382.32363891601562,
  "fy" : 714.1907958984375,
  "t_22" : -0.74160486459732056,
  "t_11" : 0.013693992048501968,
  "t_00" : 0.22359561920166016,
  "t_20" : 0.53714615106582642,
  "angular_velocity" : 3.4028234663852886e+38,
  "t_03" : 5.2862396240234375,
  "center_depth" : 1.8854310512542725,
  "t_23" : 1.2756760120391846,
  "t_12" : -0.58166438341140747,
  "t_01" : -0.9155961275100708,
  "timestamp" : 6605895153,
  "blur_score" : 34.925186157226562,
  "t_21" : 0.40186595916748047,
  "t_10" : -0.81331360340118408,
  "width" : 1024,
  "height" : 768,
  "manual_keyframe" : true,
  "cx" : 515.844482421875,
  "fx" : 714.1907958984375
}