{
  "t_02" : -0.60956472158432007,
  "t_13" : 0.13085636496543884,
  "cy" : 382.39675903320312,
  "fy" : 713.2950439453125,
  "t_22" : -0.51593738794326782,
  "t_11" : -0.022860677912831306,
  "t_00" : 0.47770333290100098,
  "t_20" : 0.36682626605033875,
  "angular_velocity" : 3.4028234663852886e+38,
  "t_03" : 5.4316163063049316,
  "center_depth" : 1.8172072172164917,
  "t_23" : 1.1687561273574829,
  "t_12" : -0.60186320543289185,
  "t_01" : -0.63263756036758423,
  "timestamp" : 6606628544,
  "blur_score" : 66.796035766601562,
  "t_21" : 0.77411049604415894,
  "t_10" : -0.79827189445495605,
  "width" : 1024,
  "height" : 768,
  "manual_keyframe" : true,
  "cx" : 515.98626708984375,
  "fx" : 713.2950439453125
}