{
  "t_02" : -0.7856183648109436,
  "t_13" : 0.14891135692596436,
  "cy" : 382.34671020507812,
  "fy" : 713.5841064453125,
  "t_22" : -0.0055671990849077702,
  "t_11" : -0.080118931829929352,
  "t_00" : 0.61616790294647217,
  "t_20" : -0.097615592181682587,
  "angular_velocity" : 3.4028234663852886e+38,
  "t_03" : 5.5434722900390625,
  "center_depth" : 1.7544848918914795,
  "t_23" : 1.1321537494659424,
  "t_12" : -0.61868619918823242,
  "t_01" : 0.056042429059743881,
  "timestamp" : 6607495280,
  "blur_score" : 58.345714569091797,
  "t_21" : 0.9952085018157959,
  "t_10" : -0.78154212236404419,
  "width" : 1024,
  "height" : 768,
  "manual_keyframe" : true,
  "cx" : 515.93597412109375,
  "fx" : 713.5841064453125
}