{
  "t_02" : -0.72876948118209839,
  "t_13" : 0.13658483326435089,
  "cy" : 382.48123168945312,
  "fy" : 713.642822265625,
  "t_22" : -0.28872564435005188,
  "t_11" : -0.05470532551407814,
  "t_00" : 0.60155719518661499,
  "t_20" : 0.1632610559463501,
  "angular_velocity" : 3.4028234663852886e+38,
  "t_03" : 5.5078587532043457,
  "t_23" : 1.1385738849639893,
  "t_12" : -0.62091261148452759,
  "t_01" : -0.32714518904685974,
  "timestamp" : 6607061912,
  "blur_score" : 53.507846832275391,
  "t_21" : 0.94338929653167725,
  "t_10" : -0.78196853399276733,
  "width" : 1024,
  "height" : 768,
  "manual_keyframe" : true,
  "cx" : 515.93682861328125,
  "fx" : 713.642822265625
}