{
  "t_02" : -0.7431408166885376,
  "t_13" : 0.14676311612129211,
  "cy" : 382.091796875,
  "fy" : 713.56817626953125,
  "t_22" : 0.25359132885932922,
  "t_11" : -0.070719882845878601,
  "t_00" : 0.55456966161727905,
  "t_20" : -0.28440633416175842,
  "angular_velocity" : 3.4028234663852886e+38,
  "t_03" : 5.5494604110717773,
  "t_23" : 1.0951189994812012,
  "t_12" : -0.61921972036361694,
  "t_01" : 0.37442517280578613,
  "timestamp" : 6607961984,
  "blur_score" : 61.537433624267578,
  "t_21" : 0.9245564341545105,
  "t_10" : -0.78202658891677856,
  "width" : 1024,
  "height" : 768,
  "manual_keyframe" : true,
  "cx" : 515.90228271484375,
  "fx" : 713.56817626953125
}