{
  "t_02" : -0.68616384267807007,
  "t_13" : 0.14381580054759979,
  "cy" : 382.08963012695312,
  "fy" : 713.56500244140625,
  "t_22" : 0.3625819981098175,
  "t_11" : -0.037297498434782028,
  "t_00" : 0.53448784351348877,
  "t_20" : -0.33679011464118958,
  "angular_velocity" : 3.4028234663852886e+38,
  "t_03" : 5.5461077690124512,
  "center_depth" : 1.739039421081543,
  "t_23" : 1.0628727674484253,
  "t_12" : -0.6306455135345459,
  "t_01" : 0.49345937371253967,
  "timestamp" : 6608262008,
  "blur_score" : 106.87267303466797,
  "t_21" : 0.86896878480911255,
  "t_10" : -0.77517437934875488,
  "width" : 1024,
  "height" : 768,
  "manual_keyframe" : true,
  "cx" : 515.87725830078125,
  "fx" : 713.56500244140625
}