{
  "t_02" : -0.71272784471511841,
  "t_13" : 0.1270861029624939,
  "cy" : 382.42568969726562,
  "fy" : 713.90008544921875,
  "t_22" : 0.1069461926817894,
  "t_11" : 0.048288159072399139,
  "t_00" : 0.6939665675163269,
  "t_20" : -0.036379855126142502,
  "angular_velocity" : 3.4028234663852886e+38,
  "t_03" : 5.4996495246887207,
  "center_depth" : 1.5939713716506958,
  "t_23" : 1.0228391885757446,
  "t_12" : -0.69323974847793579,
  "t_01" : 0.10212362557649612,
  "timestamp" : 6609062071,
  "blur_score" : 49.213447570800781,
  "t_21" : 0.9935988187789917,
  "t_10" : -0.71908736228942871,
  "width" : 1024,
  "height" : 768,
  "manual_keyframe" : true,
  "cx" : 515.81964111328125,
  "fx" : 713.90008544921875
}