{
  "t_02" : -0.70013082027435303,
  "t_13" : 0.11747322976589203,
  "cy" : 382.55477905273438,
  "fy" : 714.17645263671875,
  "t_22" : -0.16662636399269104,
  "t_11" : 0.034123748540878296,
  "t_00" : 0.66369742155075073,
  "t_20" : 0.2066945880651474,
  "angular_velocity" : 3.4028234663852886e+38,
  "t_03" : 5.4761953353881836,
  "center_depth" : 1.6055989265441895,
  "t_23" : 1.0340864658355713,
  "t_12" : -0.69429999589920044,
  "t_01" : -0.26329177618026733,
  "timestamp" : 6609362095,
  "blur_score" : 55.733566284179688,
  "t_21" : 0.96411257982254028,
  "t_10" : -0.71887624263763428,
  "width" : 1024,
  "height" : 768,
  "manual_keyframe" : true,
  "cx" : 515.68096923828125,
  "fx" : 714.17645263671875
}