{
  "t_02" : -0.63451093435287476,
  "t_13" : 0.10692620277404785,
  "cy" : 382.63345336914062,
  "fy" : 713.89215087890625,
  "t_22" : -0.38743972778320312,
  "t_11" : 0.024087229743599892,
  "t_00" : 0.55361288785934448,
  "t_20" : 0.37600427865982056,
  "angular_velocity" : 3.4028234663852886e+38,
  "t_03" : 5.4563446044921875,
  "t_23" : 1.0588575601577759,
  "t_12" : -0.66879457235336304,
  "t_01" : -0.53935939073562622,
  "timestamp" : 6609628783,
  "blur_score" : 49.627105712890625,
  "t_21" : 0.84173107147216797,
  "t_10" : -0.74305683374404907,
  "width" : 1024,
  "height" : 768,
  "manual_keyframe" : true,
  "cx" : 515.54290771484375,
  "fx" : 713.89215087890625
}