{
  "t_02" : -0.42365694046020508,
  "t_13" : 0.087943799793720245,
  "cy" : 382.73880004882812,
  "fy" : 713.29022216796875,
  "t_22" : -0.70108431577682495,
  "t_11" : 0.050521507859230042,
  "t_00" : 0.24330057203769684,
  "t_20" : 0.52187448740005493,
  "angular_velocity" : 3.4028234663852886e+38,
  "t_03" : 5.4055619239807129,
  "center_depth" : 2.0036478042602539,
  "t_23" : 1.2141231298446655,
  "t_12" : -0.57358133792877197,
  "t_01" : -0.872536301612854,
  "timestamp" : 6610162159,
  "blur_score" : 77.946586608886719,
  "t_21" : 0.48592996597290039,
  "t_10" : -0.8175891637802124,
  "width" : 1024,
  "height" : 768,
  "manual_keyframe" : true,
  "cx" : 515.62371826171875,
  "fx" : 713.29022216796875
}