{
  "t_02" : -0.18246060609817505,
  "t_13" : 0.046931087970733643,
  "cy" : 382.61282348632812,
  "fy" : 712.9805908203125,
  "t_22" : -0.8637012243270874,
  "t_11" : 0.038205176591873169,
  "t_00" : 0.054672226309776306,
  "t_20" : 0.46818691492080688,
  "angular_velocity" : 3.4028234663852886e+38,
  "t_03" : 5.3240633010864258,
  "t_23" : 1.3996599912643433,
  "t_12" : -0.46981737017631531,
  "t_01" : -0.98169195652008057,
  "timestamp" : 6610728870,
  "blur_score" : 50.868412017822266,
  "t_21" : 0.18660464882850647,
  "t_10" : -0.88193655014038086,
  "width" : 1024,
  "height" : 768,
  "manual_keyframe" : true,
  "cx" : 516.0435791015625,
  "fx" : 712.9805908203125
}