{
  "t_02" : 0.24949389696121216,
  "t_13" : -0.0093095786869525909,
  "cy" : 382.5467529296875,
  "fy" : 712.09429931640625,
  "t_22" : -0.93168181180953979,
  "t_11" : 0.037860464304685593,
  "t_00" : -0.10616770386695862,
  "t_20" : 0.24471154808998108,
  "angular_velocity" : 3.4028234663852886e+38,
  "t_03" : 5.310452938079834,
  "center_depth" : 4.5344634056091309,
  "t_23" : 1.6831105947494507,
  "t_12" : -0.26404902338981628,
  "t_01" : -0.9625389575958252,
  "timestamp" : 6611295582,
  "blur_score" : 84.514419555664062,
  "t_21" : -0.26848718523979187,
  "t_10" : -0.96376585960388184,
  "width" : 1024,
  "height" : 768,
  "manual_keyframe" : true,
  "cx" : 516.2928466796875,
  "fx" : 712.09429931640625
}