{
  "t_02" : 0.049178045243024826,
  "t_13" : 0.0077630802989006042,
  "cy" : 382.53121948242188,
  "fy" : 712.47705078125,
  "t_22" : -0.93268489837646484,
  "t_11" : 0.03716399148106575,
  "t_00" : -0.058535508811473846,
  "t_20" : 0.35445064306259155,
  "angular_velocity" : 3.4028234663852886e+38,
  "t_03" : 5.318509578704834,
  "center_depth" : 3.4492521286010742,
  "t_23" : 1.5347334146499634,
  "t_12" : -0.35732406377792358,
  "t_01" : -0.99707323312759399,
  "timestamp" : 6611028894,
  "blur_score" : 60.842376708984375,
  "t_21" : -0.066811099648475647,
  "t_10" : -0.93324077129364014,
  "width" : 1024,
  "height" : 768,
  "manual_keyframe" : true,
  "cx" : 516.0989990234375,
  "fx" : 712.47705078125
}