{
  "t_02" : 0.5013013482093811,
  "t_13" : -0.05538712814450264,
  "cy" : 382.72540283203125,
  "fy" : 711.3065185546875,
  "t_22" : -0.84972250461578369,
  "t_11" : 0.013410481624305248,
  "t_00" : -0.094678938388824463,
  "t_20" : 0.13373261690139771,
  "angular_velocity" : 3.4028234663852886e+38,
  "t_03" : 5.196347713470459,
  "center_depth" : 5.2529716491699219,
  "t_23" : 2.0384607315063477,
  "t_12" : -0.16330544650554657,
  "t_01" : -0.86007720232009888,
  "timestamp" : 6611828958,
  "blur_score" : 116.08811950683594,
  "t_21" : -0.50998753309249878,
  "t_10" : -0.9864843487739563,
  "width" : 1024,
  "height" : 768,
  "manual_keyframe" : true,
  "cx" : 516.60540771484375,
  "fx" : 711.3065185546875
}