{
  "t_02" : 0.54369765520095825,
  "t_13" : -0.26759257912635803,
  "cy" : 382.73199462890625,
  "fy" : 711.241455078125,
  "t_22" : -0.73698043823242188,
  "t_11" : 0.015462879091501236,
  "t_00" : 0.22477328777313232,
  "t_20" : -0.33311966061592102,
  "angular_velocity" : 3.4028234663852886e+38,
  "t_03" : 5.0074987411499023,
  "t_23" : 2.7806694507598877,
  "t_12" : 0.40156275033950806,
  "t_01" : -0.80862218141555786,
  "timestamp" : 6612995718,
  "blur_score" : 145.87898254394531,
  "t_21" : -0.58812505006790161,
  "t_10" : -0.91570103168487549,
  "width" : 1024,
  "height" : 768,
  "manual_keyframe" : true,
  "cx" : 516.47039794921875,
  "fx" : 711.241455078125
}