{
  "t_02" : 0.53617751598358154,
  "t_13" : -0.055189799517393112,
  "cy" : 382.51934814453125,
  "fy" : 710.95556640625,
  "t_22" : -0.83455014228820801,
  "t_11" : 0.016902079805731773,
  "t_00" : -0.082782641053199768,
  "t_20" : 0.097326330840587616,
  "angular_velocity" : 3.4028234663852886e+38,
  "t_03" : 5.1321811676025391,
  "t_23" : 2.3197357654571533,
  "t_12" : -0.12664791941642761,
  "t_01" : -0.84003609418869019,
  "timestamp" : 6612295662,
  "blur_score" : 270.3956298828125,
  "t_21" : -0.54226702451705933,
  "t_10" : -0.99180376529693604,
  "width" : 1024,
  "height" : 768,
  "manual_keyframe" : true,
  "cx" : 516.8125,
  "fx" : 710.95556640625
}