{
  "t_02" : 0.56086939573287964,
  "t_13" : -0.15550783276557922,
  "cy" : 382.4527587890625,
  "fy" : 711.21441650390625,
  "t_22" : -0.82300007343292236,
  "t_11" : 0.020048463717103004,
  "t_00" : 0.034027997404336929,
  "t_20" : -0.085676819086074829,
  "angular_velocity" : 3.4028234663852886e+38,
  "t_03" : 5.0891928672790527,
  "t_23" : 2.6197671890258789,
  "t_12" : 0.089980445802211761,
  "t_01" : -0.82720470428466797,
  "timestamp" : 6612729030,
  "blur_score" : 135.42594909667969,
  "t_21" : -0.56154292821884155,
  "t_10" : -0.99574172496795654,
  "width" : 1024,
  "height" : 768,
  "manual_keyframe" : true,
  "cx" : 516.54241943359375,
  "fx" : 711.21441650390625
}