{
  "t_02" : 0.51077431440353394,
  "t_13" : -0.32983201742172241,
  "cy" : 382.82766723632812,
  "fy" : 711.87835693359375,
  "t_22" : -0.64776670932769775,
  "t_11" : -0.0035496088676154613,
  "t_00" : 0.35336789488792419,
  "t_20" : -0.44119358062744141,
  "angular_velocity" : 3.4028234663852886e+38,
  "t_03" : 4.9161801338195801,
  "center_depth" : 2.5772011280059814,
  "t_23" : 2.933258056640625,
  "t_12" : 0.56525039672851562,
  "t_01" : -0.78373521566390991,
  "timestamp" : 6613262406,
  "blur_score" : 377.36993408203125,
  "t_21" : -0.62108504772186279,
  "t_10" : -0.82491177320480347,
  "width" : 1024,
  "height" : 768,
  "manual_keyframe" : true,
  "cx" : 516.57733154296875,
  "fx" : 711.87835693359375
}