{
  "t_02" : 0.74195212125778198,
  "t_13" : -0.22801956534385681,
  "cy" : 382.54287719726562,
  "fy" : 711.85125732421875,
  "t_22" : -0.62849056720733643,
  "t_11" : -0.021394584327936172,
  "t_00" : 0.19232235848903656,
  "t_20" : -0.134076327085495,
  "angular_velocity" : 3.4028234663852886e+38,
  "t_03" : 4.6995964050292969,
  "center_depth" : 2.7953994274139404,
  "t_23" : 3.2365977764129639,
  "t_12" : 0.2334664911031723,
  "t_01" : -0.6422765851020813,
  "timestamp" : 6614629182,
  "blur_score" : 311.55032348632812,
  "t_21" : -0.76617431640625,
  "t_10" : -0.9721294641494751,
  "width" : 1024,
  "height" : 768,
  "manual_keyframe" : true,
  "cx" : 516.27679443359375,
  "fx" : 711.85125732421875
}