{
  "t_02" : 0.73314648866653442,
  "t_13" : -0.22518220543861389,
  "cy" : 382.41806030273438,
  "fy" : 711.83544921875,
  "t_22" : -0.63073098659515381,
  "t_11" : -0.023532450199127197,
  "t_00" : 0.20859828591346741,
  "t_20" : -0.14736063778400421,
  "angular_velocity" : 3.4028234663852886e+38,
  "t_03" : 4.7339487075805664,
  "center_depth" : 2.8388652801513672,
  "t_23" : 3.2214550971984863,
  "t_12" : 0.25431203842163086,
  "t_01" : -0.647288978099823,
  "timestamp" : 6614462502,
  "blur_score" : 215.92097473144531,
  "t_21" : -0.76188129186630249,
  "t_10" : -0.96683585643768311,
  "width" : 1024,
  "height" : 768,
  "manual_keyframe" : true,
  "cx" : 516.19183349609375,
  "fx" : 711.83544921875
}