{
  "t_02" : 0.84673464298248291,
  "t_13" : -0.2971813976764679,
  "cy" : 382.2783203125,
  "fy" : 712.21343994140625,
  "t_22" : -0.50545573234558105,
  "t_11" : -0.022302627563476562,
  "t_00" : 0.15408822894096375,
  "t_20" : -0.065642945468425751,
  "angular_velocity" : 3.4028234663852886e+38,
  "t_03" : 4.823122501373291,
  "center_depth" : 2.7758710384368896,
  "t_23" : 3.558525562286377,
  "t_12" : 0.16599628329277039,
  "t_01" : -0.50921225547790527,
  "timestamp" : 6616162637,
  "blur_score" : 308.7259521484375,
  "t_21" : -0.8603518009185791,
  "t_10" : -0.98587405681610107,
  "width" : 1024,
  "height" : 768,
  "manual_keyframe" : true,
  "cx" : 516.70526123046875,
  "fx" : 712.21343994140625
}