{
  "t_02" : 0.87384891510009766,
  "t_13" : -0.36022889614105225,
  "cy" : 382.70040893554688,
  "fy" : 711.82275390625,
  "t_22" : -0.41002607345581055,
  "t_11" : -0.050085198134183884,
  "t_00" : 0.25825706124305725,
  "t_20" : -0.063863359391689301,
  "angular_velocity" : 3.4028234663852886e+38,
  "t_03" : 4.8151121139526367,
  "center_depth" : 3.6892468929290771,
  "t_23" : 3.6744074821472168,
  "t_12" : 0.26127895712852478,
  "t_01" : -0.41193616390228271,
  "timestamp" : 6616896030,
  "blur_score" : 422.6220703125,
  "t_21" : -0.90983515977859497,
  "t_10" : -0.9639630913734436,
  "width" : 1024,
  "height" : 768,
  "manual_keyframe" : true,
  "cx" : 516.82830810546875,
  "fx" : 711.82275390625
}