{
  "t_02" : 0.79154026508331299,
  "t_13" : -0.35921153426170349,
  "cy" : 382.19711303710938,
  "fy" : 711.84820556640625,
  "t_22" : -0.21850869059562683,
  "t_11" : -0.071069233119487762,
  "t_00" : 0.57110601663589478,
  "t_20" : -0.06787070631980896,
  "angular_velocity" : 3.4028234663852886e+38,
  "t_03" : 4.3673477172851562,
  "center_depth" : 2.4995048046112061,
  "t_23" : 3.9374287128448486,
  "t_12" : 0.57071679830551147,
  "t_01" : -0.21748942136764526,
  "timestamp" : 6618696174,
  "blur_score" : 300.56463623046875,
  "t_21" : -0.97347176074981689,
  "t_10" : -0.8180655837059021,
  "width" : 1024,
  "height" : 768,
  "manual_keyframe" : true,
  "cx" : 516.480224609375,
  "fx" : 711.84820556640625
}