{
  "t_02" : 0.87049722671508789,
  "t_13" : -0.27797994017601013,
  "cy" : 382.27285766601562,
  "fy" : 711.844970703125,
  "t_22" : -0.42142874002456665,
  "t_11" : -0.058541212230920792,
  "t_00" : 0.25477957725524902,
  "t_20" : -0.056094635277986526,
  "angular_velocity" : 3.4028234663852886e+38,
  "t_03" : 4.5224089622497559,
  "t_23" : 3.7734112739562988,
  "t_12" : 0.25422856211662292,
  "t_01" : -0.42109581828117371,
  "timestamp" : 6618129462,
  "blur_score" : 103.04090881347656,
  "t_21" : -0.90512490272521973,
  "t_10" : -0.96537071466445923,
  "width" : 1024,
  "height" : 768,
  "manual_keyframe" : true,
  "cx" : 516.529296875,
  "fx" : 711.844970703125
}