{
  "t_02" : 0.81016504764556885,
  "t_13" : -0.35581636428833008,
  "cy" : 382.21176147460938,
  "fy" : 711.86083984375,
  "t_22" : -0.26517218351364136,
  "t_11" : -0.06746644526720047,
  "t_00" : 0.51991993188858032,
  "t_20" : -0.086898162961006165,
  "angular_velocity" : 3.4028234663852886e+38,
  "t_03" : 4.3960208892822266,
  "center_depth" : 2.7387609481811523,
  "t_23" : 3.8982617855072021,
  "t_12" : 0.52279651165008545,
  "t_01" : -0.27076902985572815,
  "timestamp" : 6618562830,
  "blur_score" : 214.00807189941406,
  "t_21" : -0.960277259349823,
  "t_10" : -0.84978353977203369,
  "width" : 1024,
  "height" : 768,
  "manual_keyframe" : true,
  "cx" : 516.46630859375,
  "fx" : 711.86083984375
}