{
  "t_02" : 0.77868974208831787,
  "t_13" : -0.36365592479705811,
  "cy" : 382.234619140625,
  "fy" : 711.857666015625,
  "t_22" : -0.16403116285800934,
  "t_11" : -0.085654720664024353,
  "t_00" : 0.61132663488388062,
  "t_20" : -0.018777560442686081,
  "angular_velocity" : 3.4028234663852886e+38,
  "t_03" : 4.323122501373291,
  "center_depth" : 2.3522272109985352,
  "t_23" : 3.9836740493774414,
  "t_12" : 0.60558730363845825,
  "t_01" : -0.14114561676979065,
  "timestamp" : 6618896190,
  "blur_score" : 585.68756103515625,
  "t_21" : -0.98627644777297974,
  "t_10" : -0.79115563631057739,
  "width" : 1024,
  "height" : 768,
  "manual_keyframe" : true,
  "cx" : 516.415283203125,
  "fx" : 711.857666015625
}