{
  "t_02" : 0.73860883712768555,
  "t_13" : -0.37831461429595947,
  "cy" : 382.173095703125,
  "fy" : 712.4818115234375,
  "t_22" : 0.053286217153072357,
  "t_11" : -0.12041683495044708,
  "t_00" : 0.64966088533401489,
  "t_20" : 0.2099011242389679,
  "angular_velocity" : 3.4028234663852886e+38,
  "t_03" : 3.8420059680938721,
  "center_depth" : 2.0953285694122314,
  "t_23" : 4.100792407989502,
  "t_12" : 0.67202484607696533,
  "t_01" : 0.17999354004859924,
  "timestamp" : 6619829598,
  "blur_score" : 696.4635009765625,
  "t_21" : -0.9762694239616394,
  "t_10" : -0.73067241907119751,
  "width" : 1024,
  "height" : 768,
  "manual_keyframe" : true,
  "cx" : 515.79193115234375,
  "fx" : 712.4818115234375
}