{
  "t_02" : 0.74728274345397949,
  "t_13" : -0.3857746422290802,
  "cy" : 382.3790283203125,
  "fy" : 712.11968994140625,
  "t_22" : -0.0233042873442173,
  "t_11" : -0.12523870170116425,
  "t_00" : 0.65961712598800659,
  "t_20" : 0.14702174067497253,
  "angular_velocity" : 3.4028234663852886e+38,
  "t_03" : 4.016115665435791,
  "t_23" : 4.0609602928161621,
  "t_12" : 0.66409730911254883,
  "t_01" : 0.080459579825401306,
  "timestamp" : 6619496238,
  "blur_score" : 565.736083984375,
  "t_21" : -0.98885864019393921,
  "t_10" : -0.73708200454711914,
  "width" : 1024,
  "height" : 768,
  "manual_keyframe" : true,
  "cx" : 516.0733642578125,
  "fx" : 712.11968994140625
}