{
  "t_02" : 0.71995431184768677,
  "t_13" : -0.36887040734291077,
  "cy" : 382.2283935546875,
  "fy" : 712.74072265625,
  "t_22" : 0.19760601222515106,
  "t_11" : -0.10238941013813019,
  "t_00" : 0.59920614957809448,
  "t_20" : 0.30668079853057861,
  "angular_velocity" : 3.4028234663852886e+38,
  "t_03" : 3.1940665245056152,
  "center_depth" : 2.1287455558776855,
  "t_23" : 4.0265722274780273,
  "t_12" : 0.66529494524002075,
  "t_01" : 0.35016798973083496,
  "timestamp" : 6620863014,
  "blur_score" : 627.51763916015625,
  "t_21" : -0.93107390403747559,
  "t_10" : -0.73952603340148926,
  "width" : 1024,
  "height" : 768,
  "manual_keyframe" : true,
  "cx" : 515.81402587890625,
  "fx" : 712.74072265625
}