{
  "t_02" : 0.72004777193069458,
  "t_13" : -0.38466218113899231,
  "cy" : 382.2783203125,
  "fy" : 712.76611328125,
  "t_22" : 0.14786437153816223,
  "t_11" : -0.12052774429321289,
  "t_00" : 0.6221577525138855,
  "t_20" : 0.29515084624290466,
  "angular_velocity" : 3.4028234663852886e+38,
  "t_03" : 3.4698817729949951,
  "center_depth" : 2.0665228366851807,
  "t_23" : 4.103546142578125,
  "t_12" : 0.67798757553100586,
  "t_01" : 0.30732870101928711,
  "timestamp" : 6620496318,
  "blur_score" : 551.26800537109375,
  "t_21" : -0.94393962621688843,
  "t_10" : -0.7251245379447937,
  "width" : 1024,
  "height" : 768,
  "manual_keyframe" : true,
  "cx" : 515.65753173828125,
  "fx" : 712.76611328125
}