{
  "t_02" : 0.72157669067382812,
  "t_13" : -0.37385731935501099,
  "cy" : 382.14907836914062,
  "fy" : 712.7772216796875,
  "t_22" : 0.2108660489320755,
  "t_11" : -0.089587770402431488,
  "t_00" : 0.59502965211868286,
  "t_20" : 0.29804086685180664,
  "angular_velocity" : 3.4028234663852886e+38,
  "t_03" : 3.0008683204650879,
  "center_depth" : 2.1483588218688965,
  "t_23" : 3.9839785099029541,
  "t_12" : 0.65944117307662964,
  "t_01" : 0.35393062233924866,
  "timestamp" : 6621129703,
  "blur_score" : 727.853759765625,
  "t_21" : -0.93097114562988281,
  "t_10" : -0.74639886617660522,
  "width" : 1024,
  "height" : 768,
  "manual_keyframe" : true,
  "cx" : 515.69464111328125,
  "fx" : 712.7772216796875
}