{
  "t_02" : 0.7109445333480835,
  "t_13" : -0.38746985793113708,
  "cy" : 382.02438354492188,
  "fy" : 712.71051025390625,
  "t_22" : 0.18715132772922516,
  "t_11" : -0.058077655732631683,
  "t_00" : 0.63339465856552124,
  "t_20" : 0.24842771887779236,
  "angular_velocity" : 3.4028234663852886e+38,
  "t_03" : 2.6858842372894287,
  "t_23" : 3.9609391689300537,
  "t_12" : 0.67788791656494141,
  "t_01" : 0.3055633008480072,
  "timestamp" : 6621529735,
  "blur_score" : 489.77938842773438,
  "t_21" : -0.95039880275726318,
  "t_10" : -0.73286741971969604,
  "width" : 1024,
  "height" : 768,
  "manual_keyframe" : true,
  "cx" : 515.650634765625,
  "fx" : 712.71051025390625
}