{
  "t_02" : 0.6633000373840332,
  "t_13" : -0.38218939304351807,
  "cy" : 382.31552124023438,
  "fy" : 712.76300048828125,
  "t_22" : -0.079890795052051544,
  "t_11" : 0.021553907543420792,
  "t_00" : 0.73449540138244629,
  "t_20" : -0.12096083909273148,
  "angular_velocity" : 3.4028234663852886e+38,
  "t_03" : 2.0072140693664551,
  "t_23" : 3.8587760925292969,
  "t_12" : 0.74407690763473511,
  "t_01" : -0.14335094392299652,
  "timestamp" : 6622529815,
  "blur_score" : 615.7139892578125,
  "t_21" : -0.98943710327148438,
  "t_10" : -0.66774612665176392,
  "width" : 1024,
  "height" : 768,
  "manual_keyframe" : true,
  "cx" : 515.4696044921875,
  "fx" : 712.76300048828125
}