{
  "t_02" : 0.70157593488693237,
  "t_13" : -0.37569916248321533,
  "cy" : 382.44613647460938,
  "fy" : 712.73760986328125,
  "t_22" : 0.02031363919377327,
  "t_11" : -0.029066389426589012,
  "t_00" : 0.71019738912582397,
  "t_20" : 0.06199340894818306,
  "angular_velocity" : 3.4028234663852886e+38,
  "t_03" : 2.344367504119873,
  "center_depth" : 1.9731178283691406,
  "t_23" : 3.8733634948730469,
  "t_12" : 0.71230506896972656,
  "t_01" : 0.058403521776199341,
  "timestamp" : 6622029775,
  "blur_score" : 504.72454833984375,
  "t_21" : -0.99786978960037231,
  "t_10" : -0.7012677788734436,
  "width" : 1024,
  "height" : 768,
  "manual_keyframe" : true,
  "cx" : 515.64862060546875,
  "fx" : 712.73760986328125
}