{
  "t_02" : 0.41567313671112061,
  "t_13" : -0.42067593336105347,
  "cy" : 382.49795532226562,
  "fy" : 713.353759765625,
  "t_22" : -0.38571873307228088,
  "t_11" : 0.029121942818164825,
  "t_00" : 0.56804394721984863,
  "t_20" : -0.59716916084289551,
  "angular_velocity" : 3.4028234663852886e+38,
  "t_03" : 1.5290442705154419,
  "t_23" : 3.9647634029388428,
  "t_12" : 0.82367277145385742,
  "t_01" : -0.71031105518341064,
  "timestamp" : 6623396550,
  "blur_score" : 363.08273315429688,
  "t_21" : -0.70328515768051147,
  "t_10" : -0.56631702184677124,
  "width" : 1024,
  "height" : 768,
  "manual_keyframe" : true,
  "cx" : 515.15087890625,
  "fx" : 713.353759765625
}