{
  "t_02" : 0.15945960581302643,
  "t_13" : -0.43387287855148315,
  "cy" : 382.3023681640625,
  "fy" : 713.96527099609375,
  "t_22" : -0.50308346748352051,
  "t_11" : 0.045218437910079956,
  "t_00" : 0.17402525246143341,
  "t_20" : -0.83261018991470337,
  "angular_velocity" : 3.4028234663852886e+38,
  "t_03" : 1.4760382175445557,
  "center_depth" : 1.5820127725601196,
  "t_23" : 4.1271605491638184,
  "t_12" : 0.8493996262550354,
  "t_01" : -0.97174477577209473,
  "timestamp" : 6623896590,
  "blur_score" : 343.26760864257812,
  "t_21" : -0.23166237771511078,
  "t_10" : -0.52580946683883667,
  "width" : 1024,
  "height" : 768,
  "manual_keyframe" : true,
  "cx" : 514.79345703125,
  "fx" : 713.96527099609375
}