{
  "t_02" : 0.57787030935287476,
  "t_13" : -0.40622925758361816,
  "cy" : 382.53106689453125,
  "fy" : 712.998046875,
  "t_22" : -0.22094456851482391,
  "t_11" : 0.018956625834107399,
  "t_00" : 0.72255498170852661,
  "t_20" : -0.30906808376312256,
  "angular_velocity" : 3.4028234663852886e+38,
  "t_03" : 1.6990044116973877,
  "t_23" : 3.8887960910797119,
  "t_12" : 0.7856522798538208,
  "t_01" : -0.37944725155830383,
  "timestamp" : 6623029855,
  "blur_score" : 443.88381958007812,
  "t_21" : -0.92501908540725708,
  "t_10" : -0.61837780475616455,
  "width" : 1024,
  "height" : 768,
  "manual_keyframe" : true,
  "cx" : 515.30157470703125,
  "fx" : 712.998046875
}