{
  "t_02" : -0.11151312291622162,
  "t_13" : -0.4126763641834259,
  "cy" : 382.56777954101562,
  "fy" : 713.931884765625,
  "t_22" : -0.57801991701126099,
  "t_11" : 0.05915156751871109,
  "t_00" : -0.25101637840270996,
  "t_20" : -0.770679771900177,
  "angular_velocity" : 3.4028234663852886e+38,
  "t_03" : 1.5038952827453613,
  "t_23" : 4.1231698989868164,
  "t_12" : 0.80836719274520874,
  "t_01" : -0.96153801679611206,
  "timestamp" : 6624296622,
  "blur_score" : 235.35432434082031,
  "t_21" : 0.26822656393051147,
  "t_10" : -0.58569902181625366,
  "width" : 1024,
  "height" : 768,
  "manual_keyframe" : true,
  "cx" : 514.51123046875,
  "fx" : 713.931884765625
}