{
  "t_02" : -0.43743026256561279,
  "t_13" : -0.31712180376052856,
  "cy" : 382.77813720703125,
  "fy" : 713.9080810546875,
  "t_22" : -0.62488424777984619,
  "t_11" : 0.080368541181087494,
  "t_00" : -0.455096036195755,
  "t_20" : -0.46639165282249451,
  "angular_velocity" : 3.4028234663852886e+38,
  "t_03" : 1.5104349851608276,
  "t_23" : 3.9654016494750977,
  "t_12" : 0.6466640830039978,
  "t_01" : -0.77559161186218262,
  "timestamp" : 6624729990,
  "blur_score" : 119.93379974365234,
  "t_21" : 0.62609779834747314,
  "t_10" : -0.75852912664413452,
  "width" : 1024,
  "height" : 768,
  "manual_keyframe" : true,
  "cx" : 514.74688720703125,
  "fx" : 713.9080810546875
}