{
  "t_02" : -0.85058099031448364,
  "t_13" : -0.19735062122344971,
  "cy" : 382.85614013671875,
  "fy" : 712.45001220703125,
  "t_22" : -0.48897174000740051,
  "t_11" : 0.050851922482252121,
  "t_00" : -0.19330902397632599,
  "t_20" : -0.051342226564884186,
  "angular_velocity" : 3.4028234663852886e+38,
  "t_03" : 1.3810105323791504,
  "t_23" : 3.5891408920288086,
  "t_12" : 0.1934385746717453,
  "t_01" : -0.48902294039726257,
  "timestamp" : 6625930085,
  "blur_score" : 133.66064453125,
  "t_21" : 0.87078726291656494,
  "t_10" : -0.97979360818862915,
  "width" : 1024,
  "height" : 768,
  "manual_keyframe" : true,
  "cx" : 516.76220703125,
  "fx" : 712.45001220703125
}