{
  "t_02" : -0.66799986362457275,
  "t_13" : -0.23485803604125977,
  "cy" : 382.86947631835938,
  "fy" : 713.59515380859375,
  "t_22" : -0.68694627285003662,
  "t_11" : 0.05935412272810936,
  "t_00" : -0.24351479113101959,
  "t_20" : -0.1615680456161499,
  "angular_velocity" : 3.4028234663852886e+38,
  "t_03" : 1.4129716157913208,
  "center_depth" : 1.9733445644378662,
  "t_23" : 3.6791493892669678,
  "t_12" : 0.28614816069602966,
  "t_01" : -0.70319020748138428,
  "timestamp" : 6625330037,
  "blur_score" : 219.56724548339844,
  "t_21" : 0.70851993560791016,
  "t_10" : -0.95634526014328003,
  "width" : 1024,
  "height" : 768,
  "manual_keyframe" : true,
  "cx" : 515.8204345703125,
  "fx" : 713.59515380859375
}