{
  "t_02" : -0.62535732984542847,
  "t_13" : -0.24742716550827026,
  "cy" : 382.93463134765625,
  "fy" : 713.649169921875,
  "t_22" : -0.66938042640686035,
  "t_11" : 0.058886710554361343,
  "t_00" : -0.32020634412765503,
  "t_20" : -0.24858283996582031,
  "angular_velocity" : 3.4028234663852886e+38,
  "t_03" : 1.449318528175354,
  "t_23" : 3.7935266494750977,
  "t_12" : 0.40107089281082153,
  "t_01" : -0.71161496639251709,
  "timestamp" : 6625063349,
  "blur_score" : 97.792716979980469,
  "t_21" : 0.70009738206863403,
  "t_10" : -0.91415226459503174,
  "width" : 1024,
  "height" : 768,
  "manual_keyframe" : true,
  "cx" : 515.29754638671875,
  "fx" : 713.649169921875
}