{
  "t_02" : -0.9233396053314209,
  "t_13" : -0.19997523725032806,
  "cy" : 382.78717041015625,
  "fy" : 711.50665283203125,
  "t_22" : -0.33089971542358398,
  "t_11" : 0.055995505303144455,
  "t_00" : -0.20234575867652893,
  "t_20" : -0.011870663613080978,
  "angular_velocity" : 3.4028234663852886e+38,
  "t_03" : 1.3872592449188232,
  "t_23" : 3.5652446746826172,
  "t_12" : 0.19480559229850769,
  "t_01" : -0.32634347677230835,
  "timestamp" : 6626096764,
  "blur_score" : 141.54864501953125,
  "t_21" : 0.94359117746353149,
  "t_10" : -0.97924214601516724,
  "width" : 1024,
  "height" : 768,
  "manual_keyframe" : true,
  "cx" : 516.72589111328125,
  "fx" : 711.50665283203125
}