{
  "t_02" : -0.89618963003158569,
  "t_13" : -0.19899329543113708,
  "cy" : 382.58731079101562,
  "fy" : 712.114990234375,
  "t_22" : 0.35566946864128113,
  "t_11" : 0.038641329854726791,
  "t_00" : -0.23153689503669739,
  "t_20" : 0.13500706851482391,
  "angular_velocity" : 3.4028234663852886e+38,
  "t_03" : 1.4282857179641724,
  "center_depth" : 1.67392897605896,
  "t_23" : 3.3754205703735352,
  "t_12" : 0.2652226984500885,
  "t_01" : 0.37846335768699646,
  "timestamp" : 6626730148,
  "blur_score" : 167.00115966796875,
  "t_21" : 0.92480915784835815,
  "t_10" : -0.96341246366500854,
  "width" : 1024,
  "height" : 768,
  "manual_keyframe" : true,
  "cx" : 516.7193603515625,
  "fx" : 712.114990234375
}