{
  "t_02" : -0.96165931224822998,
  "t_13" : -0.20085631310939789,
  "cy" : 382.52838134765625,
  "fy" : 711.241455078125,
  "t_22" : 0.13478386402130127,
  "t_11" : 0.059947844594717026,
  "t_00" : -0.22750844061374664,
  "t_20" : 0.094224974513053894,
  "angular_velocity" : 3.4028234663852886e+38,
  "t_03" : 1.4208662509918213,
  "center_depth" : 2.4412968158721924,
  "t_23" : 3.4613478183746338,
  "t_12" : 0.23884029686450958,
  "t_01" : 0.15313816070556641,
  "timestamp" : 6626496796,
  "blur_score" : 145.02127075195312,
  "t_21" : 0.9863848090171814,
  "t_10" : -0.96920669078826904,
  "width" : 1024,
  "height" : 768,
  "manual_keyframe" : true,
  "cx" : 516.71990966796875,
  "fx" : 711.241455078125
}