{
  "t_02" : -0.96830117702484131,
  "t_13" : -0.20391051471233368,
  "cy" : 382.62588500976562,
  "fy" : 711.203369140625,
  "t_22" : -0.13612063229084015,
  "t_11" : 0.067181006073951721,
  "t_00" : -0.21647214889526367,
  "t_20" : 0.038949340581893921,
  "angular_velocity" : 3.4028234663852886e+38,
  "t_03" : 1.4098461866378784,
  "t_23" : 3.534156322479248,
  "t_12" : 0.20943722128868103,
  "t_01" : -0.12462980300188065,
  "timestamp" : 6626263444,
  "blur_score" : 146.22550964355469,
  "t_21" : 0.98992621898651123,
  "t_10" : -0.97551149129867554,
  "width" : 1024,
  "height" : 768,
  "manual_keyframe" : true,
  "cx" : 516.68084716796875,
  "fx" : 711.203369140625
}