{
  "t_02" : -0.3043750524520874,
  "t_13" : -0.4471280574798584,
  "cy" : 382.58438110351562,
  "fy" : 713.0107421875,
  "t_22" : 0.5624309778213501,
  "t_11" : -0.0097018647938966751,
  "t_00" : -0.37920278310775757,
  "t_20" : 0.66882473230361938,
  "angular_velocity" : 3.4028234663852886e+38,
  "t_03" : 1.3981720209121704,
  "center_depth" : 1.7430282831192017,
  "t_23" : 2.823577880859375,
  "t_12" : 0.76878291368484497,
  "t_01" : 0.87381988763809204,
  "timestamp" : 6627996915,
  "blur_score" : 309.56051635742188,
  "t_21" : 0.48615306615829468,
  "t_10" : -0.63943618535995483,
  "width" : 1024,
  "height" : 768,
  "manual_keyframe" : true,
  "cx" : 515.89825439453125,
  "fx" : 713.0107421875
}