{
  "t_02" : -0.6963844895362854,
  "t_13" : -0.25889909267425537,
  "cy" : 382.57666015625,
  "fy" : 712.7550048828125,
  "t_22" : 0.56914395093917847,
  "t_11" : 0.027323383837938309,
  "t_00" : -0.31912359595298767,
  "t_20" : 0.30005070567131042,
  "angular_velocity" : 3.4028234663852886e+38,
  "t_03" : 1.4478793144226074,
  "t_23" : 3.1880896091461182,
  "t_12" : 0.43717700242996216,
  "t_01" : 0.64281314611434937,
  "timestamp" : 6627130180,
  "blur_score" : 123.68389892578125,
  "t_21" : 0.76553559303283691,
  "t_10" : -0.89896029233932495,
  "width" : 1024,
  "height" : 768,
  "manual_keyframe" : true,
  "cx" : 516.5584716796875,
  "fx" : 712.7550048828125
}