{
  "t_02" : -0.39153623580932617,
  "t_13" : -0.41308349370956421,
  "cy" : 382.60763549804688,
  "fy" : 712.964599609375,
  "t_22" : 0.59102535247802734,
  "t_11" : -0.00094731978606432676,
  "t_00" : -0.39061006903648376,
  "t_20" : 0.5872078537940979,
  "angular_velocity" : 3.4028234663852886e+38,
  "t_03" : 1.4251044988632202,
  "center_depth" : 1.9551724195480347,
  "t_23" : 2.9224944114685059,
  "t_12" : 0.7052575945854187,
  "t_01" : 0.83314061164855957,
  "timestamp" : 6627730227,
  "blur_score" : 259.49661254882812,
  "t_21" : 0.55306053161621094,
  "t_10" : -0.70895040035247803,
  "width" : 1024,
  "height" : 768,
  "manual_keyframe" : true,
  "cx" : 516.16168212890625,
  "fx" : 712.964599609375
}