{
  "t_02" : -0.15848934650421143,
  "t_13" : -0.45653808116912842,
  "cy" : 382.70855712890625,
  "fy" : 713.617431640625,
  "t_22" : 0.54738098382949829,
  "t_11" : -0.020839093253016472,
  "t_00" : -0.26351335644721985,
  "t_20" : 0.77862083911895752,
  "angular_velocity" : 3.4028234663852886e+38,
  "t_03" : 1.5664433240890503,
  "t_23" : 2.4230213165283203,
  "t_12" : 0.82173913717269897,
  "t_01" : 0.95154708623886108,
  "timestamp" : 6628863650,
  "blur_score" : 432.51004028320312,
  "t_21" : 0.30679619312286377,
  "t_10" : -0.56948268413543701,
  "width" : 1024,
  "height" : 768,
  "manual_keyframe" : true,
  "cx" : 515.31939697265625,
  "fx" : 713.617431640625
}