{
  "t_02" : -0.27224272489547729,
  "t_13" : -0.45324671268463135,
  "cy" : 382.59310913085938,
  "fy" : 712.99957275390625,
  "t_22" : 0.55726724863052368,
  "t_11" : -0.012472385540604591,
  "t_00" : -0.36232757568359375,
  "t_20" : 0.69585287570953369,
  "angular_velocity" : 3.4028234663852886e+38,
  "t_03" : 1.3907049894332886,
  "center_depth" : 1.7019622325897217,
  "t_23" : 2.7808837890625,
  "t_12" : 0.78443413972854614,
  "t_01" : 0.89140474796295166,
  "timestamp" : 6628130259,
  "blur_score" : 367.30880737304688,
  "t_21" : 0.45303624868392944,
  "t_10" : -0.62008655071258545,
  "width" : 1024,
  "height" : 768,
  "manual_keyframe" : true,
  "cx" : 515.7635498046875,
  "fx" : 712.99957275390625
}