{
  "t_02" : -0.22209657728672028,
  "t_13" : -0.47239083051681519,
  "cy" : 382.66238403320312,
  "fy" : 713.3426513671875,
  "t_22" : 0.55025440454483032,
  "t_11" : -0.012343741022050381,
  "t_00" : -0.32049530744552612,
  "t_20" : 0.73846340179443359,
  "angular_velocity" : 3.4028234663852886e+38,
  "t_03" : 1.4152107238769531,
  "center_depth" : 1.6377295255661011,
  "t_23" : 2.6792469024658203,
  "t_12" : 0.80491805076599121,
  "t_01" : 0.92084521055221558,
  "timestamp" : 6628396946,
  "blur_score" : 481.61141967773438,
  "t_21" : 0.38973292708396912,
  "t_10" : -0.59325748682022095,
  "width" : 1024,
  "height" : 768,
  "manual_keyframe" : true,
  "cx" : 515.4832763671875,
  "fx" : 713.3426513671875
}