{
  "t_02" : -0.1484973132610321,
  "t_13" : -0.45358413457870483,
  "cy" : 382.41238403320312,
  "fy" : 713.5968017578125,
  "t_22" : 0.54615145921707153,
  "t_11" : -0.014959574677050114,
  "t_00" : -0.24173451960086823,
  "t_20" : 0.78832447528839111,
  "angular_velocity" : 3.4028234663852886e+38,
  "t_03" : 1.6586697101593018,
  "t_23" : 2.1606862545013428,
  "t_12" : 0.82441931962966919,
  "t_01" : 0.9589124321937561,
  "timestamp" : 6629230346,
  "blur_score" : 277.25762939453125,
  "t_21" : 0.28330770134925842,
  "t_10" : -0.56578177213668823,
  "width" : 1024,
  "height" : 768,
  "manual_keyframe" : true,
  "cx" : 515.081787109375,
  "fx" : 713.5968017578125
}