{
  "t_02" : -0.14561367034912109,
  "t_13" : -0.45321759581565857,
  "cy" : 382.45077514648438,
  "fy" : 713.9493408203125,
  "t_22" : 0.54375350475311279,
  "t_11" : -0.016434932127594948,
  "t_00" : -0.24191346764564514,
  "t_20" : 0.79049152135848999,
  "angular_velocity" : 3.4028234663852886e+38,
  "t_03" : 1.7792031764984131,
  "center_depth" : 1.621829628944397,
  "t_23" : 1.8100115060806274,
  "t_12" : 0.82651597261428833,
  "t_01" : 0.95930939912796021,
  "timestamp" : 6629697049,
  "blur_score" : 364.140869140625,
  "t_21" : 0.281878262758255,
  "t_10" : -0.56267315149307251,
  "width" : 1024,
  "height" : 768,
  "manual_keyframe" : true,
  "cx" : 514.95098876953125,
  "fx" : 713.9493408203125
}