{
  "t_02" : -0.18049167096614838,
  "t_13" : -0.37674033641815186,
  "cy" : 382.44473266601562,
  "fy" : 713.6031494140625,
  "t_22" : 0.5125923752784729,
  "t_11" : -0.026470785960555077,
  "t_00" : -0.32441705465316772,
  "t_20" : 0.77467805147171021,
  "angular_velocity" : 3.4028234663852886e+38,
  "t_03" : 2.1066792011260986,
  "center_depth" : 1.6847556829452515,
  "t_23" : 1.0610655546188354,
  "t_12" : 0.8394472599029541,
  "t_01" : 0.92853444814682007,
  "timestamp" : 6630663792,
  "blur_score" : 289.0540771484375,
  "t_21" : 0.37030118703842163,
  "t_10" : -0.54279601573944092,
  "width" : 1024,
  "height" : 768,
  "manual_keyframe" : true,
  "cx" : 514.820556640625,
  "fx" : 713.6031494140625
}