{
  "t_02" : -0.14730674028396606,
  "t_13" : -0.43791818618774414,
  "cy" : 382.63314819335938,
  "fy" : 713.9541015625,
  "t_22" : 0.53305745124816895,
  "t_11" : -0.017486268654465675,
  "t_00" : -0.25228500366210938,
  "t_20" : 0.79423463344573975,
  "angular_velocity" : 3.4028234663852886e+38,
  "t_03" : 1.9248695373535156,
  "t_23" : 1.5199277400970459,
  "t_12" : 0.83315694332122803,
  "t_01" : 0.95637494325637817,
  "timestamp" : 6630063745,
  "blur_score" : 327.69583129882812,
  "t_21" : 0.29161828756332397,
  "t_10" : -0.55276006460189819,
  "width" : 1024,
  "height" : 768,
  "manual_keyframe" : true,
  "cx" : 514.98480224609375,
  "fx" : 713.9541015625
}