{
  "t_02" : -0.1636074036359787,
  "t_13" : -0.39588415622711182,
  "cy" : 382.45932006835938,
  "fy" : 713.62371826171875,
  "t_22" : 0.5148736834526062,
  "t_11" : -0.016092224046587944,
  "t_00" : -0.28311824798583984,
  "t_20" : 0.79261636734008789,
  "angular_velocity" : 3.4028234663852886e+38,
  "t_03" : 2.0494916439056396,
  "t_23" : 1.2053287029266357,
  "t_12" : 0.84150904417037964,
  "t_01" : 0.94502729177474976,
  "timestamp" : 6630463777,
  "blur_score" : 297.21636962890625,
  "t_21" : 0.32659509778022766,
  "t_10" : -0.54000306129455566,
  "width" : 1024,
  "height" : 768,
  "manual_keyframe" : true,
  "cx" : 514.90240478515625,
  "fx" : 713.62371826171875
}