{
  "t_02" : -0.27454826235771179,
  "t_13" : -0.2510794997215271,
  "cy" : 382.23370361328125,
  "fy" : 716.55242919921875,
  "t_22" : 0.51703429222106934,
  "t_11" : -0.030981114134192467,
  "t_00" : -0.42643481492996216,
  "t_20" : 0.69022601842880249,
  "angular_velocity" : 3.4028234663852886e+38,
  "t_03" : 2.4724552631378174,
  "t_23" : 0.20837731659412384,
  "t_12" : 0.81073957681655884,
  "t_01" : 0.86184489727020264,
  "timestamp" : 6631963895,
  "blur_score" : 166.06758117675781,
  "t_21" : 0.50622481107711792,
  "t_10" : -0.584586501121521,
  "width" : 1024,
  "height" : 768,
  "manual_keyframe" : true,
  "cx" : 514.715576171875,
  "fx" : 716.55242919921875
}