{
  "t_02" : -0.23755474388599396,
  "t_13" : -0.32224255800247192,
  "cy" : 382.4381103515625,
  "fy" : 713.7413330078125,
  "t_22" : 0.49347969889640808,
  "t_11" : -0.044742602854967117,
  "t_00" : -0.43530687689781189,
  "t_20" : 0.71592962741851807,
  "angular_velocity" : 3.4028234663852886e+38,
  "t_03" : 2.4142274856567383,
  "center_depth" : 1.752021312713623,
  "t_23" : 0.48812368512153625,
  "t_12" : 0.83668714761734009,
  "t_01" : 0.86837530136108398,
  "timestamp" : 6631497191,
  "blur_score" : 201.034912109375,
  "t_21" : 0.49388504028320312,
  "t_10" : -0.54585027694702148,
  "width" : 1024,
  "height" : 768,
  "manual_keyframe" : true,
  "cx" : 514.7171630859375,
  "fx" : 713.7413330078125
}