{
  "t_02" : -0.20634935796260834,
  "t_13" : -0.36105513572692871,
  "cy" : 382.54403686523438,
  "fy" : 713.6031494140625,
  "t_22" : 0.49298584461212158,
  "t_11" : -0.042964763939380646,
  "t_00" : -0.39944928884506226,
  "t_20" : 0.74610400199890137,
  "angular_velocity" : 3.4028234663852886e+38,
  "t_03" : 2.2485275268554688,
  "t_23" : 0.80042904615402222,
  "t_12" : 0.84521293640136719,
  "t_01" : 0.89323019981384277,
  "timestamp" : 6631030488,
  "blur_score" : 231.07408142089844,
  "t_21" : 0.44754195213317871,
  "t_10" : -0.53269988298416138,
  "width" : 1024,
  "height" : 768,
  "manual_keyframe" : true,
  "cx" : 514.70379638671875,
  "fx" : 713.6031494140625
}