{
  "t_02" : -0.1343608945608139,
  "t_13" : -0.14433480799198151,
  "cy" : 382.25933837890625,
  "fy" : 715.58526611328125,
  "t_22" : 0.62956851720809937,
  "t_11" : 0.054426755756139755,
  "t_00" : -0.076461747288703918,
  "t_20" : 0.76335209608078003,
  "angular_velocity" : 3.4028234663852886e+38,
  "t_03" : 2.4347193241119385,
  "t_23" : -0.33920255303382874,
  "t_12" : 0.76523888111114502,
  "t_01" : 0.98797810077667236,
  "timestamp" : 6632730622,
  "blur_score" : 87.240402221679688,
  "t_21" : 0.14469614624977112,
  "t_10" : -0.6414414644241333,
  "width" : 1024,
  "height" : 768,
  "manual_keyframe" : true,
  "cx" : 515.210693359375,
  "fx" : 715.58526611328125
}