{
  "t_02" : -0.25710341334342957,
  "t_13" : -0.22256334125995636,
  "cy" : 382.291015625,
  "fy" : 717.729248046875,
  "t_22" : 0.58084362745285034,
  "t_11" : -0.008175259456038475,
  "t_00" : -0.32435670495033264,
  "t_20" : 0.70098358392715454,
  "angular_velocity" : 3.4028234663852886e+38,
  "t_03" : 2.5009129047393799,
  "t_23" : -0.073962762951850891,
  "t_12" : 0.77234607934951782,
  "t_01" : 0.91032445430755615,
  "timestamp" : 6632363926,
  "blur_score" : 87.355934143066406,
  "t_21" : 0.4138147234916687,
  "t_10" : -0.63514935970306396,
  "width" : 1024,
  "height" : 768,
  "manual_keyframe" : true,
  "cx" : 514.9727783203125,
  "fx" : 717.729248046875
}