{
  "t_02" : -0.051378853619098663,
  "t_13" : -0.059048924595117569,
  "cy" : 382.27420043945312,
  "fy" : 715.6090087890625,
  "t_22" : 0.65907669067382812,
  "t_11" : 0.076400808990001678,
  "t_00" : 0.057296734303236008,
  "t_20" : 0.75201869010925293,
  "angular_velocity" : 3.4028234663852886e+38,
  "t_03" : 2.3320779800415039,
  "t_23" : -0.48537442088127136,
  "t_12" : 0.75031852722167969,
  "t_01" : 0.99703413248062134,
  "timestamp" : 6632963973,
  "blur_score" : 64.369682312011719,
  "t_21" : -0.0092530474066734314,
  "t_10" : -0.65664666891098022,
  "width" : 1024,
  "height" : 768,
  "manual_keyframe" : true,
  "cx" : 515.202392578125,
  "fx" : 715.6090087890625
}