{
  "t_02" : 0.19343273341655731,
  "t_13" : 0.09600888192653656,
  "cy" : 382.87826538085938,
  "fy" : 716.55401611328125,
  "t_22" : 0.6757010817527771,
  "t_11" : 0.07273787260055542,
  "t_00" : 0.29421582818031311,
  "t_20" : 0.65172064304351807,
  "angular_velocity" : 3.4028234663852886e+38,
  "t_03" : 2.0510854721069336,
  "center_depth" : 0.96597939729690552,
  "t_23" : -0.7559933066368103,
  "t_12" : 0.71134501695632935,
  "t_01" : 0.93595981597900391,
  "timestamp" : 6633630692,
  "blur_score" : 132.57498168945312,
  "t_21" : -0.34451174736022949,
  "t_10" : -0.69906884431838989,
  "width" : 1024,
  "height" : 768,
  "manual_keyframe" : true,
  "cx" : 515.06182861328125,
  "fx" : 716.55401611328125
}