{
  "t_02" : 0.13403096795082092,
  "t_13" : 0.075022011995315552,
  "cy" : 382.70172119140625,
  "fy" : 715.40411376953125,
  "t_22" : 0.68693262338638306,
  "t_11" : 0.076748646795749664,
  "t_00" : 0.24358674883842468,
  "t_20" : 0.67580687999725342,
  "angular_velocity" : 3.4028234663852886e+38,
  "t_03" : 2.119096040725708,
  "center_depth" : 0.9534919261932373,
  "t_23" : -0.6957811713218689,
  "t_12" : 0.71425414085388184,
  "t_01" : 0.96057325601577759,
  "timestamp" : 6633430676,
  "blur_score" : 118.96631622314453,
  "t_21" : -0.26722362637519836,
  "t_10" : -0.69566541910171509,
  "width" : 1024,
  "height" : 768,
  "manual_keyframe" : true,
  "cx" : 515.1053466796875,
  "fx" : 715.40411376953125
}