{
  "t_02" : 0.44859474897384644,
  "t_13" : 0.12939320504665375,
  "cy" : 382.82498168945312,
  "fy" : 716.18560791015625,
  "t_22" : 0.53250253200531006,
  "t_11" : 0.11091180145740509,
  "t_00" : 0.57837039232254028,
  "t_20" : 0.43930947780609131,
  "angular_velocity" : 3.4028234663852886e+38,
  "t_03" : 1.8705215454101562,
  "t_23" : -0.76897132396697998,
  "t_12" : 0.71777689456939697,
  "t_01" : 0.68135917186737061,
  "timestamp" : 6634430755,
  "blur_score" : 127.40617370605469,
  "t_21" : -0.72349721193313599,
  "t_10" : -0.68738251924514771,
  "width" : 1024,
  "height" : 768,
  "manual_keyframe" : true,
  "cx" : 515.2596435546875,
  "fx" : 716.18560791015625
}