{
  "t_02" : 0.57755917310714722,
  "t_13" : 0.075985006988048553,
  "cy" : 382.90335083007812,
  "fy" : 716.56195068359375,
  "t_22" : 0.15970535576343536,
  "t_11" : 0.08220016211271286,
  "t_00" : 0.80088323354721069,
  "t_20" : 0.079135067760944366,
  "angular_velocity" : 3.4028234663852886e+38,
  "t_03" : 1.6871705055236816,
  "center_depth" : 1.0704754590988159,
  "t_23" : -0.452117919921875,
  "t_12" : 0.80057442188262939,
  "t_01" : 0.15814957022666931,
  "timestamp" : 6635397497,
  "blur_score" : 102.14224243164062,
  "t_21" : -0.98398762941360474,
  "t_10" : -0.59356838464736938,
  "width" : 1024,
  "height" : 768,
  "manual_keyframe" : true,
  "cx" : 515.2635498046875,
  "fx" : 716.56195068359375
}