{
  "t_02" : 0.558757483959198,
  "t_13" : 0.058879934251308441,
  "cy" : 382.9359130859375,
  "fy" : 716.9669189453125,
  "t_22" : -0.0045362305827438831,
  "t_11" : 0.061268720775842667,
  "t_00" : 0.82340109348297119,
  "t_20" : -0.11633644998073578,
  "angular_velocity" : 3.4028234663852886e+38,
  "t_03" : 1.5130068063735962,
  "t_23" : -0.3547838032245636,
  "t_12" : 0.82931870222091675,
  "t_01" : -0.098999448120594025,
  "timestamp" : 6635864200,
  "blur_score" : 187.90902709960938,
  "t_21" : -0.99319952726364136,
  "t_10" : -0.55540668964385986,
  "width" : 1024,
  "height" : 768,
  "manual_keyframe" : true,
  "cx" : 515.230224609375,
  "fx" : 716.9669189453125
}