{
  "t_02" : 0.56807780265808105,
  "t_13" : 0.11058026552200317,
  "cy" : 382.81637573242188,
  "fy" : 716.23480224609375,
  "t_22" : 0.30712682008743286,
  "t_11" : 0.094060197472572327,
  "t_00" : 0.73375147581100464,
  "t_20" : 0.23112067580223083,
  "angular_velocity" : 3.4028234663852886e+38,
  "t_03" : 1.7771742343902588,
  "center_depth" : 1.0911858081817627,
  "t_23" : -0.56727033853530884,
  "t_12" : 0.7635185718536377,
  "t_01" : 0.37268796563148499,
  "timestamp" : 6635030802,
  "blur_score" : 81.439338684082031,
  "t_21" : -0.92317742109298706,
  "t_10" : -0.63889902830123901,
  "width" : 1024,
  "height" : 768,
  "manual_keyframe" : true,
  "cx" : 515.26348876953125,
  "fx" : 716.23480224609375
}