{
  "t_02" : 0.51869070529937744,
  "t_13" : 0.022901283577084541,
  "cy" : 382.6151123046875,
  "fy" : 716.84149169921875,
  "t_22" : -0.26913982629776001,
  "t_11" : 0.052063174545764923,
  "t_00" : 0.67640191316604614,
  "t_20" : -0.4513477087020874,
  "angular_velocity" : 3.4028234663852886e+38,
  "t_03" : 1.4166761636734009,
  "t_23" : -0.04451439157128334,
  "t_12" : 0.81149470806121826,
  "t_01" : -0.5229153037071228,
  "timestamp" : 6636664263,
  "blur_score" : 100.39263916015625,
  "t_21" : -0.85079306364059448,
  "t_10" : -0.58203577995300293,
  "width" : 1024,
  "height" : 768,
  "manual_keyframe" : true,
  "cx" : 514.7386474609375,
  "fx" : 716.84149169921875
}