{
  "t_02" : 0.54635608196258545,
  "t_13" : 0.040065526962280273,
  "cy" : 382.66064453125,
  "fy" : 716.857421875,
  "t_22" : -0.13493900001049042,
  "t_11" : 0.060118637979030609,
  "t_00" : 0.77229171991348267,
  "t_20" : -0.30077624320983887,
  "angular_velocity" : 3.4028234663852886e+38,
  "t_03" : 1.4305261373519897,
  "t_23" : -0.2118050754070282,
  "t_12" : 0.82661145925521851,
  "t_01" : -0.32413053512573242,
  "timestamp" : 6636264231,
  "blur_score" : 155.70677185058594,
  "t_21" : -0.94410014152526855,
  "t_10" : -0.55955266952514648,
  "width" : 1024,
  "height" : 768,
  "manual_keyframe" : true,
  "cx" : 514.8203125,
  "fx" : 716.857421875
}