{
  "t_02" : 0.498151034116745,
  "t_13" : 0.028692234307527542,
  "cy" : 382.67605590820312,
  "fy" : 716.82720947265625,
  "t_22" : -0.35242003202438354,
  "t_11" : 0.039449799805879593,
  "t_00" : 0.60806447267532349,
  "t_20" : -0.50937145948410034,
  "angular_velocity" : 3.4028234663852886e+38,
  "t_03" : 1.4405250549316406,
  "center_depth" : 0.98171323537826538,
  "t_23" : 0.043161716312170029,
  "t_12" : 0.79224073886871338,
  "t_01" : -0.618144690990448,
  "timestamp" : 6636930950,
  "blur_score" : 111.63520050048828,
  "t_21" : -0.78507363796234131,
  "t_10" : -0.60893189907073975,
  "width" : 1024,
  "height" : 768,
  "manual_keyframe" : true,
  "cx" : 514.77978515625,
  "fx" : 716.82720947265625
}