{
  "t_02" : 0.53314048051834106,
  "t_13" : 0.11624307930469513,
  "cy" : 382.69924926757812,
  "fy" : 715.09918212890625,
  "t_22" : -0.65038067102432251,
  "t_11" : 0.044218901544809341,
  "t_00" : 0.30188211798667908,
  "t_20" : -0.45120790600776672,
  "angular_velocity" : 3.4028234663852886e+38,
  "t_03" : 1.6672635078430176,
  "t_23" : 0.16105233132839203,
  "t_12" : 0.54107856750488281,
  "t_01" : -0.79033422470092773,
  "timestamp" : 6637797685,
  "blur_score" : 93.125556945800781,
  "t_21" : -0.61107796430587769,
  "t_10" : -0.83980864286422729,
  "width" : 1024,
  "height" : 768,
  "manual_keyframe" : true,
  "cx" : 515.32989501953125,
  "fx" : 715.09918212890625
}