{
  "t_02" : 0.48910179734230042,
  "t_13" : 0.037364549934864044,
  "cy" : 382.73165893554688,
  "fy" : 716.8446044921875,
  "t_22" : -0.40189525485038757,
  "t_11" : 0.035671934485435486,
  "t_00" : 0.56137686967849731,
  "t_20" : -0.53421735763549805,
  "angular_velocity" : 3.4028234663852886e+38,
  "t_03" : 1.4740843772888184,
  "center_depth" : 0.93829846382141113,
  "t_23" : 0.090945571660995483,
  "t_12" : 0.77411848306655884,
  "t_01" : -0.66755920648574829,
  "timestamp" : 6637130966,
  "blur_score" : 130.80770874023438,
  "t_21" : -0.7437015175819397,
  "t_10" : -0.63203465938568115,
  "width" : 1024,
  "height" : 768,
  "manual_keyframe" : true,
  "cx" : 514.8583984375,
  "fx" : 716.8446044921875
}