{
  "t_02" : 0.49410700798034668,
  "t_13" : 0.049775458872318268,
  "cy" : 382.736083984375,
  "fy" : 716.5555419921875,
  "t_22" : -0.44269150495529175,
  "t_11" : 0.035450942814350128,
  "t_00" : 0.52084058523178101,
  "t_20" : -0.5383906364440918,
  "angular_velocity" : 3.4028234663852886e+38,
  "t_03" : 1.5048507452011108,
  "center_depth" : 1.0139927864074707,
  "t_23" : 0.11326801031827927,
  "t_12" : 0.74825292825698853,
  "t_01" : -0.69612020254135132,
  "timestamp" : 6637264310,
  "blur_score" : 207.45755004882812,
  "t_21" : -0.71704941987991333,
  "t_10" : -0.66246557235717773,
  "width" : 1024,
  "height" : 768,
  "manual_keyframe" : true,
  "cx" : 514.90850830078125,
  "fx" : 716.5555419921875
}