{
  "t_02" : 0.54886424541473389,
  "t_13" : 0.16684125363826752,
  "cy" : 382.67263793945312,
  "fy" : 714.3734130859375,
  "t_22" : -0.7646440863609314,
  "t_11" : 0.077219456434249878,
  "t_00" : 0.12963362038135529,
  "t_20" : -0.32128718495368958,
  "angular_velocity" : 3.4028234663852886e+38,
  "t_03" : 1.7942572832107544,
  "t_23" : 0.14595478773117065,
  "t_12" : 0.33773872256278992,
  "t_01" : -0.82579851150512695,
  "timestamp" : 6638097708,
  "blur_score" : 76.217094421386719,
  "t_21" : -0.55865377187728882,
  "t_10" : -0.93806701898574829,
  "width" : 1024,
  "height" : 768,
  "manual_keyframe" : true,
  "cx" : 515.77288818359375,
  "fx" : 714.3734130859375
}