{
  "t_02" : 0.55294322967529297,
  "t_13" : 0.19210520386695862,
  "cy" : 382.73782348632812,
  "fy" : 712.6961669921875,
  "t_22" : -0.80954164266586304,
  "t_11" : 0.1992645263671875,
  "t_00" : -0.27675575017929077,
  "t_20" : 0.044816136360168457,
  "angular_velocity" : 3.4028234663852886e+38,
  "t_03" : 2.0177907943725586,
  "t_23" : 0.1051364466547966,
  "t_12" : -0.19722035527229309,
  "t_01" : -0.78591328859329224,
  "timestamp" : 6638531075,
  "blur_score" : 54.926959991455078,
  "t_21" : -0.58534920215606689,
  "t_10" : -0.95989459753036499,
  "width" : 1024,
  "height" : 768,
  "manual_keyframe" : true,
  "cx" : 516.3179931640625,
  "fx" : 712.6961669921875
}