{
  "t_02" : 0.57331442832946777,
  "t_13" : 0.18268370628356934,
  "cy" : 382.66452026367188,
  "fy" : 713.5062255859375,
  "t_22" : -0.81110763549804688,
  "t_11" : 0.11981113255023956,
  "t_00" : -0.032136902213096619,
  "t_20" : -0.16351349651813507,
  "angular_velocity" : 3.4028234663852886e+38,
  "t_03" : 1.8830811977386475,
  "t_23" : 0.12360209226608276,
  "t_12" : 0.11582197993993759,
  "t_01" : -0.81870484352111816,
  "timestamp" : 6638264388,
  "blur_score" : 58.851417541503906,
  "t_21" : -0.56157582998275757,
  "t_10" : -0.98601746559143066,
  "width" : 1024,
  "height" : 768,
  "manual_keyframe" : true,
  "cx" : 515.98516845703125,
  "fx" : 713.5062255859375
}