{
  "t_02" : 0.02626512385904789,
  "t_13" : 0.14206366240978241,
  "cy" : 382.84295654296875,
  "fy" : 713.9144287109375,
  "t_22" : -0.7745128870010376,
  "t_11" : -0.0032454186584800482,
  "t_00" : -0.017234718427062035,
  "t_20" : 0.6317858099937439,
  "angular_velocity" : 3.4028234663852886e+38,
  "t_03" : 2.3634545803070068,
  "t_23" : 0.072552904486656189,
  "t_12" : -0.63201248645782471,
  "t_01" : -0.99950641393661499,
  "timestamp" : 6639831177,
  "blur_score" : 39.707969665527344,
  "t_21" : -0.031246751546859741,
  "t_10" : -0.77495133876800537,
  "width" : 1024,
  "height" : 768,
  "manual_keyframe" : true,
  "cx" : 515.97943115234375,
  "fx" : 713.9144287109375
}