{
  "t_02" : 0.32511225342750549,
  "t_13" : 0.17806443572044373,
  "cy" : 383.32070922851562,
  "fy" : 712.98211669921875,
  "t_22" : -0.81143462657928467,
  "t_11" : 0.12371208518743515,
  "t_00" : -0.31018492579460144,
  "t_20" : 0.39365693926811218,
  "angular_velocity" : 3.4028234663852886e+38,
  "t_03" : 2.2462315559387207,
  "t_23" : 0.067714065313339233,
  "t_12" : -0.48567041754722595,
  "t_01" : -0.89335733652114868,
  "timestamp" : 6639131123,
  "blur_score" : 27.495307922363281,
  "t_21" : -0.4319814145565033,
  "t_10" : -0.86534357070922852,
  "width" : 1024,
  "height" : 768,
  "manual_keyframe" : true,
  "cx" : 516.46893310546875,
  "fx" : 712.98211669921875
}