{
  "t_02" : -0.3591482937335968,
  "t_13" : 0.16350547969341278,
  "cy" : 382.2086181640625,
  "fy" : 714.8038330078125,
  "t_22" : -0.65597057342529297,
  "t_11" : -0.060888759791851044,
  "t_00" : 0.38916948437690735,
  "t_20" : 0.54126667976379395,
  "angular_velocity" : 3.4028234663852886e+38,
  "t_03" : 2.4113986492156982,
  "center_depth" : 1.5701127052307129,
  "t_23" : 0.14956054091453552,
  "t_12" : -0.66386359930038452,
  "t_01" : -0.84826862812042236,
  "timestamp" : 6640564568,
  "blur_score" : 59.702198028564453,
  "t_21" : 0.5260540246963501,
  "t_10" : -0.74537068605422974,
  "width" : 1024,
  "height" : 768,
  "manual_keyframe" : true,
  "cx" : 515.67498779296875,
  "fx" : 714.8038330078125
}