{
  "t_02" : -0.41995528340339661,
  "t_13" : 0.15887360274791718,
  "cy" : 382.10675048828125,
  "fy" : 714.5068359375,
  "t_22" : -0.6162605881690979,
  "t_11" : -0.063200019299983978,
  "t_00" : 0.44385793805122375,
  "t_20" : 0.50084406137466431,
  "angular_velocity" : 3.4028234663852886e+38,
  "t_03" : 2.438976526260376,
  "center_depth" : 1.5708063840866089,
  "t_23" : 0.14924292266368866,
  "t_12" : -0.66622847318649292,
  "t_01" : -0.79159820079803467,
  "timestamp" : 6640697912,
  "blur_score" : 66.232536315917969,
  "t_21" : 0.6077648401260376,
  "t_10" : -0.74306482076644897,
  "width" : 1024,
  "height" : 768,
  "manual_keyframe" : true,
  "cx" : 515.648681640625,
  "fx" : 714.5068359375
}