{
  "t_02" : -0.079571574926376343,
  "t_13" : 0.15102122724056244,
  "cy" : 382.71533203125,
  "fy" : 714.20660400390625,
  "t_22" : -0.7530096173286438,
  "t_11" : -0.030402142554521561,
  "t_00" : 0.10851328819990158,
  "t_20" : 0.64482080936431885,
  "angular_velocity" : 3.4028234663852886e+38,
  "t_03" : 2.3577313423156738,
  "center_depth" : 1.5929021835327148,
  "t_23" : 0.094011425971984863,
  "t_12" : -0.65318042039871216,
  "t_01" : -0.99090510606765747,
  "timestamp" : 6640031193,
  "blur_score" : 50.118324279785156,
  "t_21" : 0.13108198344707489,
  "t_10" : -0.7565915584564209,
  "width" : 1024,
  "height" : 768,
  "manual_keyframe" : true,
  "cx" : 515.90411376953125,
  "fx" : 714.20660400390625
}