{
  "t_02" : -0.61580842733383179,
  "t_13" : 0.14232760667800903,
  "cy" : 382.19210815429688,
  "fy" : 715.2152099609375,
  "t_22" : -0.19740666449069977,
  "t_11" : -0.097543276846408844,
  "t_00" : 0.76409155130386353,
  "t_20" : 0.086542300879955292,
  "angular_velocity" : 3.4028234663852886e+38,
  "t_03" : 2.6315450668334961,
  "t_23" : 0.1970629096031189,
  "t_12" : -0.76276510953903198,
  "t_01" : -0.19220893085002899,
  "timestamp" : 6641664654,
  "blur_score" : 43.502285003662109,
  "t_21" : 0.97649425268173218,
  "t_10" : -0.63927668333053589,
  "width" : 1024,
  "height" : 768,
  "manual_keyframe" : true,
  "cx" : 515.488525390625,
  "fx" : 715.2152099609375
}