{
  "t_02" : -0.57652151584625244,
  "t_13" : 0.14402821660041809,
  "cy" : 382.1180419921875,
  "fy" : 714.811767578125,
  "t_22" : -0.39278692007064819,
  "t_11" : -0.1000925675034523,
  "t_00" : 0.66677480936050415,
  "t_20" : 0.28066226840019226,
  "angular_velocity" : 3.4028234663852886e+38,
  "t_03" : 2.5621094703674316,
  "t_23" : 0.14794103801250458,
  "t_12" : -0.71647846698760986,
  "t_01" : -0.47226506471633911,
  "timestamp" : 6641297959,
  "blur_score" : 51.411739349365234,
  "t_21" : 0.8757551908493042,
  "t_10" : -0.6903911828994751,
  "width" : 1024,
  "height" : 768,
  "manual_keyframe" : true,
  "cx" : 515.6204833984375,
  "fx" : 714.811767578125
}