{
  "t_02" : -0.61680257320404053,
  "t_13" : 0.1475641280412674,
  "cy" : 382.07977294921875,
  "fy" : 715.60107421875,
  "t_22" : 0.049010992050170898,
  "t_11" : -0.07453995943069458,
  "t_00" : 0.76787632703781128,
  "t_20" : -0.18186426162719727,
  "angular_velocity" : 3.4028234663852886e+38,
  "t_03" : 2.6781904697418213,
  "center_depth" : 1.3499777317047119,
  "t_23" : 0.22821466624736786,
  "t_12" : -0.78559046983718872,
  "t_01" : 0.17297536134719849,
  "timestamp" : 6641998014,
  "blur_score" : 48.783355712890625,
  "t_21" : 0.98210138082504272,
  "t_10" : -0.61424040794372559,
  "width" : 1024,
  "height" : 768,
  "manual_keyframe" : true,
  "cx" : 515.33782958984375,
  "fx" : 715.60107421875
}