{
  "t_02" : -0.54961138963699341,
  "t_13" : 0.13843525946140289,
  "cy" : 381.91864013671875,
  "fy" : 715.0928955078125,
  "t_22" : 0.27964639663696289,
  "t_11" : -0.049768641591072083,
  "t_00" : 0.66273969411849976,
  "t_20" : -0.42775928974151611,
  "angular_velocity" : 3.4028234663852886e+38,
  "t_03" : 2.690159797668457,
  "t_23" : 0.20252209901809692,
  "t_12" : -0.78722608089447021,
  "t_01" : 0.5086287260055542,
  "timestamp" : 6642364709,
  "blur_score" : 47.989360809326172,
  "t_21" : 0.85954618453979492,
  "t_10" : -0.61465263366699219,
  "width" : 1024,
  "height" : 768,
  "manual_keyframe" : true,
  "cx" : 515.1324462890625,
  "fx" : 715.0928955078125
}