{
  "t_02" : -0.41498395800590515,
  "t_13" : 0.13785067200660706,
  "cy" : 382.01480102539062,
  "fy" : 715.09918212890625,
  "t_22" : 0.4758676290512085,
  "t_11" : -0.050643578171730042,
  "t_00" : 0.44757583737373352,
  "t_20" : -0.63527864217758179,
  "angular_velocity" : 3.4028234663852886e+38,
  "t_03" : 2.6182861328125,
  "center_depth" : 1.3838677406311035,
  "t_23" : 0.15586976706981659,
  "t_12" : -0.77546000480651855,
  "t_01" : 0.7921263575553894,
  "timestamp" : 6642798077,
  "blur_score" : 48.433006286621094,
  "t_21" : 0.60825240612030029,
  "t_10" : -0.62936234474182129,
  "width" : 1024,
  "height" : 768,
  "manual_keyframe" : true,
  "cx" : 515.24945068359375,
  "fx" : 715.09918212890625
}