{
  "t_02" : -0.047827064990997314,
  "t_13" : 0.12215115129947662,
  "cy" : 382.21676635742188,
  "fy" : 715.0833740234375,
  "t_22" : 0.63975483179092407,
  "t_11" : -0.033953849226236343,
  "t_00" : 0.0043284231796860695,
  "t_20" : -0.76782846450805664,
  "angular_velocity" : 3.4028234663852886e+38,
  "t_03" : 2.4084804058074951,
  "t_23" : 0.10916794091463089,
  "t_12" : -0.76708948612213135,
  "t_01" : 0.99884623289108276,
  "timestamp" : 6643531467,
  "blur_score" : 21.712570190429688,
  "t_21" : 0.033960267901420593,
  "t_10" : -0.64064091444015503,
  "width" : 1024,
  "height" : 768,
  "manual_keyframe" : true,
  "cx" : 515.15228271484375,
  "fx" : 715.0833740234375
}