{
  "t_02" : 0.25158682465553284,
  "t_13" : 0.14526712894439697,
  "cy" : 382.45458984375,
  "fy" : 715.41851806640625,
  "t_22" : 0.60402208566665649,
  "t_11" : -0.0066761365160346031,
  "t_00" : -0.30016797780990601,
  "t_20" : -0.69412195682525635,
  "angular_velocity" : 3.4028234663852886e+38,
  "t_03" : 2.3538804054260254,
  "center_depth" : 1.3975825309753418,
  "t_23" : 0.063455186784267426,
  "t_12" : -0.75621521472930908,
  "t_01" : 0.92011046409606934,
  "timestamp" : 6644064842,
  "blur_score" : 18.38818359375,
  "t_21" : -0.39160212874412537,
  "t_10" : -0.6542888879776001,
  "width" : 1024,
  "height" : 768,
  "manual_keyframe" : true,
  "cx" : 515.20556640625,
  "fx" : 715.41851806640625
}