{
  "t_02" : 0.48221036791801453,
  "t_13" : 0.16117110848426819,
  "cy" : 382.44073486328125,
  "fy" : 715.7091064453125,
  "t_22" : 0.45422863960266113,
  "t_11" : 0.019497208297252655,
  "t_00" : -0.52486079931259155,
  "t_20" : -0.53483718633651733,
  "angular_velocity" : 3.4028234663852886e+38,
  "t_03" : 2.3391213417053223,
  "center_depth" : 1.4088187217712402,
  "t_23" : 0.02589435875415802,
  "t_12" : -0.74909907579421997,
  "t_01" : 0.70142310857772827,
  "timestamp" : 6644531546,
  "blur_score" : 16.176803588867188,
  "t_21" : -0.7124783992767334,
  "t_10" : -0.6621708869934082,
  "width" : 1024,
  "height" : 768,
  "manual_keyframe" : true,
  "cx" : 515.256591796875,
  "fx" : 715.7091064453125
}