{
  "t_02" : 0.68302822113037109,
  "t_13" : 0.15870940685272217,
  "cy" : 382.2674560546875,
  "fy" : 714.18121337890625,
  "t_22" : 0.10426529496908188,
  "t_11" : -0.0077251214534044266,
  "t_00" : -0.71627575159072876,
  "t_20" : -0.098030462861061096,
  "angular_velocity" : 3.4028234663852886e+38,
  "t_03" : 2.2050771713256836,
  "t_23" : 0.18976132571697235,
  "t_12" : -0.722911536693573,
  "t_01" : 0.14290396869182587,
  "timestamp" : 6645431616,
  "blur_score" : 32.600059509277344,
  "t_21" : -0.98970633745193481,
  "t_10" : -0.69089734554290771,
  "width" : 1024,
  "height" : 768,
  "manual_keyframe" : true,
  "cx" : 515.40545654296875,
  "fx" : 714.18121337890625
}