{
  "t_02" : 0.65963387489318848,
  "t_13" : 0.14458420872688293,
  "cy" : 382.48397827148438,
  "fy" : 715.0833740234375,
  "t_22" : -0.1880640983581543,
  "t_11" : -0.025042343884706497,
  "t_00" : -0.68931585550308228,
  "t_20" : 0.23449054360389709,
  "angular_velocity" : 3.4028234663852886e+38,
  "t_03" : 2.0645503997802734,
  "t_23" : 0.31364169716835022,
  "t_12" : -0.72767770290374756,
  "t_01" : -0.29954430460929871,
  "timestamp" : 6646131671,
  "blur_score" : 34.068107604980469,
  "t_21" : -0.95375365018844604,
  "t_10" : -0.68546175956726074,
  "width" : 1024,
  "height" : 768,
  "manual_keyframe" : true,
  "cx" : 515.41827392578125,
  "fx" : 715.0833740234375
}