{
  "t_02" : 0.56795632839202881,
  "t_13" : 0.15011544525623322,
  "cy" : 382.38067626953125,
  "fy" : 714.5179443359375,
  "t_22" : -0.44834962487220764,
  "t_11" : -0.030704550445079803,
  "t_00" : -0.51498150825500488,
  "t_20" : 0.46059221029281616,
  "angular_velocity" : 3.4028234663852886e+38,
  "t_03" : 1.9870768785476685,
  "center_depth" : 1.5516188144683838,
  "t_23" : 0.35211843252182007,
  "t_12" : -0.69022339582443237,
  "t_01" : -0.64204347133636475,
  "timestamp" : 6646598374,
  "blur_score" : 43.089641571044922,
  "t_21" : -0.76605331897735596,
  "t_10" : -0.72294467687606812,
  "width" : 1024,
  "height" : 768,
  "manual_keyframe" : true,
  "cx" : 515.41302490234375,
  "fx" : 714.5179443359375
}