{
  "t_02" : 0.22706909477710724,
  "t_13" : 0.043037056922912598,
  "cy" : 382.1951904296875,
  "fy" : 713.9112548828125,
  "t_22" : -0.8221745491027832,
  "t_11" : -0.049224052578210831,
  "t_00" : -0.083101093769073486,
  "t_20" : 0.5176735520362854,
  "angular_velocity" : 3.4028234663852886e+38,
  "t_03" : 2.0367488861083984,
  "center_depth" : 2.2467241287231445,
  "t_23" : 0.61546272039413452,
  "t_12" : -0.52198529243469238,
  "t_01" : -0.97032666206359863,
  "timestamp" : 6647665124,
  "blur_score" : 46.194072723388672,
  "t_21" : -0.23673434555530548,
  "t_10" : -0.85153287649154663,
  "width" : 1024,
  "height" : 768,
  "manual_keyframe" : true,
  "cx" : 515.699462890625,
  "fx" : 713.9112548828125
}