{
  "t_02" : 0.37509170174598694,
  "t_13" : 0.11652174592018127,
  "cy" : 382.127685546875,
  "fy" : 714.18121337890625,
  "t_22" : -0.67181730270385742,
  "t_11" : -0.047708768397569656,
  "t_00" : -0.25663325190544128,
  "t_20" : 0.5868416428565979,
  "angular_velocity" : 3.4028234663852886e+38,
  "t_03" : 2.0019955635070801,
  "t_23" : 0.44359695911407471,
  "t_12" : -0.63872337341308594,
  "t_01" : -0.89075559377670288,
  "timestamp" : 6647165085,
  "blur_score" : 32.548770904541016,
  "t_21" : -0.45197156071662903,
  "t_10" : -0.76795589923858643,
  "width" : 1024,
  "height" : 768,
  "manual_keyframe" : true,
  "cx" : 515.60205078125,
  "fx" : 714.18121337890625
}