{
  "t_02" : 0.16237838566303253,
  "t_13" : -0.34381532669067383,
  "cy" : 382.15481567382812,
  "fy" : 711.22393798828125,
  "t_22" : -0.85788005590438843,
  "t_11" : -0.11692505329847336,
  "t_00" : 0.22143176198005676,
  "t_20" : -0.44979399442672729,
  "angular_velocity" : 3.4028234663852886e+38,
  "t_03" : 1.9564517736434937,
  "t_23" : 1.2078940868377686,
  "t_12" : 0.48751938343048096,
  "t_01" : -0.96156197786331177,
  "timestamp" : 6648865218,
  "blur_score" : 159.51498413085938,
  "t_21" : -0.24844978749752045,
  "t_10" : -0.86524760723114014,
  "width" : 1024,
  "height" : 768,
  "manual_keyframe" : true,
  "cx" : 516.7066650390625,
  "fx" : 711.22393798828125
}