{
  "t_02" : 0.21146881580352783,
  "t_13" : -0.042696509510278702,
  "cy" : 382.2686767578125,
  "fy" : 713.328369140625,
  "t_22" : -0.94809061288833618,
  "t_11" : -0.13985420763492584,
  "t_00" : 0.089356563985347748,
  "t_20" : 0.26072931289672852,
  "angular_velocity" : 3.4028234663852886e+38,
  "t_03" : 2.054530143737793,
  "center_depth" : 4.5431628227233887,
  "t_23" : 0.83631569147109985,
  "t_12" : -0.23749768733978271,
  "t_01" : -0.97329151630401611,
  "timestamp" : 6648031820,
  "blur_score" : 53.538921356201172,
  "t_21" : -0.18205617368221283,
  "t_10" : -0.96126770973205566,
  "width" : 1024,
  "height" : 768,
  "manual_keyframe" : true,
  "cx" : 515.81280517578125,
  "fx" : 713.328369140625
}