{
  "t_02" : 0.21094907820224762,
  "t_13" : -0.18507964909076691,
  "cy" : 382.17291259765625,
  "fy" : 711.8433837890625,
  "t_22" : -0.9623909592628479,
  "t_11" : -0.13256095349788666,
  "t_00" : 0.16774594783782959,
  "t_20" : -0.13688702881336212,
  "angular_velocity" : 3.4028234663852886e+38,
  "t_03" : 2.0292623043060303,
  "center_depth" : 4.6611051559448242,
  "t_23" : 1.0602098703384399,
  "t_12" : 0.17118512094020844,
  "t_01" : -0.96299618482589722,
  "timestamp" : 6648398515,
  "blur_score" : 97.256385803222656,
  "t_21" : -0.23466102778911591,
  "t_10" : -0.9762803316116333,
  "width" : 1024,
  "height" : 768,
  "manual_keyframe" : true,
  "cx" : 516.254638671875,
  "fx" : 711.8433837890625
}