{
  "t_02" : 0.11167469620704651,
  "t_13" : -0.45222765207290649,
  "cy" : 382.03033447265625,
  "fy" : 711.85125732421875,
  "t_22" : -0.75158131122589111,
  "t_11" : -0.10812383890151978,
  "t_00" : 0.23533162474632263,
  "t_20" : -0.6156005859375,
  "angular_velocity" : 3.4028234663852886e+38,
  "t_03" : 1.9595997333526611,
  "center_depth" : 2.0526571273803711,
  "t_23" : 1.2449079751968384,
  "t_12" : 0.65011864900588989,
  "t_01" : -0.96547800302505493,
  "timestamp" : 6649098570,
  "blur_score" : 143.94091796875,
  "t_21" : -0.23698402941226959,
  "t_10" : -0.75210034847259521,
  "width" : 1024,
  "height" : 768,
  "manual_keyframe" : true,
  "cx" : 516.367919921875,
  "fx" : 711.85125732421875
}