{
  "t_02" : 0.068094857037067413,
  "t_13" : -0.54491710662841797,
  "cy" : 382.00912475585938,
  "fy" : 713.604736328125,
  "t_22" : -0.53568083047866821,
  "t_11" : -0.07219996303319931,
  "t_00" : 0.23782305419445038,
  "t_20" : -0.81059366464614868,
  "angular_velocity" : 3.4028234663852886e+38,
  "t_03" : 1.9910835027694702,
  "center_depth" : 1.4714637994766235,
  "t_23" : 1.2625885009765625,
  "t_12" : 0.84167033433914185,
  "t_01" : -0.96891850233078003,
  "timestamp" : 6649531937,
  "blur_score" : 570.9464111328125,
  "t_21" : -0.23660910129547119,
  "t_10" : -0.53514289855957031,
  "width" : 1024,
  "height" : 768,
  "manual_keyframe" : true,
  "cx" : 515.74920654296875,
  "fx" : 713.604736328125
}