{
  "t_02" : 0.072192296385765076,
  "t_13" : -0.51277846097946167,
  "cy" : 381.99679565429688,
  "fy" : 712.49615478515625,
  "t_22" : -0.64250701665878296,
  "t_11" : -0.098227247595787048,
  "t_00" : 0.23516690731048584,
  "t_20" : -0.73233747482299805,
  "angular_velocity" : 3.4028234663852886e+38,
  "t_03" : 1.9707475900650024,
  "center_depth" : 1.6592334508895874,
  "t_23" : 1.251232385635376,
  "t_12" : 0.76287156343460083,
  "t_01" : -0.96927028894424438,
  "timestamp" : 6649265250,
  "blur_score" : 171.6466064453125,
  "t_21" : -0.22553624212741852,
  "t_10" : -0.63904488086700439,
  "width" : 1024,
  "height" : 768,
  "manual_keyframe" : true,
  "cx" : 516.114013671875,
  "fx" : 712.49615478515625
}