{
  "t_02" : 0.14093068242073059,
  "t_13" : -0.47425743937492371,
  "cy" : 382.49996948242188,
  "fy" : 714.2542724609375,
  "t_22" : -0.55321109294891357,
  "t_11" : -0.0070577575825154781,
  "t_00" : 0.21464978158473969,
  "t_20" : -0.79250949621200562,
  "angular_velocity" : 3.4028234663852886e+38,
  "t_03" : 1.9693089723587036,
  "t_23" : 1.5055911540985107,
  "t_12" : 0.82103335857391357,
  "t_01" : -0.96646976470947266,
  "timestamp" : 6650332000,
  "blur_score" : 474.50741577148438,
  "t_21" : -0.25668302178382874,
  "t_10" : -0.57083630561828613,
  "width" : 1024,
  "height" : 768,
  "manual_keyframe" : true,
  "cx" : 515.04925537109375,
  "fx" : 714.2542724609375
}