{
  "t_02" : 0.14002670347690582,
  "t_13" : -0.45450848340988159,
  "cy" : 382.51364135742188,
  "fy" : 713.94610595703125,
  "t_22" : -0.58136367797851562,
  "t_11" : 0.0015770233003422618,
  "t_00" : 0.18511773645877838,
  "t_20" : -0.77983510494232178,
  "angular_velocity" : 3.4028234663852886e+38,
  "t_03" : 1.9004918336868286,
  "t_23" : 1.7948997020721436,
  "t_12" : 0.80150407552719116,
  "t_01" : -0.97268903255462646,
  "timestamp" : 6650798703,
  "blur_score" : 471.83303833007812,
  "t_21" : -0.23210678994655609,
  "t_10" : -0.59798717498779297,
  "width" : 1024,
  "height" : 768,
  "manual_keyframe" : true,
  "cx" : 515.0540771484375,
  "fx" : 713.94610595703125
}