{
  "t_02" : 0.14743970334529877,
  "t_13" : -0.45719647407531738,
  "cy" : 382.62957763671875,
  "fy" : 713.98114013671875,
  "t_22" : -0.58214622735977173,
  "t_11" : -0.0070750261656939983,
  "t_00" : 0.20772379636764526,
  "t_20" : -0.77218413352966309,
  "angular_velocity" : 3.4028234663852886e+38,
  "t_03" : 1.7628285884857178,
  "center_depth" : 1.6579406261444092,
  "t_23" : 2.4283683300018311,
  "t_12" : 0.79960447549819946,
  "t_01" : -0.96701210737228394,
  "timestamp" : 6651632102,
  "blur_score" : 664.8482666015625,
  "t_21" : -0.25463223457336426,
  "t_10" : -0.60048526525497437,
  "width" : 1024,
  "height" : 768,
  "manual_keyframe" : true,
  "cx" : 515.11444091796875,
  "fx" : 713.98114013671875
}