{
  "t_02" : 0.13875505328178406,
  "t_13" : -0.44150930643081665,
  "cy" : 382.45672607421875,
  "fy" : 713.693603515625,
  "t_22" : -0.58641940355300903,
  "t_11" : 0.0014447983121499419,
  "t_00" : 0.181418776512146,
  "t_20" : -0.77714139223098755,
  "angular_velocity" : 3.4028234663852886e+38,
  "t_03" : 1.865004301071167,
  "center_depth" : 1.6833310127258301,
  "t_23" : 2.0736336708068848,
  "t_12" : 0.79803466796875,
  "t_01" : -0.9735679030418396,
  "timestamp" : 6651165399,
  "blur_score" : 580.62744140625,
  "t_21" : -0.22839361429214478,
  "t_10" : -0.60260975360870361,
  "width" : 1024,
  "height" : 768,
  "manual_keyframe" : true,
  "cx" : 515.17205810546875,
  "fx" : 713.693603515625
}