{
  "t_02" : 0.16846121847629547,
  "t_13" : -0.44999998807907104,
  "cy" : 382.63290405273438,
  "fy" : 713.9715576171875,
  "t_22" : -0.56633055210113525,
  "t_11" : -0.018756041303277016,
  "t_00" : 0.26033440232276917,
  "t_20" : -0.76385098695755005,
  "angular_velocity" : 3.4028234663852886e+38,
  "t_03" : 1.6415338516235352,
  "t_23" : 2.7286994457244873,
  "t_12" : 0.80677783489227295,
  "t_01" : -0.95070862770080566,
  "timestamp" : 6652032133,
  "blur_score" : 621.6090087890625,
  "t_21" : -0.30951797962188721,
  "t_10" : -0.5905570387840271,
  "width" : 1024,
  "height" : 768,
  "manual_keyframe" : true,
  "cx" : 515.09710693359375,
  "fx" : 713.9715576171875
}