{
  "t_02" : 0.34456154704093933,
  "t_13" : -0.45995768904685974,
  "cy" : 382.6456298828125,
  "fy" : 713.99066162109375,
  "t_22" : -0.4570138156414032,
  "t_11" : -0.03688802570104599,
  "t_00" : 0.54409199953079224,
  "t_20" : -0.61460566520690918,
  "angular_velocity" : 3.4028234663852886e+38,
  "t_03" : 1.3159034252166748,
  "t_23" : 3.2518823146820068,
  "t_12" : 0.82000946998596191,
  "t_01" : -0.76501047611236572,
  "timestamp" : 6652898868,
  "blur_score" : 518.9591064453125,
  "t_21" : -0.64296036958694458,
  "t_10" : -0.57115978002548218,
  "width" : 1024,
  "height" : 768,
  "manual_keyframe" : true,
  "cx" : 514.9559326171875,
  "fx" : 713.99066162109375
}