{
  "t_02" : 0.26810774207115173,
  "t_13" : -0.44227850437164307,
  "cy" : 382.4901123046875,
  "fy" : 713.9541015625,
  "t_22" : -0.51855158805847168,
  "t_11" : -0.029864020645618439,
  "t_00" : 0.41785278916358948,
  "t_20" : -0.69678789377212524,
  "angular_velocity" : 3.4028234663852886e+38,
  "t_03" : 1.5253660678863525,
  "t_23" : 3.0165214538574219,
  "t_12" : 0.81192511320114136,
  "t_01" : -0.86805373430252075,
  "timestamp" : 6652465501,
  "blur_score" : 530.29559326171875,
  "t_21" : -0.49557125568389893,
  "t_10" : -0.58299714326858521,
  "width" : 1024,
  "height" : 768,
  "manual_keyframe" : true,
  "cx" : 514.95928955078125,
  "fx" : 713.9541015625
}