{
  "t_02" : 0.46381273865699768,
  "t_13" : -0.44841974973678589,
  "cy" : 382.47610473632812,
  "fy" : 713.919189453125,
  "t_22" : -0.30039435625076294,
  "t_11" : -0.016441324725747108,
  "t_00" : 0.71541225910186768,
  "t_20" : -0.42789793014526367,
  "angular_velocity" : 3.4028234663852886e+38,
  "t_03" : 1.0644896030426025,
  "t_23" : 3.490607738494873,
  "t_12" : 0.83345127105712891,
  "t_01" : -0.52255433797836304,
  "timestamp" : 6653498915,
  "blur_score" : 459.3564453125,
  "t_21" : -0.85244739055633545,
  "t_10" : -0.55234831571578979,
  "width" : 1024,
  "height" : 768,
  "manual_keyframe" : true,
  "cx" : 514.7830810546875,
  "fx" : 713.919189453125
}