{
  "t_02" : 0.5504414439201355,
  "t_13" : -0.44323915243148804,
  "cy" : 382.60916137695312,
  "fy" : 713.9271240234375,
  "t_22" : 0.055893752723932266,
  "t_11" : -0.019618069753050804,
  "t_00" : 0.82463580369949341,
  "t_20" : 0.11937703937292099,
  "angular_velocity" : 3.4028234663852886e+38,
  "t_03" : 0.6605076789855957,
  "center_depth" : 1.6153161525726318,
  "t_23" : 3.6323490142822266,
  "t_12" : 0.83300065994262695,
  "t_01" : 0.1303461492061615,
  "timestamp" : 6654432322,
  "blur_score" : 428.216796875,
  "t_21" : -0.99127447605133057,
  "t_10" : -0.55292403697967529,
  "width" : 1024,
  "height" : 768,
  "manual_keyframe" : true,
  "cx" : 514.92840576171875,
  "fx" : 713.9271240234375
}