{
  "t_02" : 0.54938817024230957,
  "t_13" : -0.45025485754013062,
  "cy" : 382.61187744140625,
  "fy" : 713.9683837890625,
  "t_22" : -0.069606229662895203,
  "t_11" : -0.014745335094630718,
  "t_00" : 0.82911324501037598,
  "t_20" : -0.078207232058048248,
  "angular_velocity" : 3.4028234663852886e+38,
  "t_03" : 0.84679543972015381,
  "center_depth" : 1.6049047708511353,
  "t_23" : 3.5908701419830322,
  "t_12" : 0.83266299962997437,
  "t_01" : -0.10365313291549683,
  "timestamp" : 6654065626,
  "blur_score" : 379.18484497070312,
  "t_21" : -0.99450421333312988,
  "t_10" : -0.55358368158340454,
  "width" : 1024,
  "height" : 768,
  "manual_keyframe" : true,
  "cx" : 514.78509521484375,
  "fx" : 713.9683837890625
}