{
  "t_02" : 0.50923174619674683,
  "t_13" : -0.41649717092514038,
  "cy" : 382.5904541015625,
  "fy" : 713.94140625,
  "t_22" : 0.2341095358133316,
  "t_11" : -0.0016539241187274456,
  "t_00" : 0.75123113393783569,
  "t_20" : 0.34861189126968384,
  "angular_velocity" : 3.4028234663852886e+38,
  "t_03" : 0.40784072875976562,
  "t_23" : 3.6598098278045654,
  "t_12" : 0.82817608118057251,
  "t_01" : 0.41992241144180298,
  "timestamp" : 6654965696,
  "blur_score" : 414.24356079101562,
  "t_21" : -0.90755850076675415,
  "t_10" : -0.56046545505523682,
  "width" : 1024,
  "height" : 768,
  "manual_keyframe" : true,
  "cx" : 514.8563232421875,
  "fx" : 713.94140625
}