{
  "t_02" : 0.38908350467681885,
  "t_13" : -0.41523885726928711,
  "cy" : 382.71408081054688,
  "fy" : 713.938232421875,
  "t_22" : 0.42309105396270752,
  "t_11" : 0.019188249483704567,
  "t_00" : 0.57817220687866211,
  "t_20" : 0.57939040660858154,
  "angular_velocity" : 3.4028234663852886e+38,
  "t_03" : -0.14378614723682404,
  "t_23" : 3.2784333229064941,
  "t_12" : 0.81829577684402466,
  "t_01" : 0.71716874837875366,
  "timestamp" : 6655965774,
  "blur_score" : 364.3731689453125,
  "t_21" : -0.69663524627685547,
  "t_10" : -0.57447701692581177,
  "width" : 1024,
  "height" : 768,
  "manual_keyframe" : true,
  "cx" : 514.96514892578125,
  "fx" : 713.938232421875
}