{
  "t_02" : 0.44686204195022583,
  "t_13" : -0.4037746787071228,
  "cy" : 382.80752563476562,
  "fy" : 713.9271240234375,
  "t_22" : 0.36827930808067322,
  "t_11" : 0.014426582492887974,
  "t_00" : 0.64480012655258179,
  "t_20" : 0.49912488460540771,
  "angular_velocity" : 3.4028234663852886e+38,
  "t_03" : 0.090831838548183441,
  "center_depth" : 1.7023539543151855,
  "t_23" : 3.4759194850921631,
  "t_12" : 0.81528186798095703,
  "t_01" : 0.62011867761611938,
  "timestamp" : 6655532407,
  "blur_score" : 389.02505493164062,
  "t_21" : -0.78437536954879761,
  "t_10" : -0.57888448238372803,
  "width" : 1024,
  "height" : 768,
  "manual_keyframe" : true,
  "cx" : 515.0743408203125,
  "fx" : 713.9271240234375
}