{
  "t_02" : 0.28367328643798828,
  "t_13" : -0.43826532363891602,
  "cy" : 382.74920654296875,
  "fy" : 713.950927734375,
  "t_22" : 0.46438729763031006,
  "t_11" : -0.012700460851192474,
  "t_00" : 0.41731229424476624,
  "t_20" : 0.72793245315551758,
  "angular_velocity" : 3.4028234663852886e+38,
  "t_03" : -0.35653284192085266,
  "t_23" : 3.0109717845916748,
  "t_12" : 0.83897185325622559,
  "t_01" : 0.86335384845733643,
  "timestamp" : 6656432476,
  "blur_score" : 320.02801513671875,
  "t_21" : -0.50443905591964722,
  "t_10" : -0.54402643442153931,
  "width" : 1024,
  "height" : 768,
  "manual_keyframe" : true,
  "cx" : 514.9259033203125,
  "fx" : 713.950927734375
}