{
  "t_02" : 0.21367509663105011,
  "t_13" : -0.44627463817596436,
  "cy" : 382.64035034179688,
  "fy" : 713.9366455078125,
  "t_22" : 0.46412202715873718,
  "t_11" : -0.054239224642515182,
  "t_00" : 0.261027991771698,
  "t_20" : 0.82081669569015503,
  "angular_velocity" : 3.4028234663852886e+38,
  "t_03" : -0.52031522989273071,
  "t_23" : 2.7665760517120361,
  "t_12" : 0.85961252450942993,
  "t_01" : 0.94138586521148682,
  "timestamp" : 6656799171,
  "blur_score" : 301.41934204101562,
  "t_21" : -0.33294260501861572,
  "t_10" : -0.50805944204330444,
  "width" : 1024,
  "height" : 768,
  "manual_keyframe" : true,
  "cx" : 514.9063720703125,
  "fx" : 713.9366455078125
}