{
  "t_02" : 0.14551727473735809,
  "t_13" : -0.46999773383140564,
  "cy" : 382.33102416992188,
  "fy" : 714.2606201171875,
  "t_22" : 0.4450359046459198,
  "t_11" : -0.064208351075649261,
  "t_00" : 0.14167873561382294,
  "t_20" : 0.87453854084014893,
  "angular_velocity" : 3.4028234663852886e+38,
  "t_03" : -0.71985787153244019,
  "t_23" : 2.5376057624816895,
  "t_12" : 0.88361066579818726,
  "t_01" : 0.97915875911712646,
  "timestamp" : 6657232538,
  "blur_score" : 297.92938232421875,
  "t_21" : -0.19267959892749786,
  "t_10" : -0.46379902958869934,
  "width" : 1024,
  "height" : 768,
  "manual_keyframe" : true,
  "cx" : 514.57659912109375,
  "fx" : 714.2606201171875
}