{
  "t_02" : 0.086194261908531189,
  "t_13" : -0.47315967082977295,
  "cy" : 382.47662353515625,
  "fy" : 714.598876953125,
  "t_22" : 0.40899965167045593,
  "t_11" : -0.10239224135875702,
  "t_00" : -0.058073446154594421,
  "t_20" : 0.91236042976379395,
  "angular_velocity" : 3.4028234663852886e+38,
  "t_03" : -0.84727990627288818,
  "t_23" : 2.2690069675445557,
  "t_12" : 0.90845465660095215,
  "t_01" : 0.99458432197570801,
  "timestamp" : 6657732576,
  "blur_score" : 218.52500915527344,
  "t_21" : 0.017827030271291733,
  "t_10" : -0.40524807572364807,
  "width" : 1024,
  "height" : 768,
  "manual_keyframe" : true,
  "cx" : 514.48638916015625,
  "fx" : 714.598876953125
}