{
  "t_02" : -0.0052190301939845085,
  "t_13" : -0.44684672355651855,
  "cy" : 382.08203125,
  "fy" : 714.74346923828125,
  "t_22" : 0.41224631667137146,
  "t_11" : -0.12741394340991974,
  "t_00" : -0.3199913501739502,
  "t_20" : 0.86247652769088745,
  "angular_velocity" : 3.4028234663852886e+38,
  "t_03" : -0.96099227666854858,
  "t_23" : 1.7795799970626831,
  "t_12" : 0.91105747222900391,
  "t_01" : 0.9474061131477356,
  "timestamp" : 6658565972,
  "blur_score" : 124.37139892578125,
  "t_21" : 0.29357689619064331,
  "t_10" : -0.39209684729576111,
  "width" : 1024,
  "height" : 768,
  "manual_keyframe" : true,
  "cx" : 514.0921630859375,
  "fx" : 714.74346923828125
}