{
  "t_02" : 0.046318788081407547,
  "t_13" : -0.47006076574325562,
  "cy" : 382.3514404296875,
  "fy" : 714.5687255859375,
  "t_22" : 0.4003581702709198,
  "t_11" : -0.12569373846054077,
  "t_00" : -0.20987296104431152,
  "t_20" : 0.89962232112884521,
  "angular_velocity" : 3.4028234663852886e+38,
  "t_03" : -0.89847862720489502,
  "t_23" : 2.0172481536865234,
  "t_12" : 0.91518735885620117,
  "t_01" : 0.97663092613220215,
  "timestamp" : 6658132606,
  "blur_score" : 155.58871459960938,
  "t_21" : 0.17433634400367737,
  "t_10" : -0.38292708992958069,
  "width" : 1024,
  "height" : 768,
  "manual_keyframe" : true,
  "cx" : 514.38299560546875,
  "fx" : 714.5687255859375
}