{
  "t_02" : -0.28329497575759888,
  "t_13" : -0.32753968238830566,
  "cy" : 382.48074340820312,
  "fy" : 713.20611572265625,
  "t_22" : 0.65565121173858643,
  "t_11" : 0.0061832675710320473,
  "t_00" : -0.26965236663818359,
  "t_20" : 0.64590334892272949,
  "angular_velocity" : 3.4028234663852886e+38,
  "t_03" : -0.90752720832824707,
  "t_23" : 1.0503243207931519,
  "t_12" : 0.69990378618240356,
  "t_01" : 0.92034322023391724,
  "timestamp" : 6659999416,
  "blur_score" : 243.90069580078125,
  "t_21" : 0.39106291532516479,
  "t_10" : -0.71421033143997192,
  "width" : 1024,
  "height" : 768,
  "manual_keyframe" : true,
  "cx" : 515.16766357421875,
  "fx" : 713.20611572265625
}