{
  "t_02" : -0.11474103480577469,
  "t_13" : -0.42113518714904785,
  "cy" : 382.1302490234375,
  "fy" : 714.560791015625,
  "t_22" : 0.46138894557952881,
  "t_11" : -0.063311971724033356,
  "t_00" : -0.33965149521827698,
  "t_20" : 0.8140023946762085,
  "angular_velocity" : 3.4028234663852886e+38,
  "t_03" : -1.0086334943771362,
  "t_23" : 1.5439862012863159,
  "t_12" : 0.87974679470062256,
  "t_01" : 0.93352615833282471,
  "timestamp" : 6659066011,
  "blur_score" : 123.29508209228516,
  "t_21" : 0.35287421941757202,
  "t_10" : -0.4712078869342804,
  "width" : 1024,
  "height" : 768,
  "manual_keyframe" : true,
  "cx" : 514.15576171875,
  "fx" : 714.560791015625
}