{
  "t_02" : -0.20883183181285858,
  "t_13" : -0.35867911577224731,
  "cy" : 382.426025390625,
  "fy" : 714.205078125,
  "t_22" : 0.58156478404998779,
  "t_11" : -0.017308589071035385,
  "t_00" : -0.29197421669960022,
  "t_20" : 0.7302207350730896,
  "angular_velocity" : 3.4028234663852886e+38,
  "t_03" : -0.96910852193832397,
  "center_depth" : 1.8143684864044189,
  "t_23" : 1.3766193389892578,
  "t_12" : 0.7862389087677002,
  "t_01" : 0.93334901332855225,
  "timestamp" : 6659399370,
  "blur_score" : 117.63807678222656,
  "t_21" : 0.3585527241230011,
  "t_10" : -0.61768007278442383,
  "width" : 1024,
  "height" : 768,
  "manual_keyframe" : true,
  "cx" : 514.56280517578125,
  "fx" : 714.205078125
}