{
  "t_02" : -0.27783358097076416,
  "t_13" : -0.32596153020858765,
  "cy" : 382.5762939453125,
  "fy" : 712.9805908203125,
  "t_22" : 0.65259969234466553,
  "t_11" : -0.013743959367275238,
  "t_00" : -0.29390549659729004,
  "t_20" : 0.64088255167007446,
  "angular_velocity" : 3.4028234663852886e+38,
  "t_03" : -0.63714641332626343,
  "center_depth" : 2.0863819122314453,
  "t_23" : 0.56568419933319092,
  "t_12" : 0.70492684841156006,
  "t_01" : 0.91456443071365356,
  "timestamp" : 6660899485,
  "blur_score" : 218.554443359375,
  "t_21" : 0.40420672297477722,
  "t_10" : -0.70914673805236816,
  "width" : 1024,
  "height" : 768,
  "manual_keyframe" : true,
  "cx" : 515.57696533203125,
  "fx" : 712.9805908203125
}