{
  "t_02" : -0.28189945220947266,
  "t_13" : -0.32255670428276062,
  "cy" : 382.668701171875,
  "fy" : 712.99639892578125,
  "t_22" : 0.64924436807632446,
  "t_11" : -0.0094467280432581902,
  "t_00" : -0.29356157779693604,
  "t_20" : 0.64259254932403564,
  "angular_velocity" : 3.4028234663852886e+38,
  "t_03" : -0.69326221942901611,
  "center_depth" : 2.0854876041412354,
  "t_23" : 0.67314493656158447,
  "t_12" : 0.70640939474105835,
  "t_01" : 0.913429856300354,
  "timestamp" : 6660699470,
  "blur_score" : 256.42730712890625,
  "t_21" : 0.40688621997833252,
  "t_10" : -0.70774030685424805,
  "width" : 1024,
  "height" : 768,
  "manual_keyframe" : true,
  "cx" : 515.63934326171875,
  "fx" : 712.99639892578125
}