{
  "t_02" : -0.2849230170249939,
  "t_13" : -0.33013421297073364,
  "cy" : 382.72177124023438,
  "fy" : 713.0345458984375,
  "t_22" : 0.64733940362930298,
  "t_11" : -0.004094309639185667,
  "t_00" : -0.29008594155311584,
  "t_20" : 0.6446995735168457,
  "angular_velocity" : 3.4028234663852886e+38,
  "t_03" : -0.77323883771896362,
  "t_23" : 0.79416376352310181,
  "t_12" : 0.70694452524185181,
  "t_01" : 0.91360223293304443,
  "timestamp" : 6660466118,
  "blur_score" : 258.69921875,
  "t_21" : 0.40658852458000183,
  "t_10" : -0.70725715160369873,
  "width" : 1024,
  "height" : 768,
  "manual_keyframe" : true,
  "cx" : 515.58148193359375,
  "fx" : 713.0345458984375
}