{
  "t_02" : -0.25329619646072388,
  "t_13" : -0.33974283933639526,
  "cy" : 382.35494995117188,
  "fy" : 713.00274658203125,
  "t_22" : 0.63596838712692261,
  "t_11" : -0.027958407998085022,
  "t_00" : -0.30744558572769165,
  "t_20" : 0.66154664754867554,
  "angular_velocity" : 3.4028234663852886e+38,
  "t_03" : -0.5226205587387085,
  "center_depth" : 1.997498631477356,
  "t_23" : 0.21268638968467712,
  "t_12" : 0.72896158695220947,
  "t_01" : 0.91723400354385376,
  "timestamp" : 6661432860,
  "blur_score" : 261.15878295898438,
  "t_21" : 0.39736643433570862,
  "t_10" : -0.68398332595825195,
  "width" : 1024,
  "height" : 768,
  "manual_keyframe" : true,
  "cx" : 515.5439453125,
  "fx" : 713.00274658203125
}