{
  "t_02" : -0.22015886008739471,
  "t_13" : -0.39146900177001953,
  "cy" : 382.50741577148438,
  "fy" : 713.3426513671875,
  "t_22" : 0.60568201541900635,
  "t_11" : -0.041201241314411163,
  "t_00" : -0.32076945900917053,
  "t_20" : 0.69532990455627441,
  "angular_velocity" : 3.4028234663852886e+38,
  "t_03" : -0.40686038136482239,
  "t_23" : -0.038779545575380325,
  "t_12" : 0.76464313268661499,
  "t_01" : 0.92121487855911255,
  "timestamp" : 6661799555,
  "blur_score" : 248.57688903808594,
  "t_21" : 0.38686615228652954,
  "t_10" : -0.64313536882400513,
  "width" : 1024,
  "height" : 768,
  "manual_keyframe" : true,
  "cx" : 515.42498779296875,
  "fx" : 713.3426513671875
}