{
  "t_02" : -0.35924419760704041,
  "t_13" : -0.2195398211479187,
  "cy" : 382.3192138671875,
  "fy" : 714.53375244140625,
  "t_22" : 0.72348332405090332,
  "t_11" : -0.018824778497219086,
  "t_00" : -0.28297719359397888,
  "t_20" : 0.51748788356781006,
  "angular_velocity" : 3.4028234663852886e+38,
  "t_03" : -0.21574284136295319,
  "t_23" : -0.52509307861328125,
  "t_12" : 0.58950436115264893,
  "t_01" : 0.88930726051330566,
  "timestamp" : 6662932976,
  "blur_score" : 56.969058990478516,
  "t_21" : 0.45692238211631775,
  "t_10" : -0.80754578113555908,
  "width" : 1024,
  "height" : 768,
  "manual_keyframe" : true,
  "cx" : 514.83123779296875,
  "fx" : 714.53375244140625
}