{
  "t_02" : -0.16077831387519836,
  "t_13" : -0.40755981206893921,
  "cy" : 382.49618530273438,
  "fy" : 713.328369140625,
  "t_22" : 0.5536310076713562,
  "t_11" : -0.059404768049716949,
  "t_00" : -0.32561713457107544,
  "t_20" : 0.75176161527633667,
  "angular_velocity" : 3.4028234663852886e+38,
  "t_03" : -0.33678218722343445,
  "center_depth" : 1.6961630582809448,
  "t_23" : -0.18073715269565582,
  "t_12" : 0.81709432601928711,
  "t_01" : 0.93173158168792725,
  "timestamp" : 6662032907,
  "blur_score" : 278.54623413085938,
  "t_21" : 0.35825583338737488,
  "t_10" : -0.57343518733978271,
  "width" : 1024,
  "height" : 768,
  "manual_keyframe" : true,
  "cx" : 515.3638916015625,
  "fx" : 713.328369140625
}