{
  "t_02" : -0.16479583084583282,
  "t_13" : -0.33783125877380371,
  "cy" : 382.21939086914062,
  "fy" : 713.9541015625,
  "t_22" : 0.5515751838684082,
  "t_11" : -0.054407015442848206,
  "t_00" : -0.3235858678817749,
  "t_20" : 0.75290077924728394,
  "angular_velocity" : 3.4028234663852886e+38,
  "t_03" : -0.25651746988296509,
  "t_23" : -0.44870206713676453,
  "t_12" : 0.81768399477005005,
  "t_01" : 0.93173742294311523,
  "timestamp" : 6662599617,
  "blur_score" : 91.001632690429688,
  "t_21" : 0.35903385281562805,
  "t_10" : -0.57309049367904663,
  "width" : 1024,
  "height" : 768,
  "manual_keyframe" : true,
  "cx" : 514.9136962890625,
  "fx" : 713.9541015625
}