{
  "t_02" : -0.63323009014129639,
  "t_13" : -0.043707121163606644,
  "cy" : 382.498291015625,
  "fy" : 713.6094970703125,
  "t_22" : 0.77106422185897827,
  "t_11" : 0.081740193068981171,
  "t_00" : 0.10564350336790085,
  "t_20" : 0.00044577140943147242,
  "angular_velocity" : 3.4028234663852886e+38,
  "t_03" : -0.14610351622104645,
  "t_23" : -0.62776106595993042,
  "t_12" : -0.066927455365657806,
  "t_01" : 0.7667195200920105,
  "timestamp" : 6663533023,
  "blur_score" : 88.6607666015625,
  "t_21" : 0.63675695657730103,
  "t_10" : -0.9944038987159729,
  "width" : 1024,
  "height" : 768,
  "manual_keyframe" : true,
  "cx" : 516.208251953125,
  "fx" : 713.6094970703125
}