{
  "t_02" : -0.52420210838317871,
  "t_13" : 0.031134750694036484,
  "cy" : 382.59869384765625,
  "fy" : 713.31719970703125,
  "t_22" : 0.74422562122344971,
  "t_11" : 0.074990168213844299,
  "t_00" : 0.3049028217792511,
  "t_20" : -0.28982394933700562,
  "angular_velocity" : 3.4028234663852886e+38,
  "t_03" : -0.16780714690685272,
  "t_23" : -0.73296022415161133,
  "t_12" : -0.41393247246742249,
  "t_01" : 0.7951391339302063,
  "timestamp" : 6663999726,
  "blur_score" : 75.410964965820312,
  "t_21" : 0.6017724871635437,
  "t_10" : -0.90721338987350464,
  "width" : 1024,
  "height" : 768,
  "manual_keyframe" : true,
  "cx" : 516.6695556640625,
  "fx" : 713.31719970703125
}