{
  "t_02" : -0.59180402755737305,
  "t_13" : -0.11201760172843933,
  "cy" : 382.49960327148438,
  "fy" : 714.07958984375,
  "t_22" : 0.77188140153884888,
  "t_11" : 0.044179249554872513,
  "t_00" : -0.10515547543764114,
  "t_20" : 0.2118045836687088,
  "angular_velocity" : 3.4028234663852886e+38,
  "t_03" : -0.15691173076629639,
  "t_23" : -0.58519637584686279,
  "t_12" : 0.23230807483196259,
  "t_01" : 0.79919350147247314,
  "timestamp" : 6663266335,
  "blur_score" : 85.00372314453125,
  "t_21" : 0.59944796562194824,
  "t_10" : -0.97163832187652588,
  "width" : 1024,
  "height" : 768,
  "manual_keyframe" : true,
  "cx" : 515.46209716796875,
  "fx" : 714.07958984375
}