{
  "t_02" : -0.21844607591629028,
  "t_13" : 0.11206996440887451,
  "cy" : 382.49441528320312,
  "fy" : 715.1151123046875,
  "t_22" : 0.67014366388320923,
  "t_11" : 0.026961939409375191,
  "t_00" : 0.25605148077011108,
  "t_20" : -0.66208261251449585,
  "angular_velocity" : 3.4028234663852886e+38,
  "t_03" : -0.21285277605056763,
  "t_23" : -0.69494044780731201,
  "t_12" : -0.70935797691345215,
  "t_01" : 0.94165760278701782,
  "timestamp" : 6664966467,
  "blur_score" : 27.801725387573242,
  "t_21" : 0.33549082279205322,
  "t_10" : -0.70433247089385986,
  "width" : 1024,
  "height" : 768,
  "manual_keyframe" : true,
  "cx" : 515.81939697265625,
  "fx" : 715.1151123046875
}