{
  "t_02" : -0.1155276894569397,
  "t_13" : 0.12907209992408752,
  "cy" : 382.56463623046875,
  "fy" : 715.29302978515625,
  "t_22" : 0.67104548215866089,
  "t_11" : 0.018874630331993103,
  "t_00" : 0.15152543783187866,
  "t_20" : -0.71676170825958252,
  "angular_velocity" : 3.4028234663852886e+38,
  "t_03" : -0.1949421763420105,
  "center_depth" : 1.5126984119415283,
  "t_23" : -0.62170690298080444,
  "t_12" : -0.73235994577407837,
  "t_01" : 0.98167884349822998,
  "timestamp" : 6665599850,
  "blur_score" : 42.269817352294922,
  "t_21" : 0.18960577249526978,
  "t_10" : -0.68065589666366577,
  "width" : 1024,
  "height" : 768,
  "manual_keyframe" : true,
  "cx" : 515.413330078125,
  "fx" : 715.29302978515625
}