{
  "t_02" : -0.56627535820007324,
  "t_13" : 0.15523026883602142,
  "cy" : 382.31317138671875,
  "fy" : 715.70269775390625,
  "t_22" : 0.13113339245319366,
  "t_11" : 0.044816896319389343,
  "t_00" : 0.80777436494827271,
  "t_20" : -0.10791441798210144,
  "angular_velocity" : 3.4028234663852886e+38,
  "t_03" : -0.30887025594711304,
  "t_23" : -0.5488237738609314,
  "t_12" : -0.81371748447418213,
  "t_01" : 0.16380761563777924,
  "timestamp" : 6666933287,
  "blur_score" : 17.222927093505859,
  "t_21" : 0.98547375202178955,
  "t_10" : -0.57953011989593506,
  "width" : 1024,
  "height" : 768,
  "manual_keyframe" : true,
  "cx" : 514.99786376953125,
  "fx" : 715.70269775390625
}