{
  "t_02" : -0.35858002305030823,
  "t_13" : 0.14043982326984406,
  "cy" : 382.3897705078125,
  "fy" : 715.0802001953125,
  "t_22" : 0.51202148199081421,
  "t_11" : 0.0039418977685272694,
  "t_00" : 0.45290929079055786,
  "t_20" : -0.63572251796722412,
  "angular_velocity" : 3.4028234663852886e+38,
  "t_03" : -0.21519370377063751,
  "center_depth" : 1.4110419750213623,
  "t_23" : -0.52595925331115723,
  "t_12" : -0.78054749965667725,
  "t_01" : 0.81626796722412109,
  "timestamp" : 6666266568,
  "blur_score" : 7.5333600044250488,
  "t_21" : 0.5776599645614624,
  "t_10" : -0.6250840425491333,
  "width" : 1024,
  "height" : 768,
  "manual_keyframe" : true,
  "cx" : 515.3363037109375,
  "fx" : 715.0802001953125
}