{
  "t_02" : -0.50184339284896851,
  "t_13" : 0.14394703507423401,
  "cy" : 382.26113891601562,
  "fy" : 715.50897216796875,
  "t_22" : 0.33934935927391052,
  "t_11" : 0.019271496683359146,
  "t_00" : 0.67655742168426514,
  "t_20" : -0.41909044981002808,
  "angular_velocity" : 3.4028234663852886e+38,
  "t_03" : -0.25696143507957458,
  "t_23" : -0.52410519123077393,
  "t_12" : -0.79561001062393188,
  "t_01" : 0.5389094352722168,
  "timestamp" : 6666566592,
  "blur_score" : 10.789803504943848,
  "t_21" : 0.84214335680007935,
  "t_10" : -0.60550254583358765,
  "width" : 1024,
  "height" : 768,
  "manual_keyframe" : true,
  "cx" : 515.16998291015625,
  "fx" : 715.50897216796875
}