{
  "t_02" : -0.36456352472305298,
  "t_13" : 0.16043674945831299,
  "cy" : 382.58236694335938,
  "fy" : 716.031494140625,
  "t_22" : -0.34294897317886353,
  "t_11" : 0.070846296846866608,
  "t_00" : 0.52723383903503418,
  "t_20" : 0.69030648469924927,
  "angular_velocity" : 3.4028234663852886e+38,
  "t_03" : -0.34149551391601562,
  "t_23" : -0.51410156488418579,
  "t_12" : -0.86572474241256714,
  "t_01" : -0.76754021644592285,
  "timestamp" : 6667933365,
  "blur_score" : 18.42970085144043,
  "t_21" : 0.63707369565963745,
  "t_10" : -0.49548095464706421,
  "width" : 1024,
  "height" : 768,
  "manual_keyframe" : true,
  "cx" : 514.642333984375,
  "fx" : 716.031494140625
}