{
  "t_02" : -0.51365119218826294,
  "t_13" : 0.15526385605335236,
  "cy" : 382.62567138671875,
  "fy" : 715.43115234375,
  "t_22" : -0.13392111659049988,
  "t_11" : 0.080654740333557129,
  "t_00" : 0.77221322059631348,
  "t_20" : 0.35835674405097961,
  "angular_velocity" : 3.4028234663852886e+38,
  "t_03" : -0.34627732634544373,
  "t_23" : -0.5280536413192749,
  "t_12" : -0.84748303890228271,
  "t_01" : -0.37396422028541565,
  "timestamp" : 6667433326,
  "blur_score" : 22.311105728149414,
  "t_21" : 0.92392945289611816,
  "t_10" : -0.52465915679931641,
  "width" : 1024,
  "height" : 768,
  "manual_keyframe" : true,
  "cx" : 514.86859130859375,
  "fx" : 715.43115234375
}