{
  "t_02" : -0.17898367345333099,
  "t_13" : 0.17194098234176636,
  "cy" : 382.4912109375,
  "fy" : 716.03460693359375,
  "t_22" : -0.55226385593414307,
  "t_11" : 0.05213421955704689,
  "t_00" : 0.16458769142627716,
  "t_20" : 0.79912346601486206,
  "angular_velocity" : 3.4028234663852886e+38,
  "t_03" : -0.28161129355430603,
  "center_depth" : 1.3257260322570801,
  "t_23" : -0.50926482677459717,
  "t_12" : -0.81422936916351318,
  "t_01" : -0.96998745203018188,
  "timestamp" : 6668300060,
  "blur_score" : 19.587282180786133,
  "t_21" : 0.23750007152557373,
  "t_10" : -0.5781976580619812,
  "width" : 1024,
  "height" : 768,
  "manual_keyframe" : true,
  "cx" : 514.51824951171875,
  "fx" : 716.03460693359375
}