{
  "t_02" : 0.13543890416622162,
  "t_13" : 0.043558895587921143,
  "cy" : 382.61099243164062,
  "fy" : 713.59991455078125,
  "t_22" : -0.8515351414680481,
  "t_11" : 0.05538606271147728,
  "t_00" : -0.1428338885307312,
  "t_20" : 0.48909136652946472,
  "angular_velocity" : 3.4028234663852886e+38,
  "t_03" : -0.35770460963249207,
  "t_23" : -0.33498772978782654,
  "t_12" : -0.50650191307067871,
  "t_01" : -0.98043608665466309,
  "timestamp" : 6669633498,
  "blur_score" : 23.340597152709961,
  "t_21" : -0.1888851523399353,
  "t_10" : -0.8604581356048584,
  "width" : 1024,
  "height" : 768,
  "manual_keyframe" : true,
  "cx" : 515.69110107421875,
  "fx" : 713.59991455078125
}