{
  "t_02" : -0.45280188322067261,
  "t_13" : -0.067862123250961304,
  "cy" : 382.4642333984375,
  "fy" : 711.5113525390625,
  "t_22" : -0.88908296823501587,
  "t_11" : -0.021013528108596802,
  "t_00" : 0.049210745841264725,
  "t_20" : 0.050218213349580765,
  "angular_velocity" : 3.4028234663852886e+38,
  "t_03" : -0.16361591219902039,
  "center_depth" : 4.7950797080993652,
  "t_23" : -0.20248797535896301,
  "t_12" : -0.067096926271915436,
  "t_01" : -0.89025211334228516,
  "timestamp" : 6670833591,
  "blur_score" : 124.87965393066406,
  "t_21" : 0.4549831748008728,
  "t_10" : -0.99752515554428101,
  "width" : 1024,
  "height" : 768,
  "manual_keyframe" : true,
  "cx" : 516.79248046875,
  "fx" : 711.5113525390625
}