{
  "t_02" : -0.17522673308849335,
  "t_13" : -0.0391274094581604,
  "cy" : 382.46807861328125,
  "fy" : 711.8306884765625,
  "t_22" : -0.96879345178604126,
  "t_11" : 0.021430574357509613,
  "t_00" : 0.0097753070294857025,
  "t_20" : 0.17634770274162292,
  "angular_velocity" : 3.4028234663852886e+38,
  "t_03" : -0.2747134268283844,
  "center_depth" : 5.3909468650817871,
  "t_23" : -0.20443955063819885,
  "t_12" : -0.17531342804431915,
  "t_01" : -0.98447960615158081,
  "timestamp" : 6670433560,
  "blur_score" : 67.582443237304688,
  "t_21" : 0.17418579757213593,
  "t_10" : -0.98427939414978027,
  "width" : 1024,
  "height" : 768,
  "manual_keyframe" : true,
  "cx" : 516.5301513671875,
  "fx" : 711.8306884765625
}