{
  "t_02" : -0.69181007146835327,
  "t_13" : -0.089912757277488708,
  "cy" : 382.46725463867188,
  "fy" : 710.895263671875,
  "t_22" : -0.72200053930282593,
  "t_11" : -0.01827157661318779,
  "t_00" : 0.02058190293610096,
  "t_20" : -0.0049311686307191849,
  "angular_velocity" : 3.4028234663852886e+38,
  "t_03" : -0.056070763617753983,
  "center_depth" : 7.6608014106750488,
  "t_23" : -0.24906028807163239,
  "t_12" : -0.010680852457880974,
  "t_01" : -0.72178614139556885,
  "timestamp" : 6671366966,
  "blur_score" : 194.797607421875,
  "t_21" : 0.69187486171722412,
  "t_10" : -0.99977600574493408,
  "width" : 1024,
  "height" : 768,
  "manual_keyframe" : true,
  "cx" : 516.88494873046875,
  "fx" : 710.895263671875
}