{
  "t_02" : -0.86318337917327881,
  "t_13" : -0.10187194496393204,
  "cy" : 382.45993041992188,
  "fy" : 711.22235107421875,
  "t_22" : -0.50489044189453125,
  "t_11" : -0.05425746738910675,
  "t_00" : 0.027557952329516411,
  "t_20" : -0.04673830047249794,
  "angular_velocity" : 3.4028234663852886e+38,
  "t_03" : -0.010380551218986511,
  "center_depth" : 7.7579107284545898,
  "t_23" : -0.3176557719707489,
  "t_12" : -0.00019012560369446874,
  "t_01" : -0.50413787364959717,
  "timestamp" : 6672200365,
  "blur_score" : 297.20111083984375,
  "t_21" : 0.86191707849502563,
  "t_10" : -0.998526930809021,
  "width" : 1024,
  "height" : 768,
  "manual_keyframe" : true,
  "cx" : 516.85125732421875,
  "fx" : 711.22235107421875
}